block_id,ocr_start_sec,ocr_end_sec,ocr_start_time,ocr_end_time,ocr_duration_sec,ocr_duration_min,window_id,speech_start_sec,speech_end_sec,speech_start_time,speech_end_time,speech_duration_sec,overlap_sec,overlap_ratio_of_ocr_block,overlap_ratio_of_speech_window,ocr_theme,ocr_themes_present,ocr_text,speech_theme,speech_themes_present,speech_candidates_present,speech_parties_present,speech_text,speech_source_segments,speech_transition_reason
5,60.0,63.0,01:00,01:03,3.0,0.05,1,60.0,90.0,01:00,01:30,30.0,3.0,1.0,0.1,Other/Unknown,,a televisão feita por si | 19 55,Saúde,"Saúde, Internacional",,,"Boanã que se marceu, o redor de Osoza está a fora de prigo e a recuperar, mas cancelou as visitas da Espanha e ao Vaticano, agendadas para a próxima semana. O presidente da República foi submetido a uma cirurgia de emergência e uma erna encorrelada que teta a após ter sentido fortes dorsabdominais que levaram às urgências do",1,
6,63.0,75.0,01:03,01:15,12.0,0.2,1,60.0,90.0,01:00,01:30,30.0,12.0,1.0,0.4,Other/Unknown,,19 55,Saúde,"Saúde, Internacional",,,"Boanã que se marceu, o redor de Osoza está a fora de prigo e a recuperar, mas cancelou as visitas da Espanha e ao Vaticano, agendadas para a próxima semana. O presidente da República foi submetido a uma cirurgia de emergência e uma erna encorrelada que teta a após ter sentido fortes dorsabdominais que levaram às urgências do",1,
7,75.0,120.0,01:15,02:00,45.0,0.75,1,60.0,90.0,01:00,01:30,30.0,15.0,0.3333333333333333,0.5,Other/Unknown,Saúde,tvi 19 55 | 1001 | a description of the party of the party of the party of the party of the party of the party of the party of the party of the party of the party of the party of the party of the party of the party of the party of the party | 19 55 | the the property of the party of the party of the party of the party of the party of the party of the party of the party of the party of the party of the party of the party of the party of the party of the party of the par | a hérnia rara de marcelo,Saúde,"Saúde, Internacional",,,"Boanã que se marceu, o redor de Osoza está a fora de prigo e a recuperar, mas cancelou as visitas da Espanha e ao Vaticano, agendadas para a próxima semana. O presidente da República foi submetido a uma cirurgia de emergência e uma erna encorrelada que teta a após ter sentido fortes dorsabdominais que levaram às urgências do",1,
7,75.0,120.0,01:15,02:00,45.0,0.75,2,90.0,120.0,01:30,02:00,30.0,30.0,0.6666666666666666,1.0,Other/Unknown,Saúde,tvi 19 55 | 1001 | a description of the party of the party of the party of the party of the party of the party of the party of the party of the party of the party of the party of the party of the party of the party of the party of the party | 19 55 | the the property of the party of the party of the party of the party of the party of the party of the party of the party of the party of the party of the party of the party of the party of the party of the party of the par | a hérnia rara de marcelo,Saúde,Saúde,,,"hospital de São João no Porto. Durante 3 horas, o país teve um suspense sem saber se haveria necessidade de substituir o presidente da República pela Segunda figura do Estado.",1,
8,120.0,126.0,02:00,02:06,6.0,0.1,3,120.0,150.0,02:00,02:30,30.0,6.0,1.0,0.2,Other/Unknown,,portugal | presidente está fora de perigo e a recuperar | a hérnia rara de marcelo | tvi 19 56 | rad | 19 56 | tvi,Saúde,Saúde,,,"e está bem. O risco de infecção é baixo, mas é preciso acima de tudo, cautela. Esta cirurgia foi feita de uma forma muito atempada, ou sem satéis de vir, para curar a cuidar de saúde de uma forma muito oportuna. E, portanto, com o Robán. Estamos a falar já num quadro a outro em que se encontrava o presidente. Sim, mas se tivesse decorrido algumas horas, podia não ser",2,
9,126.0,168.0,02:06,02:48,42.0,0.7,3,120.0,150.0,02:00,02:30,30.0,24.0,0.5714285714285714,0.8,Internacional,Internacional,presidente cancela visitas a espanha e ao vatican | 19 56 | a hérnia rara de marcelo | tvi | raf | presidente cancela visitas a espanha e ao vaticano | tvi 19 56 | radio observado,Saúde,Saúde,,,"e está bem. O risco de infecção é baixo, mas é preciso acima de tudo, cautela. Esta cirurgia foi feita de uma forma muito atempada, ou sem satéis de vir, para curar a cuidar de saúde de uma forma muito oportuna. E, portanto, com o Robán. Estamos a falar já num quadro a outro em que se encontrava o presidente. Sim, mas se tivesse decorrido algumas horas, podia não ser",2,
9,126.0,168.0,02:06,02:48,42.0,0.7,4,150.0,180.0,02:30,03:00,30.0,18.0,0.42857142857142855,0.6,Internacional,Internacional,presidente cancela visitas a espanha e ao vatican | 19 56 | a hérnia rara de marcelo | tvi | raf | presidente cancela visitas a espanha e ao vaticano | tvi 19 56 | radio observado,Saúde,Saúde,,,"assim. Ainda na cama do hospital, Marcelo já voltou ao trabalho.",2,
10,168.0,183.0,02:48,03:03,15.0,0.25,4,150.0,180.0,02:30,03:00,30.0,12.0,0.8,0.4,Other/Unknown,,tvi presidente a recuperar bem | presidente a recuperar bem | tvi 19 57 | porta | pod | marcelo fez o levante e uma refeição ligeira | presidente não pára | tv i 19 57,Saúde,Saúde,,,"assim. Ainda na cama do hospital, Marcelo já voltou ao trabalho.",2,
11,183.0,252.0,03:03,04:12,69.0,1.15,6,210.0,240.0,03:30,04:00,30.0,30.0,0.43478260869565216,1.0,Saúde,Saúde,presidente não pára | tvi 19 57 | marcelo promulgou um diploma no hospital | marcelo promulgou um diploma no hospital andreia jorge luís nuno de sousa moreira i jornalistas | 19 57 | ilipe freitas i editor de immgem | tvi | filipe freitas i editor de imagem,Other/Unknown,,,,"Muito bem, que aquilo que nos foi sendo do sempre dito, mesmo antes depois da operação, e neste primeiro dia, com o pleto de internamento aqui de Marcelo Rebeaux de Souza, não há a espitádua de São João, é que o presidente",3,
11,183.0,252.0,03:03,04:12,69.0,1.15,7,240.0,270.0,04:00,04:30,30.0,12.0,0.17391304347826086,0.4,Saúde,Saúde,presidente não pára | tvi 19 57 | marcelo promulgou um diploma no hospital | marcelo promulgou um diploma no hospital andreia jorge luís nuno de sousa moreira i jornalistas | 19 57 | ilipe freitas i editor de immgem | tvi | filipe freitas i editor de imagem,Saúde,"Governo/Partidos, Saúde",,,"da República teve sempre o presidente que conhecemos, muito comunicativo, muito conversador, bem disposto, agradeceu aos profissionais de saúde. Já recebeu estas duas visitas de Luís Montenegro e também do presidente da Assembleia da República. E, portanto, o que importa agora perceberá, efetivamente, como exterram as próximas horas, e hoje já não haverá mais nenhum ponto de situação por parte do hospital, mas amanhã dia em que Marcelo Rebeaux de Souza poderá ter alta, e sim está a provir que possam novamente falar, se tudo correr bem, pelo meu último, com os órgãos de comunicação social,",3,
12,252.0,432.0,04:12,07:12,180.0,3.0,7,240.0,270.0,04:00,04:30,30.0,18.0,0.1,0.6,Internacional,"Internacional, Governo/Partidos, Saúde",presidente cancela visitas a espanha e ao vaticano | 19 58 | 89 vt 91 | a hérnia rara de marcelo | tvi | presidente em recuperação | tvi 19 59 | 19 59,Saúde,"Governo/Partidos, Saúde",,,"da República teve sempre o presidente que conhecemos, muito comunicativo, muito conversador, bem disposto, agradeceu aos profissionais de saúde. Já recebeu estas duas visitas de Luís Montenegro e também do presidente da Assembleia da República. E, portanto, o que importa agora perceberá, efetivamente, como exterram as próximas horas, e hoje já não haverá mais nenhum ponto de situação por parte do hospital, mas amanhã dia em que Marcelo Rebeaux de Souza poderá ter alta, e sim está a provir que possam novamente falar, se tudo correr bem, pelo meu último, com os órgãos de comunicação social,",3,
12,252.0,432.0,04:12,07:12,180.0,3.0,8,270.0,300.0,04:30,05:00,30.0,30.0,0.16666666666666666,1.0,Internacional,"Internacional, Governo/Partidos, Saúde",presidente cancela visitas a espanha e ao vaticano | 19 58 | 89 vt 91 | a hérnia rara de marcelo | tvi | presidente em recuperação | tvi 19 59 | 19 59,Saúde,Saúde,,,"para dizer, efetivamente, como é que o presidente da República passou esta última noite, se for efetivamente, a última noite aqui no hospital de São João. Mas sempre muito colaborativo também com os médicos, que nos disseram que respeitava aquilo que os médicos le pediam. Sabemos que Marcelo Rebeaux de Souza é um presidente muito ativo, com muita energia que quer logo entrar a outra vez na ação, digamos assim, aliás, no dia a dia ontem depois da operação, já queria discutir qual é que era a sua agenda para os próximos dias. Por isso, aí,",3,
12,252.0,432.0,04:12,07:12,180.0,3.0,9,300.0,330.0,05:00,05:30,30.0,30.0,0.16666666666666666,1.0,Internacional,"Internacional, Governo/Partidos, Saúde",presidente cancela visitas a espanha e ao vaticano | 19 58 | 89 vt 91 | a hérnia rara de marcelo | tvi | presidente em recuperação | tvi 19 59 | 19 59,Saúde,Saúde,,,"a Marcelo Rebeaux de Souza, que os médicos foram encontrando ao longo do dia de hoje, e, em porta, perceber também como é que vai passar, então, a noite, o dia a dia amanhã, começa também com uma visita que estava prevista para a noite de hoje, falo de José Luis Carneiro, secretário-Geraldo, do Partido Celista, que, quando você percebeu, queria chegar aqui ao Ports e ao hospital de São João, já tarde resolveu adiar esta visita. Para amanhã, às 9 da manhã. E a está José Luis Carveiro","3, 4",
12,252.0,432.0,04:12,07:12,180.0,3.0,10,330.0,360.0,05:30,06:00,30.0,30.0,0.16666666666666666,1.0,Internacional,"Internacional, Governo/Partidos, Saúde",presidente cancela visitas a espanha e ao vaticano | 19 58 | 89 vt 91 | a hérnia rara de marcelo | tvi | presidente em recuperação | tvi 19 59 | 19 59,Saúde,Saúde,,,"vai visitar também o presente arrepúbico, e isso depois de como bem dizias, Leonardo José Pedro Aguí<|da|> foi que ilgearam a intervenção rápida do SNS e também a boa disposição do presente arrepúbico, mesmo depois de uma cirurgia.",4,
12,252.0,432.0,04:12,07:12,180.0,3.0,11,360.0,390.0,06:00,06:30,30.0,30.0,0.16666666666666666,1.0,Internacional,"Internacional, Governo/Partidos, Saúde",presidente cancela visitas a espanha e ao vaticano | 19 58 | 89 vt 91 | a hérnia rara de marcelo | tvi | presidente em recuperação | tvi 19 59 | 19 59,Governo/Partidos,"Governo/Partidos, Saúde",,,"E é o que tem feito mesmo no hospital, Marcelo Baldoso, a promulgou esta terça-feira, um diploma do governo. É, portanto, caso",5,
12,252.0,432.0,04:12,07:12,180.0,3.0,12,390.0,420.0,06:30,07:00,30.0,30.0,0.16666666666666666,1.0,Internacional,"Internacional, Governo/Partidos, Saúde",presidente cancela visitas a espanha e ao vaticano | 19 58 | 89 vt 91 | a hérnia rara de marcelo | tvi | presidente em recuperação | tvi 19 59 | 19 59,Saúde,Saúde,,,"para dizer que está a trabalhar bem. Desmonte negro, toma a boa nota, da vitalidade do presidente, e não perde a oportunidade para recordar a qualidade do SNS. Também tivemos ocasião de verificar com o serviço nacional de saúde, fez a sua parte, fez com competência, fez com o espírito de serviço e demissão, que é o apanágio diário de muitos milhares de profissionais, que servem o nosso sistema de saúde, o serviço nacional de saúde também. As próximas visitas do",5,
12,252.0,432.0,04:12,07:12,180.0,3.0,13,420.0,450.0,07:00,07:30,30.0,12.0,0.06666666666666667,0.4,Internacional,"Internacional, Governo/Partidos, Saúde",presidente cancela visitas a espanha e ao vaticano | 19 58 | 89 vt 91 | a hérnia rara de marcelo | tvi | presidente em recuperação | tvi 19 59 | 19 59,Saúde,Saúde,,,"Luís Montenegro e a Guia Branco serão certamente ao palácio de balei, onde Marcelo Baldoso às vezes fica a recuperar e, claro, a trabalhar. Até amanhã noites, hora que terminou a cirurgial, presenta a República, houve uma corrida ao dicional e um médico para entender o real significado deste diagnóstico. E o prigo real para a saúde. Uma erna encarfrada pode ter como causa uma tosse mais forte ou uma simples obstipação. Mas quando","5, 6",
13,432.0,555.0,07:12,09:15,123.0,2.05,13,420.0,450.0,07:00,07:30,30.0,18.0,0.14634146341463414,0.6,Other/Unknown,,hérnia encarcerada | tvi 20 01 | tvi hérnia encarcerada | hernia encarcerada | surge quando tecido passa a parede abdominal | surge quando tecido passa a parede abdomina | 20 01 | 20 02,Saúde,Saúde,,,"Luís Montenegro e a Guia Branco serão certamente ao palácio de balei, onde Marcelo Baldoso às vezes fica a recuperar e, claro, a trabalhar. Até amanhã noites, hora que terminou a cirurgial, presenta a República, houve uma corrida ao dicional e um médico para entender o real significado deste diagnóstico. E o prigo real para a saúde. Uma erna encarfrada pode ter como causa uma tosse mais forte ou uma simples obstipação. Mas quando","5, 6",
13,432.0,555.0,07:12,09:15,123.0,2.05,14,450.0,480.0,07:30,08:00,30.0,30.0,0.24390243902439024,1.0,Other/Unknown,,hérnia encarcerada | tvi 20 01 | tvi hérnia encarcerada | hernia encarcerada | surge quando tecido passa a parede abdominal | surge quando tecido passa a parede abdomina | 20 01 | 20 02,Other/Unknown,,,,"acontece, existe uma intervenção rápida. Uma erna encarcerada surscunda a pareda dominal na zona da barriga, abre o espaço por onde há algum descido, normalmente o instino delgado consegue passar, ficando depois preso sem voltar ao lugar, formando o que se chama uma anza. As causas são diversas e até podem ser situações comuns. De ser que as pessoas triviasco, o matósses se cedo, o que é","6, 7",
13,432.0,555.0,07:12,09:15,123.0,2.05,15,480.0,510.0,08:00,08:30,30.0,30.0,0.24390243902439024,1.0,Other/Unknown,,hérnia encarcerada | tvi 20 01 | tvi hérnia encarcerada | hernia encarcerada | surge quando tecido passa a parede abdominal | surge quando tecido passa a parede abdomina | 20 01 | 20 02,Other/Unknown,,,,"o outro dia, os espotos, ou às vezes a objetivação crônica. Os sintomas são dor e enxaste no local da erna febre, e, como aconteceu com o presidente da República, nausias e vômitos. Quando se tem uma erna encarcerada, a sussão passa normalmente pela cirurgia para recolocar o descido no lugar. E o tempo de resposta é importante, pelas consequências, que pode ter a demora.",7,
14,555.0,642.0,09:15,10:42,87.0,1.45,18,570.0,600.0,09:30,10:00,30.0,30.0,0.3448275862068966,1.0,Saúde,"Saúde, Eleições/Campanha",marcelo operado de urgência | tvi 20 03 | 20 03 | 1 vi 20 03 | 1v i 20 03 | problema de saúde marcou agenda das presidenciais | problema de saúde marcou agenda das presidencial | 20 04,Eleições/Campanha,"Eleições/Campanha, Saúde",,,"As agendas dos candidatos presidenciais foram invitablemente marcadas pelo estado de saúde do atual presidente da República. A cirurgia, ao chefe de estado, levantou uma questão de via ou não ser substituído no cargo. Do ismarques mentes e a da aventura não têm dúvidas. Esse período, como é o caso agora de Marçalba-Odeçosa, não nos torna incapazes de tomar decisões. Quando estamos conscientes e com capacidade de tomar, pense que é o caso do presidente Marçalba-Odeçosa. E o portanto não há motivo nenhum para que Marçalba-Odeçosa seja",8,
14,555.0,642.0,09:15,10:42,87.0,1.45,19,600.0,630.0,10:00,10:30,30.0,30.0,0.3448275862068966,1.0,Saúde,"Saúde, Eleições/Campanha",marcelo operado de urgência | tvi 20 03 | 20 03 | 1 vi 20 03 | 1v i 20 03 | problema de saúde marcou agenda das presidenciais | problema de saúde marcou agenda das presidencial | 20 04,Other/Unknown,,,,substituído. Por ninguém e por nenhum cargo. Está na planitude neste momento das suas capacidades. O presidente não está incapacitado. A verdade é,"8, 9",
14,555.0,642.0,09:15,10:42,87.0,1.45,20,630.0,660.0,10:30,11:00,30.0,12.0,0.13793103448275862,0.4,Saúde,"Saúde, Eleições/Campanha",marcelo operado de urgência | tvi 20 03 | 20 03 | 1 vi 20 03 | 1v i 20 03 | problema de saúde marcou agenda das presidenciais | problema de saúde marcou agenda das presidencial | 20 04,Governo/Partidos,"Governo/Partidos, Justiça/Segurança",Catarina Martins,,"que a Constituição não é clara no artigo 162, diz que paranto o introdimento temporário, o presidente deve ser substituído pelo presidente da Assembleia da República. Para isso o acontecer, teria de ser o procurador geral da República a solicitar a substituição de Marcelo, mas o Tribunal Constitucional teria de se pronunciar. O objetivo é evitar um afestamento forçado do presidente, Catarina Martins, diz que a situação não se culcou apesar da intervenção cirúrgica. Sabemos que teve uma intervenção cirúrgica que correu bem, que acordou e",9,
15,642.0,690.0,10:42,11:30,48.0,0.8,20,630.0,660.0,10:30,11:00,30.0,18.0,0.375,0.6,Justiça/Segurança,"Justiça/Segurança, Eleições/Campanha",constituição não define impedimento temporário | substituição do presidente | 20 05 | tvi | substituição do presidente constituição não define impedimento temporário | tvi 20 05 | nstituição não define impedimento temporário | pgr tem de pedir ao constitucional para validar,Governo/Partidos,"Governo/Partidos, Justiça/Segurança",Catarina Martins,,"que a Constituição não é clara no artigo 162, diz que paranto o introdimento temporário, o presidente deve ser substituído pelo presidente da Assembleia da República. Para isso o acontecer, teria de ser o procurador geral da República a solicitar a substituição de Marcelo, mas o Tribunal Constitucional teria de se pronunciar. O objetivo é evitar um afestamento forçado do presidente, Catarina Martins, diz que a situação não se culcou apesar da intervenção cirúrgica. Sabemos que teve uma intervenção cirúrgica que correu bem, que acordou e",9,
15,642.0,690.0,10:42,11:30,48.0,0.8,21,660.0,690.0,11:00,11:30,30.0,30.0,0.625,1.0,Justiça/Segurança,"Justiça/Segurança, Eleições/Campanha",constituição não define impedimento temporário | substituição do presidente | 20 05 | tvi | substituição do presidente constituição não define impedimento temporário | tvi 20 05 | nstituição não define impedimento temporário | pgr tem de pedir ao constitucional para validar,Other/Unknown,,,,"portanto está na plena de capacidade e a natural que estão em plena de capacidade não se faça substituir. A decisão foi tomada seguramente em pouco tempo, na verdade provas que novo em uma necessidade correu tudo bem, portanto acho que também não vale bem a criarmos problemas a não ir a eles não exista.",9,
16,690.0,693.0,11:30,11:33,3.0,0.05,22,690.0,720.0,11:30,12:00,30.0,3.0,1.0,0.1,Other/Unknown,,tvi 20 05 | a segu | 2 976 | orta de acento,Justiça/Segurança,Justiça/Segurança,,,"Lisboa foi pálco de um cenário típico de um filme de ação. A PSP do Tevo Homem, que perseguia a ex-mulher de carro na zona dos olivais, a Lisboa. A antia-companheira chegou a acionar botão de pânico, depois da viatura",10,
17,693.0,756.0,11:33,12:36,63.0,1.05,22,690.0,720.0,11:30,12:00,30.0,27.0,0.42857142857142855,0.9,Economia/Proteção Social,Economia/Proteção Social,apoios sociais vão subir em 2026 | tvi 20 05 | tvi 20 06 | segn | perseguição perigosa | 20 06 | tvi | homem tenta abalroar carro da ex mulher nos olivais,Justiça/Segurança,Justiça/Segurança,,,"Lisboa foi pálco de um cenário típico de um filme de ação. A PSP do Tevo Homem, que perseguia a ex-mulher de carro na zona dos olivais, a Lisboa. A antia-companheira chegou a acionar botão de pânico, depois da viatura",10,
17,693.0,756.0,11:33,12:36,63.0,1.05,23,720.0,750.0,12:00,12:30,30.0,30.0,0.47619047619047616,1.0,Economia/Proteção Social,Economia/Proteção Social,apoios sociais vão subir em 2026 | tvi 20 05 | tvi 20 06 | segn | perseguição perigosa | 20 06 | tvi | homem tenta abalroar carro da ex mulher nos olivais,Other/Unknown,,,,"ter embatido contra a sua. Ela levava dois filhos monóxidos dentro do carro. Mesmo sabendo disso, o aggressor tentou a Balroala várias vezes.",10,
17,693.0,756.0,11:33,12:36,63.0,1.05,24,750.0,780.0,12:30,13:00,30.0,6.0,0.09523809523809523,0.2,Economia/Proteção Social,Economia/Proteção Social,apoios sociais vão subir em 2026 | tvi 20 05 | tvi 20 06 | segn | perseguição perigosa | 20 06 | tvi | homem tenta abalroar carro da ex mulher nos olivais,Justiça/Segurança,Justiça/Segurança,,,"Ao volante do carro em Fuga, estava o atual namorado da mulher e no banco de trás seguiam o filho de nove anos, que é também filho do ex-companheiro e uma entiada de catorza, filha do atual namorado. O homem perseguiu, acompanhado por uma outra pessoa e tentou que o carro da vítima se dispistasse. Quando",11,
18,756.0,1050.0,12:36,17:30,294.0,4.9,24,750.0,780.0,12:30,13:00,30.0,24.0,0.08163265306122448,0.8,Justiça/Segurança,"Justiça/Segurança, Educação, Ambiente/Meteorologia/Proteção Civil, Transportes/Mobilidade",agressor detido pela psp | tvi 20 06 | tvi agressor detido pela psp | tvi 20 07 | homem faz perseguição perigosa à ex mulher e filhq | homem faz perseguição perigosa à ex mulher e filh | homem faz perseguição perigosa à ex mulher e filho | homem faz perseguição perigosa à ex mulher e filhc,Justiça/Segurança,Justiça/Segurança,,,"Ao volante do carro em Fuga, estava o atual namorado da mulher e no banco de trás seguiam o filho de nove anos, que é também filho do ex-companheiro e uma entiada de catorza, filha do atual namorado. O homem perseguiu, acompanhado por uma outra pessoa e tentou que o carro da vítima se dispistasse. Quando",11,
18,756.0,1050.0,12:36,17:30,294.0,4.9,25,780.0,810.0,13:00,13:30,30.0,30.0,0.10204081632653061,1.0,Justiça/Segurança,"Justiça/Segurança, Educação, Ambiente/Meteorologia/Proteção Civil, Transportes/Mobilidade",agressor detido pela psp | tvi 20 06 | tvi agressor detido pela psp | tvi 20 07 | homem faz perseguição perigosa à ex mulher e filhq | homem faz perseguição perigosa à ex mulher e filh | homem faz perseguição perigosa à ex mulher e filho | homem faz perseguição perigosa à ex mulher e filhc,Justiça/Segurança,Justiça/Segurança,,,"a viatura ficou momentaneamente imoblizada, o suspeito partiu para a agressão. Mas a mulher conseguiu fugir do local e pedir ajuda às autoridades. O suspeito acabou de tido pela PSP com um mandado fora de flagrante do litro. Sim, menos de quatro horas, o investigador está divisando a defesação criminal de Lisboa, conseguiram localizar entre seteiro o suspeito e, perfeitamente, teu.",11,
18,756.0,1050.0,12:36,17:30,294.0,4.9,27,840.0,870.0,14:00,14:30,30.0,30.0,0.10204081632653061,1.0,Justiça/Segurança,"Justiça/Segurança, Educação, Ambiente/Meteorologia/Proteção Civil, Transportes/Mobilidade",agressor detido pela psp | tvi 20 06 | tvi agressor detido pela psp | tvi 20 07 | homem faz perseguição perigosa à ex mulher e filhq | homem faz perseguição perigosa à ex mulher e filh | homem faz perseguição perigosa à ex mulher e filho | homem faz perseguição perigosa à ex mulher e filhc,Justiça/Segurança,Justiça/Segurança,,,"Em Mayoano, que a todas pessoas morreram em acidentes em que os carros se incendiaram. Dio Jota e o irmão André Silva perderam a vida num violento acidente em julho, o mês depois, em Castro verde, mais seis vítimas mortais, cinco elementos da mesma família, emigrante em Inglaterra e o ocupante do outro veículo envolvido. O mais recente é o da madrugada do mingo que vítimo",12,
18,756.0,1050.0,12:36,17:30,294.0,4.9,28,870.0,900.0,14:30,15:00,30.0,30.0,0.10204081632653061,1.0,Justiça/Segurança,"Justiça/Segurança, Educação, Ambiente/Meteorologia/Proteção Civil, Transportes/Mobilidade",agressor detido pela psp | tvi 20 06 | tvi agressor detido pela psp | tvi 20 07 | homem faz perseguição perigosa à ex mulher e filhq | homem faz perseguição perigosa à ex mulher e filh | homem faz perseguição perigosa à ex mulher e filho | homem faz perseguição perigosa à ex mulher e filhc,Ambiente/Meteorologia/Proteção Civil,"Justiça/Segurança, Ambiente/Meteorologia/Proteção Civil",,,ou seis jovens. Em todos estes acidentes mortais seguidos de incêndio há sempre a conjugação de três fatores.,12,
18,756.0,1050.0,12:36,17:30,294.0,4.9,29,900.0,930.0,15:00,15:30,30.0,30.0,0.10204081632653061,1.0,Justiça/Segurança,"Justiça/Segurança, Educação, Ambiente/Meteorologia/Proteção Civil, Transportes/Mobilidade",agressor detido pela psp | tvi 20 06 | tvi agressor detido pela psp | tvi 20 07 | homem faz perseguição perigosa à ex mulher e filhq | homem faz perseguição perigosa à ex mulher e filh | homem faz perseguição perigosa à ex mulher e filho | homem faz perseguição perigosa à ex mulher e filhc,Justiça/Segurança,Justiça/Segurança,,,"toda a ponta pronta do quente de despiste alta velocidade. Sabemos que ele colhide com o lance dele, portanto lado esquerdo, e depois vai bater no pilar acabando por inseniar-se. Tudo indica, olhando para aquelas imagens, que o nesse momento veículo se já estivesse em inseniar. Os veículos mais recentes, como é o caso,",13,
18,756.0,1050.0,12:36,17:30,294.0,4.9,30,930.0,960.0,15:30,16:00,30.0,30.0,0.10204081632653061,1.0,Justiça/Segurança,"Justiça/Segurança, Educação, Ambiente/Meteorologia/Proteção Civil, Transportes/Mobilidade",agressor detido pela psp | tvi 20 06 | tvi agressor detido pela psp | tvi 20 07 | homem faz perseguição perigosa à ex mulher e filhq | homem faz perseguição perigosa à ex mulher e filh | homem faz perseguição perigosa à ex mulher e filho | homem faz perseguição perigosa à ex mulher e filhc,Other/Unknown,,,,"possuem já de origem, mecanismos da segurança extra para este tipo de situações.",13,
18,756.0,1050.0,12:36,17:30,294.0,4.9,32,990.0,1020.0,16:30,17:00,30.0,30.0,0.10204081632653061,1.0,Justiça/Segurança,"Justiça/Segurança, Educação, Ambiente/Meteorologia/Proteção Civil, Transportes/Mobilidade",agressor detido pela psp | tvi 20 06 | tvi agressor detido pela psp | tvi 20 07 | homem faz perseguição perigosa à ex mulher e filhq | homem faz perseguição perigosa à ex mulher e filh | homem faz perseguição perigosa à ex mulher e filho | homem faz perseguição perigosa à ex mulher e filhc,Transportes/Mobilidade,"Justiça/Segurança, Transportes/Mobilidade",,,"A carreira já era conhecida do motorista, mas isso não foi suficiente para evitar o acidente com um autocarro na freguesia de meia em arcos de Valdeves. O condutor viajava sozinho sem passageiros e escapou e lezo depois de se ter despistado numa curva. O vidro da frente do autocarro ficou o partido e foi por aí que o único ocupante",14,
18,756.0,1050.0,12:36,17:30,294.0,4.9,33,1020.0,1050.0,17:00,17:30,30.0,30.0,0.10204081632653061,1.0,Justiça/Segurança,"Justiça/Segurança, Educação, Ambiente/Meteorologia/Proteção Civil, Transportes/Mobilidade",agressor detido pela psp | tvi 20 06 | tvi agressor detido pela psp | tvi 20 07 | homem faz perseguição perigosa à ex mulher e filhq | homem faz perseguição perigosa à ex mulher e filh | homem faz perseguição perigosa à ex mulher e filho | homem faz perseguição perigosa à ex mulher e filhc,Justiça/Segurança,"Saúde, Justiça/Segurança, Transportes/Mobilidade",,,"conseguiu sair da viatura. Foi transportado para o hospital de Viana do Castelo, onde passou amanhã. As autoridades estiveram no local e iniciaram os processos abituais de investigação, mas ainda não são conhecidas as causas do despista. A TVI contactou a empresa Transportes, responsável pela viatura, que até o momento não prestou declarações. Este ano já foram registados mais de 125 mil acidentes rodaviários e o número de fritos graves e liseiros aumentou o faça ou ano passado.",14,
19,1050.0,1053.0,17:30,17:33,3.0,0.05,34,1050.0,1080.0,17:30,18:00,30.0,3.0,1.0,0.1,Other/Unknown,,tvi 20 11 | a segu | 2 976 | 100,Governo/Partidos,"Governo/Partidos, Internacional",,,"José Socatista está indignado com as dúvidas de uma série público sobre o algado e eventual pregufuga, aciada as viagens que têm feito ao Brasil e aos Emirados árabes Unidos. O antigo ministro desmente que alguma vez tenha cedido o",15,
20,1053.0,1065.0,17:33,17:45,12.0,0.2,34,1050.0,1080.0,17:30,18:00,30.0,12.0,1.0,0.4,Other/Unknown,,quedas em casa podem ser fatais | tvi 20 11 | tv i 20 11 | tv i 20 12 | tvi 20 12 | i ser fatais,Governo/Partidos,"Governo/Partidos, Internacional",,,"José Socatista está indignado com as dúvidas de uma série público sobre o algado e eventual pregufuga, aciada as viagens que têm feito ao Brasil e aos Emirados árabes Unidos. O antigo ministro desmente que alguma vez tenha cedido o",15,
21,1065.0,1068.0,17:45,17:48,3.0,0.05,34,1050.0,1080.0,17:30,18:00,30.0,3.0,1.0,0.1,Other/Unknown,,tvi 20 12,Governo/Partidos,"Governo/Partidos, Internacional",,,"José Socatista está indignado com as dúvidas de uma série público sobre o algado e eventual pregufuga, aciada as viagens que têm feito ao Brasil e aos Emirados árabes Unidos. O antigo ministro desmente que alguma vez tenha cedido o",15,
22,1068.0,1125.0,17:48,18:45,57.0,0.95,34,1050.0,1080.0,17:30,18:00,30.0,12.0,0.21052631578947367,0.4,Justiça/Segurança,"Justiça/Segurança, Governo/Partidos",tvi justiça teme fuga de sócrates | justiça teme fuga de sócrates | tvi 20 12 | antigo governante considera suspeitas maldosas | antigo governante considera suspeitas maldosa | 20 12 | tvi | 1 vi 20 12,Governo/Partidos,"Governo/Partidos, Internacional",,,"José Socatista está indignado com as dúvidas de uma série público sobre o algado e eventual pregufuga, aciada as viagens que têm feito ao Brasil e aos Emirados árabes Unidos. O antigo ministro desmente que alguma vez tenha cedido o",15,
22,1068.0,1125.0,17:48,18:45,57.0,0.95,35,1080.0,1110.0,18:00,18:30,30.0,30.0,0.5263157894736842,1.0,Justiça/Segurança,"Justiça/Segurança, Governo/Partidos",tvi justiça teme fuga de sócrates | justiça teme fuga de sócrates | tvi 20 12 | antigo governante considera suspeitas maldosas | antigo governante considera suspeitas maldosa | 20 12 | tvi | 1 vi 20 12,Justiça/Segurança,Justiça/Segurança,,,"limite máximo de cinco dias, a partir do qual sou obrigada a comunicar o local da deslucação ao Tribunal.",15,
22,1068.0,1125.0,17:48,18:45,57.0,0.95,36,1110.0,1140.0,18:30,19:00,30.0,15.0,0.2631578947368421,0.5,Justiça/Segurança,"Justiça/Segurança, Governo/Partidos",tvi justiça teme fuga de sócrates | justiça teme fuga de sócrates | tvi 20 12 | antigo governante considera suspeitas maldosas | antigo governante considera suspeitas maldosa | 20 12 | tvi | 1 vi 20 12,Other/Unknown,,,,"Vindo, medi-oriento, tinha uma",16,
23,1125.0,1164.0,18:45,19:24,39.0,0.65,36,1110.0,1140.0,18:30,19:00,30.0,15.0,0.38461538461538464,0.5,Other/Unknown,,viagens sob suspeita | tvi 20 13 | peita | gens sob suspeita | sócrates diz não ter excedido limite de cinco dias | 1 vi 20 13 | 20 13 | tvi,Other/Unknown,,,,"Vindo, medi-oriento, tinha uma",16,
23,1125.0,1164.0,18:45,19:24,39.0,0.65,37,1140.0,1170.0,19:00,19:30,30.0,24.0,0.6153846153846154,0.8,Other/Unknown,,viagens sob suspeita | tvi 20 13 | peita | gens sob suspeita | sócrates diz não ter excedido limite de cinco dias | 1 vi 20 13 | 20 13 | tvi,Other/Unknown,,,,"jornalista do Correio da Manhã TV, perguntando o que eu fui fazer há a mudar a vina às últimas duas semanas. Quero dizer, um mistério público faz investigações às pessoas que estão em julgamento e falam clintestinamente. E depois mandam os jornalistas fazer estas perguntas.",16,
24,1164.0,1260.0,19:24,21:00,96.0,1.6,37,1140.0,1170.0,19:00,19:30,30.0,6.0,0.0625,0.2,Justiça/Segurança,"Justiça/Segurança, Governo/Partidos",perigo de fuga | 20 13 | tvi | tvi 20 13 | faaii | tribunal já terá pedido informação sobre viagens de sócrates | tribunal já terá pedido informação sobre viagens de sócrate | tvi 20 14,Other/Unknown,,,,"jornalista do Correio da Manhã TV, perguntando o que eu fui fazer há a mudar a vina às últimas duas semanas. Quero dizer, um mistério público faz investigações às pessoas que estão em julgamento e falam clintestinamente. E depois mandam os jornalistas fazer estas perguntas.",16,
24,1164.0,1260.0,19:24,21:00,96.0,1.6,38,1170.0,1200.0,19:30,20:00,30.0,30.0,0.3125,1.0,Justiça/Segurança,"Justiça/Segurança, Governo/Partidos",perigo de fuga | 20 13 | tvi | tvi 20 13 | faaii | tribunal já terá pedido informação sobre viagens de sócrates | tribunal já terá pedido informação sobre viagens de sócrate | tvi 20 14,Justiça/Segurança,"Governo/Partidos, Justiça/Segurança",,,"Eu fiz duas viagens à Buda-Abi ambas, ambas, foram feitas num período curto de quatro dias, cinco dias, nunca decidendo aquilo que é o prazo, ou legal. Apesar de não querer comentar, diretamente o caso, a ministra da justiça lembra que existem medidas acautiladas para as situações em que o perigo de fuga está em cima da mesa. Se o vai estar do receio de fico de qualquer pessoa que estáis ajudados, há medidas para","17, 18",
24,1164.0,1260.0,19:24,21:00,96.0,1.6,39,1200.0,1230.0,20:00,20:30,30.0,30.0,0.3125,1.0,Justiça/Segurança,"Justiça/Segurança, Governo/Partidos",perigo de fuga | 20 13 | tvi | tvi 20 13 | faaii | tribunal já terá pedido informação sobre viagens de sócrates | tribunal já terá pedido informação sobre viagens de sócrate | tvi 20 14,Other/Unknown,,,,"a lei. Para que pareça situação? Não, não. Não, não. Não. Não. Não. Não. Não pode dizer, não. Não vou pronunciar sobre esse caso. Encontreto? Sujeito a termo de identidade e residência, sócrates não pode mudar de casa nem sair do país. Durante mais de cinco dias, sem comunicar as autoridades, a nova residência, ou o sítio, onde possa ser encontrar.",18,
29,1335.0,1440.0,22:15,24:00,105.0,1.75,44,1350.0,1380.0,22:30,23:00,30.0,30.0,0.2857142857142857,1.0,Internacional,Internacional,tvi 20 16 | a segu | 2 976 | 100 | furto simples mais penalizado que okupa | furto simples mais penalizado que okuda | do que okupa | tvi 20 17,Other/Unknown,,,,"Vladimir Putin deixou os enviados do donal de soã para Moscouvo duas horas a espera e quando recebeu a Comitiva Distivo, o Itcófia já sabia o que iria dizer. O presente ruso considera inaceitáveis as propostas europeias para um acordo de paz com o Crania e por isso antes mesmo do encontro Putin deixou um aviso. A",19,
29,1335.0,1440.0,22:15,24:00,105.0,1.75,45,1380.0,1410.0,23:00,23:30,30.0,30.0,0.2857142857142857,1.0,Internacional,Internacional,tvi 20 16 | a segu | 2 976 | 100 | furto simples mais penalizado que okupa | furto simples mais penalizado que okuda | do que okupa | tvi 20 17,Internacional,Internacional,,,"Russia não quer entrar em guerra com Europa, mas será pronta caso essa seja a vontade europeia. Antes de mais uma ronda de negociações de paz, a Russia reivindica a captura de Pokrovsky Vovciansk. A televisão russa Mostrochef das Forças Armadas em formar Vladimir Putin. O Ministerio da Defesa divulgou imagens de soldados russos no centro de Pokrovsky. E antes de reunião com os representantes americanos, o","19, 20",
29,1335.0,1440.0,22:15,24:00,105.0,1.75,46,1410.0,1440.0,23:30,24:00,30.0,30.0,0.2857142857142857,1.0,Internacional,Internacional,tvi 20 16 | a segu | 2 976 | 100 | furto simples mais penalizado que okupa | furto simples mais penalizado que okuda | do que okupa | tvi 20 17,Other/Unknown,,,,presidente confirma.,20,
37,1500.0,1503.0,25:00,25:03,3.0,0.05,49,1500.0,1530.0,25:00,25:30,30.0,3.0,1.0,0.1,Other/Unknown,,20 19 | tv i 20 19 | tvi 20 19,Other/Unknown,,,,"E está a espera, bonitos, andará mais de 3 horas desses sinais que",21,
38,1503.0,1509.0,25:03,25:09,6.0,0.1,49,1500.0,1530.0,25:00,25:30,30.0,6.0,1.0,0.2,Other/Unknown,,lv 20 19 | thomas | 502 | 20 19 | 9 0 | tvi 20 19 | direto | 2 976,Other/Unknown,,,,"E está a espera, bonitos, andará mais de 3 horas desses sinais que",21,
39,1509.0,1572.0,25:09,26:12,63.0,1.05,49,1500.0,1530.0,25:00,25:30,30.0,21.0,0.3333333333333333,0.7,Internacional,"Internacional, Justiça/Segurança",tvi plano de paz para a ucrânia | plano de paz para a ucrânia | tvi 20 19 | vi plano de paz para a ucrânia | putin rejeita propostas inaceitáveis da europa | 20 19 | tvi | sérgio furtado i tvi enviado especial à ucrânia,Other/Unknown,,,,"E está a espera, bonitos, andará mais de 3 horas desses sinais que",21,
39,1509.0,1572.0,25:09,26:12,63.0,1.05,50,1530.0,1560.0,25:30,26:00,30.0,30.0,0.47619047619047616,1.0,Internacional,"Internacional, Justiça/Segurança",tvi plano de paz para a ucrânia | plano de paz para a ucrânia | tvi 20 19 | vi plano de paz para a ucrânia | putin rejeita propostas inaceitáveis da europa | 20 19 | tvi | sérgio furtado i tvi enviado especial à ucrânia,Other/Unknown,,,CHEGA,"chega em de Muscovo. E diz o presidente Vladimir Zelensky que esses sinais forem positivos, positivos para aquilo que é também o interesse da Ukraine. Estará disponível para encontrar-se com a delegação americana. E essa encontro poderá acontecer mesmo na Europa, onde Vladimir Zelensky está neste momento, como ouvimos anteriormente. O presidente do Craniano deixou algumas ideias na mensagem que deixou esta noite aos Cranianos, já depois do",21,
39,1509.0,1572.0,25:09,26:12,63.0,1.05,51,1560.0,1590.0,26:00,26:30,30.0,12.0,0.19047619047619047,0.4,Internacional,"Internacional, Justiça/Segurança",tvi plano de paz para a ucrânia | plano de paz para a ucrânia | tvi 20 19 | vi plano de paz para a ucrânia | putin rejeita propostas inaceitáveis da europa | 20 19 | tvi | sérgio furtado i tvi enviado especial à ucrânia,Internacional,Internacional,,,"discurso na Irlanda, dizendo que está pronto para tomar decisões, mas essas decisões têm que ser tomadas num contexto, em que haja também fatores favoráveis para a Ucrania e sublinha mais uma vez que as garantias de segurança são muito importantes, porque diz ele quem está neste momento a combater, quem é que, garante que depois de um cessar fogo sem garantia, a lúcia não volta a",21,
40,1572.0,1686.0,26:12,28:06,114.0,1.9,51,1560.0,1590.0,26:00,26:30,30.0,18.0,0.15789473684210525,0.6,Internacional,"Justiça/Segurança, Internacional",rússia e europa em colisão | tvi 20 20 | tvi rússia e europa em colisão | putin ameaça estamos prontos para a guerra | 20 20 | tvi | tvi plano de paz para a ucrânia | plano de paz para a ucrânia,Internacional,Internacional,,,"discurso na Irlanda, dizendo que está pronto para tomar decisões, mas essas decisões têm que ser tomadas num contexto, em que haja também fatores favoráveis para a Ucrania e sublinha mais uma vez que as garantias de segurança são muito importantes, porque diz ele quem está neste momento a combater, quem é que, garante que depois de um cessar fogo sem garantia, a lúcia não volta a",21,
40,1572.0,1686.0,26:12,28:06,114.0,1.9,52,1590.0,1620.0,26:30,27:00,30.0,30.0,0.2631578947368421,1.0,Internacional,"Justiça/Segurança, Internacional",rússia e europa em colisão | tvi 20 20 | tvi rússia e europa em colisão | putin ameaça estamos prontos para a guerra | 20 20 | tvi | tvi plano de paz para a ucrânia | plano de paz para a ucrânia,Saúde,"Saúde, Educação",,,"atacar quando as pessoas que neste momento estão na linha da frente estão a defender o país, já terem regressado aos seus trabalhos, aos médicos e os professores, portanto todas as profissões que neste momento estão de certa forma disfalcadas por causa desta guerra. Entretanto, há uma ou outra informação que, entretanto, foi divulgada pela imprensa norte-americana e que diz que Vladimir Putin parece não estar disposto a",21,
40,1572.0,1686.0,26:12,28:06,114.0,1.9,53,1620.0,1650.0,27:00,27:30,30.0,30.0,0.2631578947368421,1.0,Internacional,"Justiça/Segurança, Internacional",rússia e europa em colisão | tvi 20 20 | tvi rússia e europa em colisão | putin ameaça estamos prontos para a guerra | 20 20 | tvi | tvi plano de paz para a ucrânia | plano de paz para a ucrânia,Other/Unknown,,,,"abdicar daquilo que é território, e também daquilo que é a redução das forces armadas do Cranianas e, sobretudo, também uma mensagem para a Europa que a Europa tem de reconhecer os territórios que foram anexados pelo Cremlin. Portanto, muito expectativa relativamente a esta reunião em Moscou.",21,
40,1572.0,1686.0,26:12,28:06,114.0,1.9,55,1680.0,1710.0,28:00,28:30,30.0,6.0,0.05263157894736842,0.2,Internacional,"Justiça/Segurança, Internacional",rússia e europa em colisão | tvi 20 20 | tvi rússia e europa em colisão | putin ameaça estamos prontos para a guerra | 20 20 | tvi | tvi plano de paz para a ucrânia | plano de paz para a ucrânia,Internacional,Internacional,,,"Não, não adiaste-se até a resba. A fazer da Utrina, a minha essa Trump pode ser estendida até a países como a China. E onde provenham os produtos químicos necessários à produção de piacios, que estão a matar perto de 100 mil mortes americanos por ano. Esse tema já está em cidadão, muitas vezes com o chineses, mas para já Trump ainda mira a América Latina. Especial a Venezuela,",22,
41,1686.0,1689.0,28:06,28:09,3.0,0.05,55,1680.0,1710.0,28:00,28:30,30.0,3.0,1.0,0.1,Other/Unknown,,e a vender no nosso país | está sujeito a ser atacado | tvi 20 22,Internacional,Internacional,,,"Não, não adiaste-se até a resba. A fazer da Utrina, a minha essa Trump pode ser estendida até a países como a China. E onde provenham os produtos químicos necessários à produção de piacios, que estão a matar perto de 100 mil mortes americanos por ano. Esse tema já está em cidadão, muitas vezes com o chineses, mas para já Trump ainda mira a América Latina. Especial a Venezuela,",22,
42,1689.0,1692.0,28:09,28:12,3.0,0.05,55,1680.0,1710.0,28:00,28:30,30.0,3.0,1.0,0.1,Other/Unknown,,não é necessariamente | só a venezuela | tvi 20 22 | não não é só a venezuela não,Internacional,Internacional,,,"Não, não adiaste-se até a resba. A fazer da Utrina, a minha essa Trump pode ser estendida até a países como a China. E onde provenham os produtos químicos necessários à produção de piacios, que estão a matar perto de 100 mil mortes americanos por ano. Esse tema já está em cidadão, muitas vezes com o chineses, mas para já Trump ainda mira a América Latina. Especial a Venezuela,",22,
43,1692.0,1761.0,28:12,29:21,69.0,1.15,55,1680.0,1710.0,28:00,28:30,30.0,18.0,0.2608695652173913,0.6,Internacional,Internacional,não não é só a venezuela não | tvi 20 22 | a ameaça de trump | ataques em terra contra traficantes começam em breve | ataques em terra contra traficantes começam em brev | esses ataques também em terra | vamos começar a fazer | 20 22,Internacional,Internacional,,,"Não, não adiaste-se até a resba. A fazer da Utrina, a minha essa Trump pode ser estendida até a países como a China. E onde provenham os produtos químicos necessários à produção de piacios, que estão a matar perto de 100 mil mortes americanos por ano. Esse tema já está em cidadão, muitas vezes com o chineses, mas para já Trump ainda mira a América Latina. Especial a Venezuela,",22,
43,1692.0,1761.0,28:12,29:21,69.0,1.15,56,1710.0,1740.0,28:30,29:00,30.0,30.0,0.43478260869565216,1.0,Internacional,Internacional,não não é só a venezuela não | tvi 20 22 | a ameaça de trump | ataques em terra contra traficantes começam em breve | ataques em terra contra traficantes começam em brev | esses ataques também em terra | vamos começar a fazer | 20 22,Other/Unknown,,,,me sou com os ataques contra embarcações de alugados traficantes.,22,
45,1779.0,1827.0,29:39,30:27,48.0,0.8,59,1800.0,1830.0,30:00,30:30,30.0,27.0,0.5625,0.9,Economia/Proteção Social,"Saúde, Economia/Proteção Social",tvi 20 23 | utentes horas à espera na urgência | 1 20 24 | tvi 20 24 | 20 24 | tvi | 0 7 | apoios sociais aumentam,Economia/Proteção Social,Economia/Proteção Social,,,"Em janeiro atualizam suspresos, só bem as pensões do salário mínimo e também o indexante dos após sociais. É base para o cálculo dos vários após sociais e deverá crescer 2,8% em 2016 para os 537 euros. Quer isto dizer que o subsídio de desemprego deverá passar a ter um limite",23,
46,1827.0,1833.0,30:27,30:33,6.0,0.1,59,1800.0,1830.0,30:00,30:30,30.0,3.0,0.5,0.1,Other/Unknown,,20 24 | tvi 20 24,Economia/Proteção Social,Economia/Proteção Social,,,"Em janeiro atualizam suspresos, só bem as pensões do salário mínimo e também o indexante dos após sociais. É base para o cálculo dos vários após sociais e deverá crescer 2,8% em 2016 para os 537 euros. Quer isto dizer que o subsídio de desemprego deverá passar a ter um limite",23,
46,1827.0,1833.0,30:27,30:33,6.0,0.1,60,1830.0,1860.0,30:30,31:00,30.0,3.0,0.5,0.1,Other/Unknown,,20 24 | tvi 20 24,Economia/Proteção Social,Economia/Proteção Social,,,"mínimo de 617 euros e 52 centimos e um teto a rondar os 1300 e 42 euros. No caso do subsídio social de desemprego para os beneficiários com a griga de familiar, o intervalo irá passar a estar entre os 522 e os 535 euros. Mas não são os únicos subsídios com aumentos no próximo ano, o limite mínimo do subsídio de doença sobe que 14 centimos",23,
47,1833.0,1839.0,30:33,30:39,6.0,0.1,60,1830.0,1860.0,30:30,31:00,30.0,6.0,1.0,0.2,Other/Unknown,Economia/Proteção Social,20 24 | instituto da segurânça social lp | ncasocia | tvi 20 24 | instituto da seguránça social lp | ca social | instituto da segurança social lp | tvi,Economia/Proteção Social,Economia/Proteção Social,,,"mínimo de 617 euros e 52 centimos e um teto a rondar os 1300 e 42 euros. No caso do subsídio social de desemprego para os beneficiários com a griga de familiar, o intervalo irá passar a estar entre os 522 e os 535 euros. Mas não são os únicos subsídios com aumentos no próximo ano, o limite mínimo do subsídio de doença sobe que 14 centimos",23,
48,1839.0,1845.0,30:39,30:45,6.0,0.1,60,1830.0,1860.0,30:30,31:00,30.0,6.0,1.0,0.2,Other/Unknown,,segurança socia | tvi 20 24 | tvi 20 25,Economia/Proteção Social,Economia/Proteção Social,,,"mínimo de 617 euros e 52 centimos e um teto a rondar os 1300 e 42 euros. No caso do subsídio social de desemprego para os beneficiários com a griga de familiar, o intervalo irá passar a estar entre os 522 e os 535 euros. Mas não são os únicos subsídios com aumentos no próximo ano, o limite mínimo do subsídio de doença sobe que 14 centimos",23,
49,1845.0,1851.0,30:45,30:51,6.0,0.1,60,1830.0,1860.0,30:30,31:00,30.0,6.0,1.0,0.2,Other/Unknown,,tvi 20 25,Economia/Proteção Social,Economia/Proteção Social,,,"mínimo de 617 euros e 52 centimos e um teto a rondar os 1300 e 42 euros. No caso do subsídio social de desemprego para os beneficiários com a griga de familiar, o intervalo irá passar a estar entre os 522 e os 535 euros. Mas não são os únicos subsídios com aumentos no próximo ano, o limite mínimo do subsídio de doença sobe que 14 centimos",23,
50,1851.0,1857.0,30:51,30:57,6.0,0.1,60,1830.0,1860.0,30:30,31:00,30.0,6.0,1.0,0.2,Other/Unknown,,20 25 | tvi | tvi 20 25 | therese por,Economia/Proteção Social,Economia/Proteção Social,,,"mínimo de 617 euros e 52 centimos e um teto a rondar os 1300 e 42 euros. No caso do subsídio social de desemprego para os beneficiários com a griga de familiar, o intervalo irá passar a estar entre os 522 e os 535 euros. Mas não são os únicos subsídios com aumentos no próximo ano, o limite mínimo do subsídio de doença sobe que 14 centimos",23,
51,1857.0,1863.0,30:57,31:03,6.0,0.1,60,1830.0,1860.0,30:30,31:00,30.0,3.0,0.5,0.1,Other/Unknown,,tvi 20 25 | l000 | m000 | p000 | q000 | w086 12 | 20 25 | d000,Economia/Proteção Social,Economia/Proteção Social,,,"mínimo de 617 euros e 52 centimos e um teto a rondar os 1300 e 42 euros. No caso do subsídio social de desemprego para os beneficiários com a griga de familiar, o intervalo irá passar a estar entre os 522 e os 535 euros. Mas não são os únicos subsídios com aumentos no próximo ano, o limite mínimo do subsídio de doença sobe que 14 centimos",23,
51,1857.0,1863.0,30:57,31:03,6.0,0.1,61,1860.0,1890.0,31:00,31:30,30.0,3.0,0.5,0.1,Other/Unknown,,tvi 20 25 | l000 | m000 | p000 | q000 | w086 12 | 20 25 | d000,Economia/Proteção Social,Economia/Proteção Social,,,"para os 5 euros e 23, já o de morte de pago aos familiares só precisa de 43 euros para 1610. Há também novos limites para os calões de rendimento que entram para o abono de família, o teto do último escalão passa a fixar-se nos 18.794 euros anuais. Comicida também é a atualização do complemento solidário-paridosos, o aumento está escrito no orçamento do estado será de",23,
52,1863.0,1887.0,31:03,31:27,24.0,0.4,61,1860.0,1890.0,31:00,31:30,30.0,24.0,1.0,0.8,Other/Unknown,,tvi 20 25,Economia/Proteção Social,Economia/Proteção Social,,,"para os 5 euros e 23, já o de morte de pago aos familiares só precisa de 43 euros para 1610. Há também novos limites para os calões de rendimento que entram para o abono de família, o teto do último escalão passa a fixar-se nos 18.794 euros anuais. Comicida também é a atualização do complemento solidário-paridosos, o aumento está escrito no orçamento do estado será de",23,
53,1887.0,1893.0,31:27,31:33,6.0,0.1,61,1860.0,1890.0,31:00,31:30,30.0,3.0,0.5,0.1,Other/Unknown,,tvi 20 25 | m040 | p0000 | 20 25 | storwack sock | tvi | faça a marcação do seu | storwicksook,Economia/Proteção Social,Economia/Proteção Social,,,"para os 5 euros e 23, já o de morte de pago aos familiares só precisa de 43 euros para 1610. Há também novos limites para os calões de rendimento que entram para o abono de família, o teto do último escalão passa a fixar-se nos 18.794 euros anuais. Comicida também é a atualização do complemento solidário-paridosos, o aumento está escrito no orçamento do estado será de",23,
53,1887.0,1893.0,31:27,31:33,6.0,0.1,62,1890.0,1920.0,31:30,32:00,30.0,3.0,0.5,0.1,Other/Unknown,,tvi 20 25 | m040 | p0000 | 20 25 | storwack sock | tvi | faça a marcação do seu | storwicksook,Economia/Proteção Social,Economia/Proteção Social,,,"40 euros, puxando assim o valor de referência para os 670 euros. Todos os apoios sociais sovem mais do que inflação, feitas as contas as famílias acabam por ganhar algum poder de compra com estas atualizações. aumentam os apoio sociais, mas também sobe o preço do pão e o preço dos produtores da pastilaria. O alerte é da sessão que representam o setor. Ela justifica estes aumentos com","23, 24",
54,1893.0,1902.0,31:33,31:42,9.0,0.15,62,1890.0,1920.0,31:30,32:00,30.0,9.0,1.0,0.3,Other/Unknown,,20 25 | tvi | tvi 20 25 | luísa saragoça i jornalista | catarina baldaia trindade i editora de imagem | lauraa,Economia/Proteção Social,Economia/Proteção Social,,,"40 euros, puxando assim o valor de referência para os 670 euros. Todos os apoios sociais sovem mais do que inflação, feitas as contas as famílias acabam por ganhar algum poder de compra com estas atualizações. aumentam os apoio sociais, mas também sobe o preço do pão e o preço dos produtores da pastilaria. O alerte é da sessão que representam o setor. Ela justifica estes aumentos com","23, 24",
55,1902.0,1932.0,31:42,32:12,30.0,0.5,62,1890.0,1920.0,31:30,32:00,30.0,18.0,0.6,0.6,Other/Unknown,,tvi 20 25 | tvi 20 26 | 1 0 26 | hilliam | prepare a carteira | 20 26 | 1 vi 20 26 | 1 v1 20 26,Economia/Proteção Social,Economia/Proteção Social,,,"40 euros, puxando assim o valor de referência para os 670 euros. Todos os apoios sociais sovem mais do que inflação, feitas as contas as famílias acabam por ganhar algum poder de compra com estas atualizações. aumentam os apoio sociais, mas também sobe o preço do pão e o preço dos produtores da pastilaria. O alerte é da sessão que representam o setor. Ela justifica estes aumentos com","23, 24",
55,1902.0,1932.0,31:42,32:12,30.0,0.5,63,1920.0,1950.0,32:00,32:30,30.0,12.0,0.4,0.4,Other/Unknown,,tvi 20 25 | tvi 20 26 | 1 0 26 | hilliam | prepare a carteira | 20 26 | 1 vi 20 26 | 1 v1 20 26,Other/Unknown,,,,"o facto de ter insubido o preço das matérias primas como a farinha e os ovos, por exemplo, em viseu anotícias foi recebida com enorme perplexidade. É o pequeno almoço de muitos portuguesas tomado em cafés e pastelarias. Vem-me café e a comer um variado. Um bolo para um, um pão para outros, há opções para todos os gostos, mas a partir do próximo ano, talvez o pequeno almoço fora de casa não seja para todos os","24, 25",
56,1932.0,2049.0,32:12,34:09,117.0,1.95,63,1920.0,1950.0,32:00,32:30,30.0,18.0,0.15384615384615385,0.6,Economia/Proteção Social,Economia/Proteção Social,pão e pastelaria vão ficar mais caros em 2026 | ninguém trata melhi | prepare a carteira | tvi 20 26 | 20 26 | fira a farmál | ninguém trata melhil | ninguém trata melh r,Other/Unknown,,,,"o facto de ter insubido o preço das matérias primas como a farinha e os ovos, por exemplo, em viseu anotícias foi recebida com enorme perplexidade. É o pequeno almoço de muitos portuguesas tomado em cafés e pastelarias. Vem-me café e a comer um variado. Um bolo para um, um pão para outros, há opções para todos os gostos, mas a partir do próximo ano, talvez o pequeno almoço fora de casa não seja para todos os","24, 25",
56,1932.0,2049.0,32:12,34:09,117.0,1.95,64,1950.0,1980.0,32:30,33:00,30.0,30.0,0.2564102564102564,1.0,Economia/Proteção Social,Economia/Proteção Social,pão e pastelaria vão ficar mais caros em 2026 | ninguém trata melhi | prepare a carteira | tvi 20 26 | 20 26 | fira a farmál | ninguém trata melhil | ninguém trata melh r,Other/Unknown,,,,"bolsos. O pão vai ficar mais caro ou pastelaria também, quem tem estabelecimentos abertos, diz que tem mesmo de ser assim, e acredita que apesar dos aumentos o cliente vai manter-se fiel. Tem que ser os frustrosos já nos alertaram, que realmente as coisas vão subir, e nós também temos que dar uma sabirinha, não é? Porque não podemos ficar para o juiz. Os ovos se sovam em imenso, acho que estão apreço-touros, e realmente isto reflete muito. O nosso conceito, acho que ao mesmo tempo, todos dias pão. Pense que",25,
56,1932.0,2049.0,32:12,34:09,117.0,1.95,65,1980.0,2010.0,33:00,33:30,30.0,30.0,0.2564102564102564,1.0,Economia/Proteção Social,Economia/Proteção Social,pão e pastelaria vão ficar mais caros em 2026 | ninguém trata melhi | prepare a carteira | tvi 20 26 | 20 26 | fira a farmál | ninguém trata melhil | ninguém trata melh r,Economia/Proteção Social,Economia/Proteção Social,,,"não haverá uns com mais dificuldade em verualmente, ou de se calhar com menos, mas, pense que o pão será sempre o produto que meremos todas essas mesas. Os preços têm se mantido mais ou menos estáveis, no setor nos últimos anos. Agora o agravamento tem mesmo dia acontecer e pode não ser lhejeiro se o estado retirar o apoio aos combustíveis, e eles ficarem mais caros. O alérgida da Associação do Comércio, da indústria de panificação, pastelaria e similares, a larga maioria dos portugueses não compreende os sucessivos aumentos.",25,
56,1932.0,2049.0,32:12,34:09,117.0,1.95,66,2010.0,2040.0,33:30,34:00,30.0,30.0,0.2564102564102564,1.0,Economia/Proteção Social,Economia/Proteção Social,pão e pastelaria vão ficar mais caros em 2026 | ninguém trata melhi | prepare a carteira | tvi 20 26 | 20 26 | fira a farmál | ninguém trata melhil | ninguém trata melh r,Economia/Proteção Social,Economia/Proteção Social,,,"Os salários também têm subido um cadinho, e eu penso que não dá para suportar essa almença. No meu caso ainda consigo. Naturalmente, cá, famílias com mais dificuldade, é mais desafiante.",26,
56,1932.0,2049.0,32:12,34:09,117.0,1.95,67,2040.0,2070.0,34:00,34:30,30.0,9.0,0.07692307692307693,0.3,Economia/Proteção Social,Economia/Proteção Social,pão e pastelaria vão ficar mais caros em 2026 | ninguém trata melhi | prepare a carteira | tvi 20 26 | 20 26 | fira a farmál | ninguém trata melhil | ninguém trata melh r,Other/Unknown,,,,"Não se pode se fechar a boca. Os ovos tornaram essa matéria prima que mais encarece a fatura, o preço já subiu mais de 30% desde o janeiro segundo a deco. Avervamos se no próximo ano a tradição do pequeno almoço fora de casa conseguirá amanteir-se ou se ficará pelo caminho.",26,
57,2049.0,2103.0,34:09,35:03,54.0,0.9,67,2040.0,2070.0,34:00,34:30,30.0,21.0,0.3888888888888889,0.7,Justiça/Segurança,"Internacional, Justiça/Segurança",ovos e farinha são dos produtos que mais encareceran | aumentos em 2026 | tvi 20 28 | ovos e farinha são dos produtos que mais encareceram | 20 28 | tvi | tvi peste suína em espanha | tvi 20 28 peste suína em espanha,Other/Unknown,,,,"Não se pode se fechar a boca. Os ovos tornaram essa matéria prima que mais encarece a fatura, o preço já subiu mais de 30% desde o janeiro segundo a deco. Avervamos se no próximo ano a tradição do pequeno almoço fora de casa conseguirá amanteir-se ou se ficará pelo caminho.",26,
57,2049.0,2103.0,34:09,35:03,54.0,0.9,68,2070.0,2100.0,34:30,35:00,30.0,30.0,0.5555555555555556,1.0,Justiça/Segurança,"Internacional, Justiça/Segurança",ovos e farinha são dos produtos que mais encareceran | aumentos em 2026 | tvi 20 28 | ovos e farinha são dos produtos que mais encareceram | 20 28 | tvi | tvi peste suína em espanha | tvi 20 28 peste suína em espanha,Internacional,"Governo/Partidos, Internacional",,,"A Espanya tem um impacto da crise no setor. Afinal de contas, o país é o primeiro exportador da União Europeia e o terceiro no mundo. São quase 9 mil milhões de euros e negócio. As primeiras mortes de Suínes fizeram os 40 países suspender as importações de carne por que o Spanjola, mas o governo da Catalunya diz que a Peste, subinafricana, a variante de tetada, não supõe um risco",27,
57,2049.0,2103.0,34:09,35:03,54.0,0.9,69,2100.0,2130.0,35:00,35:30,30.0,3.0,0.05555555555555555,0.1,Justiça/Segurança,"Internacional, Justiça/Segurança",ovos e farinha são dos produtos que mais encareceran | aumentos em 2026 | tvi 20 28 | ovos e farinha são dos produtos que mais encareceram | 20 28 | tvi | tvi peste suína em espanha | tvi 20 28 peste suína em espanha,Justiça/Segurança,Justiça/Segurança,,,"para os humanos. Os seteranários confirmam. Os primeiros casos dos Javalis mortos foram detectados aqui no Parque de Colisarola. Fica perto de Sardinola Velvález, é uma localidade da Provincia de Barcelona. No Parque há uns 800 Javalis. Os dados são do","27, 28",
58,2103.0,2115.0,35:03,35:15,12.0,0.2,69,2100.0,2130.0,35:00,35:30,30.0,12.0,1.0,0.4,Other/Unknown,Economia/Proteção Social,a peste suína tem um enorme | impacto económico no sector | 20 29 | da produção | de suínos | não afecta os seres humanos | é uma doença exclusiva | dos suínos e gera,Justiça/Segurança,Justiça/Segurança,,,"para os humanos. Os seteranários confirmam. Os primeiros casos dos Javalis mortos foram detectados aqui no Parque de Colisarola. Fica perto de Sardinola Velvález, é uma localidade da Provincia de Barcelona. No Parque há uns 800 Javalis. Os dados são do","27, 28",
59,2115.0,2175.0,35:15,36:15,60.0,1.0,69,2100.0,2130.0,35:00,35:30,30.0,15.0,0.25,0.5,Internacional,Internacional,avassaladora | e uma letalidade | 20 29 | tvi 20 29 | peste suína em espanha | unitat rpas | animal selvagem pode ter comido carne contaminada | iavalie celvacenic borem ted contaminiado bobcoc,Justiça/Segurança,Justiça/Segurança,,,"para os humanos. Os seteranários confirmam. Os primeiros casos dos Javalis mortos foram detectados aqui no Parque de Colisarola. Fica perto de Sardinola Velvález, é uma localidade da Provincia de Barcelona. No Parque há uns 800 Javalis. Os dados são do","27, 28",
59,2115.0,2175.0,35:15,36:15,60.0,1.0,70,2130.0,2160.0,35:30,36:00,30.0,30.0,0.5,1.0,Internacional,Internacional,avassaladora | e uma letalidade | 20 29 | tvi 20 29 | peste suína em espanha | unitat rpas | animal selvagem pode ter comido carne contaminada | iavalie celvacenic borem ted contaminiado bobcoc,Governo/Partidos,Governo/Partidos,,,"Governo da Catalunha já foram dobro, mas as autoridades têm controlado as populações. Ainda assim, a imprensa espanhola conta que os animais se relacionam cada vez mais com humanos e que andam nas quintas de criação de porcos. E que será por isso? Que a peste suina regressa a Catalunha depois de 30 anos sem sinais de doença.",28,
59,2115.0,2175.0,35:15,36:15,60.0,1.0,71,2160.0,2190.0,36:00,36:30,30.0,15.0,0.25,0.5,Internacional,Internacional,avassaladora | e uma letalidade | 20 29 | tvi 20 29 | peste suína em espanha | unitat rpas | animal selvagem pode ter comido carne contaminada | iavalie celvacenic borem ted contaminiado bobcoc,Internacional,Internacional,,,"Portugal subiu cinco posições no índice da igualdade de gênero entre os países da União Europeia, mas continuo a ter enormes diferenças na forma como trata as mulheres em relação aos homens. Por que as mulheres não só continuam a ganhar menos do que os homens, como até perderam poder financeiro? Apesar disso, Portugal ocupa agora a décima posição neste ranking europeu.",29,
60,2175.0,2232.0,36:15,37:12,57.0,0.95,71,2160.0,2190.0,36:00,36:30,30.0,15.0,0.2631578947368421,0.5,Other/Unknown,,portugal está na média europeia e a progredir | índice de igualdade de género | tvi 20 30 | hhhhhh | 20 30 | tvi | haihh | portugal está na média europeia e a progredira,Internacional,Internacional,,,"Portugal subiu cinco posições no índice da igualdade de gênero entre os países da União Europeia, mas continuo a ter enormes diferenças na forma como trata as mulheres em relação aos homens. Por que as mulheres não só continuam a ganhar menos do que os homens, como até perderam poder financeiro? Apesar disso, Portugal ocupa agora a décima posição neste ranking europeu.",29,
60,2175.0,2232.0,36:15,37:12,57.0,0.95,72,2190.0,2220.0,36:30,37:00,30.0,30.0,0.5263157894736842,1.0,Other/Unknown,,portugal está na média europeia e a progredir | índice de igualdade de género | tvi 20 30 | hhhhhh | 20 30 | tvi | haihh | portugal está na média europeia e a progredira,Economia/Proteção Social,Economia/Proteção Social,,,"Mulheres com poder é neste campo que Portugal deu o maior salto de aproximação, faça aos homens nos últimos cinco anos, ganharam poder económico e social, mas continuam a perder no terreno financeiro, de acordo com o índice de igualdade de gênero de 2025. Há mesmo um retrocesso na situação económica das portuguesas e também uma liger a perda de participação e alcance de objetivos na luta de várias vidas pela",30,
60,2175.0,2232.0,36:15,37:12,57.0,0.95,73,2220.0,2250.0,37:00,37:30,30.0,12.0,0.21052631578947367,0.4,Other/Unknown,,portugal está na média europeia e a progredir | índice de igualdade de género | tvi 20 30 | hhhhhh | 20 30 | tvi | haihh | portugal está na média europeia e a progredira,Internacional,Internacional,,,"igualdade de gênero. Portugal sobe as cinco posições para o décimo lugar na Europa. Nos primeiros lugares estão a Suecia, França e a Dinamarca, ainda com muito caminhe pela frente e pelo menos a 50 anos da igualdade plena. Muitas etapas estão por cumprir enquanto as portuguesas ainda são as que mais se ocupam da casa e das crianças. Há o movimento perpeto de sociedade em mudança, o risco de pobreza",30,
61,2232.0,2235.0,37:12,37:15,3.0,0.05,73,2220.0,2250.0,37:00,37:30,30.0,3.0,1.0,0.1,Other/Unknown,,tvi 20 31 | 70 11,Internacional,Internacional,,,"igualdade de gênero. Portugal sobe as cinco posições para o décimo lugar na Europa. Nos primeiros lugares estão a Suecia, França e a Dinamarca, ainda com muito caminhe pela frente e pelo menos a 50 anos da igualdade plena. Muitas etapas estão por cumprir enquanto as portuguesas ainda são as que mais se ocupam da casa e das crianças. Há o movimento perpeto de sociedade em mudança, o risco de pobreza",30,
62,2235.0,2247.0,37:15,37:27,12.0,0.2,73,2220.0,2250.0,37:00,37:30,30.0,12.0,1.0,0.4,Other/Unknown,,tvi 20 31 | fernanda teixeira i jornalista | i jornalista | fernanda teixeira | na ny | pedro marques editor de imagem | 20 31 | a state of the party of the party of the party of the party of the party of the party of the party of the party of the party of the party of the party of the party of the party of the party of the party of the party of the,Internacional,Internacional,,,"igualdade de gênero. Portugal sobe as cinco posições para o décimo lugar na Europa. Nos primeiros lugares estão a Suecia, França e a Dinamarca, ainda com muito caminhe pela frente e pelo menos a 50 anos da igualdade plena. Muitas etapas estão por cumprir enquanto as portuguesas ainda são as que mais se ocupam da casa e das crianças. Há o movimento perpeto de sociedade em mudança, o risco de pobreza",30,
63,2247.0,2253.0,37:27,37:33,6.0,0.1,73,2220.0,2250.0,37:00,37:30,30.0,3.0,0.5,0.1,Other/Unknown,,tvi 20 31,Internacional,Internacional,,,"igualdade de gênero. Portugal sobe as cinco posições para o décimo lugar na Europa. Nos primeiros lugares estão a Suecia, França e a Dinamarca, ainda com muito caminhe pela frente e pelo menos a 50 anos da igualdade plena. Muitas etapas estão por cumprir enquanto as portuguesas ainda são as que mais se ocupam da casa e das crianças. Há o movimento perpeto de sociedade em mudança, o risco de pobreza",30,
63,2247.0,2253.0,37:27,37:33,6.0,0.1,74,2250.0,2280.0,37:30,38:00,30.0,3.0,0.5,0.1,Other/Unknown,,tvi 20 31,Eleições/Campanha,Eleições/Campanha,,PCP/CDU,"que desce para as mulheres que trabalham e cresce para os homens que cavivem. Só que tudo após-despara mais um debate presidencial e o primeiro a chegar foi António Flipp, o candidato apoiado pelo Partido Comunista Português, vai estar frente a frente com Enrique Gouvei-Melo, daqui a pouco menos de meia hora, precisamente às 21, num debate conduzido pelo","30, 31",
64,2253.0,2256.0,37:33,37:36,3.0,0.05,74,2250.0,2280.0,37:30,38:00,30.0,3.0,1.0,0.1,Other/Unknown,,tvi 20 31 | 111111111111 | 1 vi 20 31 | hill,Eleições/Campanha,Eleições/Campanha,,PCP/CDU,"que desce para as mulheres que trabalham e cresce para os homens que cavivem. Só que tudo após-despara mais um debate presidencial e o primeiro a chegar foi António Flipp, o candidato apoiado pelo Partido Comunista Português, vai estar frente a frente com Enrique Gouvei-Melo, daqui a pouco menos de meia hora, precisamente às 21, num debate conduzido pelo","30, 31",
65,2256.0,2259.0,37:36,37:39,3.0,0.05,74,2250.0,2280.0,37:30,38:00,30.0,3.0,1.0,0.1,Other/Unknown,,20 31,Eleições/Campanha,Eleições/Campanha,,PCP/CDU,"que desce para as mulheres que trabalham e cresce para os homens que cavivem. Só que tudo após-despara mais um debate presidencial e o primeiro a chegar foi António Flipp, o candidato apoiado pelo Partido Comunista Português, vai estar frente a frente com Enrique Gouvei-Melo, daqui a pouco menos de meia hora, precisamente às 21, num debate conduzido pelo","30, 31",
66,2259.0,2346.0,37:39,39:06,87.0,1.45,74,2250.0,2280.0,37:30,38:00,30.0,21.0,0.2413793103448276,0.7,Abertura/Manchetes,"Abertura/Manchetes, Transportes/Mobilidade",antónio filipe já está na tvi | huhh | tvi 20 31 | 20 31 | tvi 20 32 | tvi antónio filipe já está na tvi | debate com gouveia e melo às 21h no jornal nacional | 20 32,Eleições/Campanha,Eleições/Campanha,,PCP/CDU,"que desce para as mulheres que trabalham e cresce para os homens que cavivem. Só que tudo após-despara mais um debate presidencial e o primeiro a chegar foi António Flipp, o candidato apoiado pelo Partido Comunista Português, vai estar frente a frente com Enrique Gouvei-Melo, daqui a pouco menos de meia hora, precisamente às 21, num debate conduzido pelo","30, 31",
66,2259.0,2346.0,37:39,39:06,87.0,1.45,75,2280.0,2310.0,38:00,38:30,30.0,30.0,0.3448275862068966,1.0,Abertura/Manchetes,"Abertura/Manchetes, Transportes/Mobilidade",antónio filipe já está na tvi | huhh | tvi 20 31 | 20 31 | tvi 20 32 | tvi antónio filipe já está na tvi | debate com gouveia e melo às 21h no jornal nacional | 20 32,Transportes/Mobilidade,Transportes/Mobilidade,,,"José Albert Carvalho. Excellento. Os agentes de viagens insistem, é preciso que Lisboa tenha um novo aeroporto de pressa e esperam também que a privatização da TAP proteja os interesses turísticos do país. Essas declarações foram feitas em Macau, onde decorre esta semana o Congresso de Seter Turístico e onde participam mais de mil portugueses.","31, 32",
68,2400.0,2529.0,40:00,42:09,129.0,2.15,79,2400.0,2430.0,40:00,40:30,30.0,30.0,0.23255813953488372,1.0,Justiça/Segurança,Justiça/Segurança,congresso de turismo em macau | tvi 20 34 | a segu | 2 976 | furto simples mais penalizado que okupa | migrantes escravizados | tvi migrantes escravizados | wigrantes escravizados migrantes escravizados,Justiça/Segurança,Justiça/Segurança,,,Já regresaram ao GNR os dez militares de tides prolegada participação num esquema de segurança,33,
68,2400.0,2529.0,40:00,42:09,129.0,2.15,80,2430.0,2460.0,40:30,41:00,30.0,30.0,0.23255813953488372,1.0,Justiça/Segurança,Justiça/Segurança,congresso de turismo em macau | tvi 20 34 | a segu | 2 976 | furto simples mais penalizado que okupa | migrantes escravizados | tvi migrantes escravizados | wigrantes escravizados migrantes escravizados,Justiça/Segurança,Justiça/Segurança,,,e legal feito em migrantes que trabalham numa exploração agrícola em Beja. A ausência de escuta as transcritas levou os juízes de sessão criminal que interrogou os supeitos a decretar-les à medida de coação mais leve. O que acabou proleixar a GNR sem argumentos para aplicar sensões imediatas.,33,
68,2400.0,2529.0,40:00,42:09,129.0,2.15,81,2460.0,2490.0,41:00,41:30,30.0,30.0,0.23255813953488372,1.0,Justiça/Segurança,Justiça/Segurança,congresso de turismo em macau | tvi 20 34 | a segu | 2 976 | furto simples mais penalizado que okupa | migrantes escravizados | tvi migrantes escravizados | wigrantes escravizados migrantes escravizados,Other/Unknown,,,,"Os militares passaram ao lado de medidas de coação mais graves, devido à falta de transcrição das escutas efetuadas e que são a base do processo. A guarda um platicisão de inspeção geral da administração interna. A citação social criada junto das populações e dos próprios empresários agrícolas que sabiam dos esquemas",34,
68,2400.0,2529.0,40:00,42:09,129.0,2.15,82,2490.0,2520.0,41:30,42:00,30.0,30.0,0.23255813953488372,1.0,Justiça/Segurança,Justiça/Segurança,congresso de turismo em macau | tvi 20 34 | a segu | 2 976 | furto simples mais penalizado que okupa | migrantes escravizados | tvi migrantes escravizados | wigrantes escravizados migrantes escravizados,Other/Unknown,,,,"de segurança dos militares, poderá ser levada em conta pela IGAI e afastar os militares de serviço.",34,
68,2400.0,2529.0,40:00,42:09,129.0,2.15,83,2520.0,2550.0,42:00,42:30,30.0,9.0,0.06976744186046512,0.3,Justiça/Segurança,Justiça/Segurança,congresso de turismo em macau | tvi 20 34 | a segu | 2 976 | furto simples mais penalizado que okupa | migrantes escravizados | tvi migrantes escravizados | wigrantes escravizados migrantes escravizados,Justiça/Segurança,Justiça/Segurança,,,"Entretanto, o Ministério Público deverá recorrer para o Tribunal da Relação, quanto às medidas aplicadas aos militares da G&R. De dificilmente a relação irá retificar estas medidas, já que o juiz de instrução criminal aplicou as mesmas com a",35,
69,2529.0,2562.0,42:09,42:42,33.0,0.55,83,2520.0,2550.0,42:00,42:30,30.0,21.0,0.6363636363636364,0.7,Other/Unknown,,migrantes escravizados | tvi 20 36 | militares poderão ser afastados de funções em brev | militares poderão ser afastados de funções em brey | militares poderão ser afastados de funções em breve | 20 36 | guarda nacioia republicana | tvi,Justiça/Segurança,Justiça/Segurança,,,"Entretanto, o Ministério Público deverá recorrer para o Tribunal da Relação, quanto às medidas aplicadas aos militares da G&R. De dificilmente a relação irá retificar estas medidas, já que o juiz de instrução criminal aplicou as mesmas com a",35,
69,2529.0,2562.0,42:09,42:42,33.0,0.55,84,2550.0,2580.0,42:30,43:00,30.0,12.0,0.36363636363636365,0.4,Other/Unknown,,migrantes escravizados | tvi 20 36 | militares poderão ser afastados de funções em brev | militares poderão ser afastados de funções em brey | militares poderão ser afastados de funções em breve | 20 36 | guarda nacioia republicana | tvi,Justiça/Segurança,"Eleições/Campanha, Justiça/Segurança",,,"prova que tinha, ou seja, sem as transcrições das escutas. Escutas que serão essenciais na fase da acusação. E na adequada, é assim que a missa da justiça qualifica as perguntas feitas no ambitável eção psicológica aos candidatos às ruízes e a procuradoros. Algumas perguntavam aos futeurs meus estratos se têm de arreias regulares ou se pensam em sexo com frequência. Ritalar que não judice acredita","35, 36",
70,2562.0,2610.0,42:42,43:30,48.0,0.8,84,2550.0,2580.0,42:30,43:00,30.0,18.0,0.375,0.6,Eleições/Campanha,Eleições/Campanha,tvi curso de magistrados | curso de magistrados | tvi 20 37 | candidatos tiveram que responder a perguntas insólitas | 20 37 | tvi | candidatos tiveram que responder a perguntas insólita | 2 volume,Justiça/Segurança,"Eleições/Campanha, Justiça/Segurança",,,"prova que tinha, ou seja, sem as transcrições das escutas. Escutas que serão essenciais na fase da acusação. E na adequada, é assim que a missa da justiça qualifica as perguntas feitas no ambitável eção psicológica aos candidatos às ruízes e a procuradoros. Algumas perguntavam aos futeurs meus estratos se têm de arreias regulares ou se pensam em sexo com frequência. Ritalar que não judice acredita","35, 36",
70,2562.0,2610.0,42:42,43:30,48.0,0.8,85,2580.0,2610.0,43:00,43:30,30.0,30.0,0.625,1.0,Eleições/Campanha,Eleições/Campanha,tvi curso de magistrados | curso de magistrados | tvi 20 37 | candidatos tiveram que responder a perguntas insólitas | 20 37 | tvi | candidatos tiveram que responder a perguntas insólita | 2 volume,Eleições/Campanha,Eleições/Campanha,,,"que este tipo de questionário só pode ter uma explicação. Falta a despreiencia de quem faz o concurso. Para ser a juizas ou procuradores, os candidatos fizeram provas escritas, mas também uma avaliação psicológica. O teste tinha 344 perguntas, quase 200 eram no mínimo insólites. Tem planos para me converter, algum dia numa pessoa famosa, já pensei em algumas formas de me suicidar, tenho","36, 37",
71,2610.0,2628.0,43:30,43:48,18.0,0.3,86,2610.0,2640.0,43:30,44:00,30.0,18.0,1.0,0.6,Other/Unknown,,20 37 | 20 38 | tvi 20 38,Justiça/Segurança,"Governo/Partidos, Justiça/Segurança",,,"dia rei a conferência, tenho pouco interesse em sexo. Experimenta em quase todos os tipos de droga, o meu destino é ser infeliz deste que nasci. E agora quase um mês depois da polêmica, a ministra da Justiça reageu. Não se rever, não se rever, eu não tenho informação de psicologia, portanto, com certeza, todas elas têm um racional de subjacente e não e têm com certeza","37, 38",
72,2628.0,2631.0,43:48,43:51,3.0,0.05,86,2610.0,2640.0,43:30,44:00,30.0,3.0,1.0,0.1,Other/Unknown,,20 38 | 100 | tvi 20 38 | con,Justiça/Segurança,"Governo/Partidos, Justiça/Segurança",,,"dia rei a conferência, tenho pouco interesse em sexo. Experimenta em quase todos os tipos de droga, o meu destino é ser infeliz deste que nasci. E agora quase um mês depois da polêmica, a ministra da Justiça reageu. Não se rever, não se rever, eu não tenho informação de psicologia, portanto, com certeza, todas elas têm um racional de subjacente e não e têm com certeza","37, 38",
73,2631.0,2688.0,43:51,44:48,57.0,0.95,86,2610.0,2640.0,43:30,44:00,30.0,9.0,0.15789473684210525,0.3,Governo/Partidos,"Governo/Partidos, Justiça/Segurança, Eleições/Campanha",portugal | alarcão júdice ministra da histiça | tvi 20 38 | can | rita alarcão júdice i ministra da justiça | cal | cnu portugal | tvi curso de magistrados,Justiça/Segurança,"Governo/Partidos, Justiça/Segurança",,,"dia rei a conferência, tenho pouco interesse em sexo. Experimenta em quase todos os tipos de droga, o meu destino é ser infeliz deste que nasci. E agora quase um mês depois da polêmica, a ministra da Justiça reageu. Não se rever, não se rever, eu não tenho informação de psicologia, portanto, com certeza, todas elas têm um racional de subjacente e não e têm com certeza","37, 38",
73,2631.0,2688.0,43:51,44:48,57.0,0.95,87,2640.0,2670.0,44:00,44:30,30.0,30.0,0.5263157894736842,1.0,Governo/Partidos,"Governo/Partidos, Justiça/Segurança, Eleições/Campanha",portugal | alarcão júdice ministra da histiça | tvi 20 38 | can | rita alarcão júdice i ministra da justiça | cal | cnu portugal | tvi curso de magistrados,Eleições/Campanha,"Eleições/Campanha, Cultura",,,"foram feitas para responder a terminadas questões, a ansiedade ou já ouvido todas as aplicações, não conheçam técnicos de técnicos para pronunciar sobre isso, mas não é o que seja adequado a fazer a um candidato ao magistrado. Até porca, depois de passarem por três provas escritas bastante exigentes de direitos civil, penal e cultura geral, metado dos candidatos sumbaram nesta fase psicológica. E este processo para ele foi um processo bastante traumático, como foi do",38,
73,2631.0,2688.0,43:51,44:48,57.0,0.95,88,2670.0,2700.0,44:30,45:00,30.0,18.0,0.3157894736842105,0.6,Governo/Partidos,"Governo/Partidos, Justiça/Segurança, Eleições/Campanha",portugal | alarcão júdice ministra da histiça | tvi 20 38 | can | rita alarcão júdice i ministra da justiça | cal | cnu portugal | tvi curso de magistrados,Other/Unknown,,,,"conhecimento, e por isso que eu gostaria de assurar é que não acontece novamente. E temos disponíveis para alterar, que querem termos regulamentais, que quererem termos os procedimentos, que eu acredito que seja apenas isso, e se for necessário mais a fundo e alterar a legislação, teremos que fazer, mas acredito que seja, tenha resultado da falta de ainda de experiência ao acontecimento para esta nova realidade. Depois dos resultados, o centro de estudos judiciários avançou para",38,
74,2688.0,2691.0,44:48,44:51,3.0,0.05,88,2670.0,2700.0,44:30,45:00,30.0,3.0,1.0,0.1,Other/Unknown,,perguntas insólitas | tvi 20 39 | gal | fergunias insólitas,Other/Unknown,,,,"conhecimento, e por isso que eu gostaria de assurar é que não acontece novamente. E temos disponíveis para alterar, que querem termos regulamentais, que quererem termos os procedimentos, que eu acredito que seja apenas isso, e se for necessário mais a fundo e alterar a legislação, teremos que fazer, mas acredito que seja, tenha resultado da falta de ainda de experiência ao acontecimento para esta nova realidade. Depois dos resultados, o centro de estudos judiciários avançou para",38,
75,2691.0,2706.0,44:51,45:06,15.0,0.25,88,2670.0,2700.0,44:30,45:00,30.0,9.0,0.6,0.3,Governo/Partidos,Governo/Partidos,ministra diz que processo foi bastante traumático | 20 39 | perguntas insólitas | uoquyep bugs | ssocioun e | uoquyen bug | ministra diz que processo foi bastante traumático andreia jorge luís vânia ramos i jornalistas | tvi 20 39,Other/Unknown,,,,"conhecimento, e por isso que eu gostaria de assurar é que não acontece novamente. E temos disponíveis para alterar, que querem termos regulamentais, que quererem termos os procedimentos, que eu acredito que seja apenas isso, e se for necessário mais a fundo e alterar a legislação, teremos que fazer, mas acredito que seja, tenha resultado da falta de ainda de experiência ao acontecimento para esta nova realidade. Depois dos resultados, o centro de estudos judiciários avançou para",38,
75,2691.0,2706.0,44:51,45:06,15.0,0.25,89,2700.0,2730.0,45:00,45:30,30.0,6.0,0.4,0.2,Governo/Partidos,Governo/Partidos,ministra diz que processo foi bastante traumático | 20 39 | perguntas insólitas | uoquyep bugs | ssocioun e | uoquyen bug | ministra diz que processo foi bastante traumático andreia jorge luís vânia ramos i jornalistas | tvi 20 39,Saúde,"Saúde, Justiça/Segurança",,,"uma segunda avaliação psicológica feita por psicólogos recomendados pela ordem. Mais uma polêmica na justiça Ina Saúde, o hospital na Fiel, eu vou o plano de contingência para o nível máximo, foi a derrada a resposta, a elevar a fluência aos serviços de urgência e às necessidades de internamentos doentes. Neste momento há cerca de 80 pessoas internadas e algumas delas já estão mesmo nos corredores.","38, 39",
76,2706.0,2868.0,45:06,47:48,162.0,2.7,89,2700.0,2730.0,45:00,45:30,30.0,24.0,0.14814814814814814,0.8,Saúde,"Saúde, Ambiente/Meteorologia/Proteção Civil, Justiça/Segurança",perguntas insólitas | tvi 20 39 | tvi urgências de penafiel | urgências de penafiel | doentes internados obrigados a ficar nos corredores | 20 39 | tvi | a state of the party of the party of the party of the party of the party of the party of the party of the party of the party of the party of the party of the party of the party of the party of the party of the party of the,Saúde,"Saúde, Justiça/Segurança",,,"uma segunda avaliação psicológica feita por psicólogos recomendados pela ordem. Mais uma polêmica na justiça Ina Saúde, o hospital na Fiel, eu vou o plano de contingência para o nível máximo, foi a derrada a resposta, a elevar a fluência aos serviços de urgência e às necessidades de internamentos doentes. Neste momento há cerca de 80 pessoas internadas e algumas delas já estão mesmo nos corredores.","38, 39",
76,2706.0,2868.0,45:06,47:48,162.0,2.7,90,2730.0,2760.0,45:30,46:00,30.0,30.0,0.18518518518518517,1.0,Saúde,"Saúde, Ambiente/Meteorologia/Proteção Civil, Justiça/Segurança",perguntas insólitas | tvi 20 39 | tvi urgências de penafiel | urgências de penafiel | doentes internados obrigados a ficar nos corredores | 20 39 | tvi | a state of the party of the party of the party of the party of the party of the party of the party of the party of the party of the party of the party of the party of the party of the party of the party of the party of the,Saúde,Saúde,,,"Para a ativação do nível 3 do plano de contingência contribuíram dois problemas, um deles, a grande afluência às urgências com casos de gripe, uma realidade que o hospital não esperava e que obrigou muitos doentes a ficar em internados nos corredores. Estão não só nos corredores, mas em áreas de entendimento que nos dificulta bastante a atividade assistencial do doente agudo no ojuento urgente, não é? e portanto estamos a tentar alocar-los a outras áreas do hospital. Nos últimos","40, 41",
76,2706.0,2868.0,45:06,47:48,162.0,2.7,91,2760.0,2790.0,46:00,46:30,30.0,30.0,0.18518518518518517,1.0,Saúde,"Saúde, Ambiente/Meteorologia/Proteção Civil, Justiça/Segurança",perguntas insólitas | tvi 20 39 | tvi urgências de penafiel | urgências de penafiel | doentes internados obrigados a ficar nos corredores | 20 39 | tvi | a state of the party of the party of the party of the party of the party of the party of the party of the party of the party of the party of the party of the party of the party of the party of the party of the party of the,Saúde,Saúde,,,"três dias, cerca de 1.200 as pessoas recorreram às urgências do hospital de PNAFEL, um aumento de 20% relativamente ao número habitual de admissões, mas as próximas duas semanas podem trazer ainda mais dificuldades. Nos próximos 15 dias, idemos a tê-nexírompico de agrido, mas ainda não estamos lá. Portanto, previsivelmente, durante as próximas duas semanas, estas situações poderão ainda agravar-se mais.",41,
76,2706.0,2868.0,45:06,47:48,162.0,2.7,92,2790.0,2820.0,46:30,47:00,30.0,30.0,0.18518518518518517,1.0,Saúde,"Saúde, Ambiente/Meteorologia/Proteção Civil, Justiça/Segurança",perguntas insólitas | tvi 20 39 | tvi urgências de penafiel | urgências de penafiel | doentes internados obrigados a ficar nos corredores | 20 39 | tvi | a state of the party of the party of the party of the party of the party of the party of the party of the party of the party of the party of the party of the party of the party of the party of the party of the party of the,Saúde,Saúde,,,"para a falta de capacidade do hospital contribui também os internamentos sociais. Temos neste momento 50 doentes que são casos sociais, ou seja, são doentes que não precisam de estar num hospital e que estão aqui ocupar as nossas câmas. Ora, este é uma gestão difícil que se vai fazendo quase minuto a minuto. A ativação do nível 3 do PAN de contingência permita ao hospital reforçar o número de profissionais e distribuir os doentes internados por outros espaços do hospital",42,
76,2706.0,2868.0,45:06,47:48,162.0,2.7,93,2820.0,2850.0,47:00,47:30,30.0,30.0,0.18518518518518517,1.0,Saúde,"Saúde, Ambiente/Meteorologia/Proteção Civil, Justiça/Segurança",perguntas insólitas | tvi 20 39 | tvi urgências de penafiel | urgências de penafiel | doentes internados obrigados a ficar nos corredores | 20 39 | tvi | a state of the party of the party of the party of the party of the party of the party of the party of the party of the party of the party of the party of the party of the party of the party of the party of the party of the,Other/Unknown,,,,"ou até por outras instituições. São mais de 25 mil casos no ano. O registro é de 2023 e feitas as contas,","42, 43",
76,2706.0,2868.0,45:06,47:48,162.0,2.7,94,2850.0,2880.0,47:30,48:00,30.0,18.0,0.1111111111111111,0.6,Saúde,"Saúde, Ambiente/Meteorologia/Proteção Civil, Justiça/Segurança",perguntas insólitas | tvi 20 39 | tvi urgências de penafiel | urgências de penafiel | doentes internados obrigados a ficar nos corredores | 20 39 | tvi | a state of the party of the party of the party of the party of the party of the party of the party of the party of the party of the party of the party of the party of the party of the party of the party of the party of the,Saúde,"Saúde, Justiça/Segurança",,,"isto significa que, em média, a cada dois minutos, uma pessoa em Portugal deu entrada nas urgências por causa de acidentes domésticos e de laser. De acordo com o relatório evita do Instituto Nacional de Saúde, doutor Ricardo Jorges, 90 destes acidentes foram fatais. Os dados referem a 2023 e mostram que as quedas foram o acidente mais frequente, com quase 69% dos registros. E é em casa onde há mais",43,
77,2868.0,2871.0,47:48,47:51,3.0,0.05,94,2850.0,2880.0,47:30,48:00,30.0,3.0,1.0,0.1,Other/Unknown,Ambiente/Meteorologia/Proteção Civil,bombeiros | 20 42 | tvi 20 42,Saúde,"Saúde, Justiça/Segurança",,,"isto significa que, em média, a cada dois minutos, uma pessoa em Portugal deu entrada nas urgências por causa de acidentes domésticos e de laser. De acordo com o relatório evita do Instituto Nacional de Saúde, doutor Ricardo Jorges, 90 destes acidentes foram fatais. Os dados referem a 2023 e mostram que as quedas foram o acidente mais frequente, com quase 69% dos registros. E é em casa onde há mais",43,
78,2871.0,2883.0,47:51,48:03,12.0,0.2,94,2850.0,2880.0,47:30,48:00,30.0,9.0,0.75,0.3,Other/Unknown,,tvi 20 42 | font | 20 42 | fonte relatório evita 2023 | tvi,Saúde,"Saúde, Justiça/Segurança",,,"isto significa que, em média, a cada dois minutos, uma pessoa em Portugal deu entrada nas urgências por causa de acidentes domésticos e de laser. De acordo com o relatório evita do Instituto Nacional de Saúde, doutor Ricardo Jorges, 90 destes acidentes foram fatais. Os dados referem a 2023 e mostram que as quedas foram o acidente mais frequente, com quase 69% dos registros. E é em casa onde há mais",43,
78,2871.0,2883.0,47:51,48:03,12.0,0.2,95,2880.0,2910.0,48:00,48:30,30.0,3.0,0.25,0.1,Other/Unknown,,tvi 20 42 | font | 20 42 | fonte relatório evita 2023 | tvi,Justiça/Segurança,Justiça/Segurança,,,"ocorrencias, com cerca de 51%. As vítimas mais graves são na sua maioria pessoas idosas. Quase 23% tem mais de 75 anos. No grupo atário foram hospitalizadas quase 60% das vítimas, com um período de internaamento que chegou em muitos casos aos dois meses. Entre os idosos são as mulheres que é mais sofre com acidentes domésticos. Com a pressão imuliaria e a crise da","43, 44, 45",
79,2883.0,2889.0,48:03,48:09,6.0,0.1,95,2880.0,2910.0,48:00,48:30,30.0,6.0,1.0,0.2,Other/Unknown,,tvi 20 42,Justiça/Segurança,Justiça/Segurança,,,"ocorrencias, com cerca de 51%. As vítimas mais graves são na sua maioria pessoas idosas. Quase 23% tem mais de 75 anos. No grupo atário foram hospitalizadas quase 60% das vítimas, com um período de internaamento que chegou em muitos casos aos dois meses. Entre os idosos são as mulheres que é mais sofre com acidentes domésticos. Com a pressão imuliaria e a crise da","43, 44, 45",
80,2889.0,2898.0,48:09,48:18,9.0,0.15,95,2880.0,2910.0,48:00,48:30,30.0,9.0,1.0,0.3,Other/Unknown,,tvi 20 42 | claudia campilho jornalista | cláudia campilho i jornalista | ra i editor de imagein | paulo moura i editor de imagem | ulo moura editor de imagem,Justiça/Segurança,Justiça/Segurança,,,"ocorrencias, com cerca de 51%. As vítimas mais graves são na sua maioria pessoas idosas. Quase 23% tem mais de 75 anos. No grupo atário foram hospitalizadas quase 60% das vítimas, com um período de internaamento que chegou em muitos casos aos dois meses. Entre os idosos são as mulheres que é mais sofre com acidentes domésticos. Com a pressão imuliaria e a crise da","43, 44, 45",
81,2898.0,2901.0,48:18,48:21,3.0,0.05,95,2880.0,2910.0,48:00,48:30,30.0,3.0,1.0,0.1,Other/Unknown,,tvi 20 42,Justiça/Segurança,Justiça/Segurança,,,"ocorrencias, com cerca de 51%. As vítimas mais graves são na sua maioria pessoas idosas. Quase 23% tem mais de 75 anos. No grupo atário foram hospitalizadas quase 60% das vítimas, com um período de internaamento que chegou em muitos casos aos dois meses. Entre os idosos são as mulheres que é mais sofre com acidentes domésticos. Com a pressão imuliaria e a crise da","43, 44, 45",
82,2901.0,2994.0,48:21,49:54,93.0,1.55,95,2880.0,2910.0,48:00,48:30,30.0,9.0,0.0967741935483871,0.3,Other/Unknown,,tvi 20 42 | fonte relatório | 20 42 | fonte relatório evita 2023 | tvi | ocupar uma casa compensa | lei levanta dúvidas quanto à proteção dos proprietários | 20 43,Justiça/Segurança,Justiça/Segurança,,,"ocorrencias, com cerca de 51%. As vítimas mais graves são na sua maioria pessoas idosas. Quase 23% tem mais de 75 anos. No grupo atário foram hospitalizadas quase 60% das vítimas, com um período de internaamento que chegou em muitos casos aos dois meses. Entre os idosos são as mulheres que é mais sofre com acidentes domésticos. Com a pressão imuliaria e a crise da","43, 44, 45",
82,2901.0,2994.0,48:21,49:54,93.0,1.55,96,2910.0,2940.0,48:30,49:00,30.0,30.0,0.3225806451612903,1.0,Other/Unknown,,tvi 20 42 | fonte relatório | 20 42 | fonte relatório evita 2023 | tvi | ocupar uma casa compensa | lei levanta dúvidas quanto à proteção dos proprietários | 20 43,Habitação,"Habitação, Justiça/Segurança",,,"habitação, tem esse multiplicado caso de ocupação illegal, de casas especialmente nos grandes centros urbanos do país. Mas a lei protege os ocupas, senão vejamos. A pena para quem furta um simples objeto é mais elevada do que aquela que se aplica a quem ocupa ilgalmente o que não lhe pretende. A nova legislação que entrou em vigor continua a prever dois anos de prisão ou multa-dieté dos 140","45, 46",
82,2901.0,2994.0,48:21,49:54,93.0,1.55,97,2940.0,2970.0,49:00,49:30,30.0,30.0,0.3225806451612903,1.0,Other/Unknown,,tvi 20 42 | fonte relatório | 20 42 | fonte relatório evita 2023 | tvi | ocupar uma casa compensa | lei levanta dúvidas quanto à proteção dos proprietários | 20 43,Justiça/Segurança,Justiça/Segurança,,,"dias para quem ocupar ilgalmente propriedade alheia. As altrações decidem nas situações mais extremas. Em caso de violência ou de ameaça grave, apenas só para os três anos. Já quando a ocupação se destina a fim esproficionais ou para obter lucros, passa um limite de 4 anos de prisão.",46,
83,2994.0,3003.0,49:54,50:03,9.0,0.15,99,3000.0,3030.0,50:00,50:30,30.0,3.0,0.3333333333333333,0.1,Other/Unknown,,okupas em portugal | tvi 20 44 | 20 44,Other/Unknown,,,,"tem algumas dúvidas e dúvidas pluscintas, porque temos sempre que pondrar, que quem ocupou, apesar de toda a ilicidade do comportamento, vai sempre tentar evitar o resultado da desocupação, invocando que ele tenha sua sede familiar organizada, mas temos sempre que pondrar a essência, por exemplo, minhas gravidas, crianças e idosos.",47,
84,3003.0,3066.0,50:03,51:06,63.0,1.05,99,3000.0,3030.0,50:00,50:30,30.0,27.0,0.42857142857142855,0.9,Habitação,Habitação,okupas em portugal | 1 20 44 | crise da habitação potencia ocupação ilegal de casas | 20 44 | assizement | 1 vi 20 44 | crise da habitação potencia ocupação ilegal de casa | tvi 20 44,Other/Unknown,,,,"tem algumas dúvidas e dúvidas pluscintas, porque temos sempre que pondrar, que quem ocupou, apesar de toda a ilicidade do comportamento, vai sempre tentar evitar o resultado da desocupação, invocando que ele tenha sua sede familiar organizada, mas temos sempre que pondrar a essência, por exemplo, minhas gravidas, crianças e idosos.",47,
84,3003.0,3066.0,50:03,51:06,63.0,1.05,100,3030.0,3060.0,50:30,51:00,30.0,30.0,0.47619047619047616,1.0,Habitação,Habitação,okupas em portugal | 1 20 44 | crise da habitação potencia ocupação ilegal de casas | 20 44 | assizement | 1 vi 20 44 | crise da habitação potencia ocupação ilegal de casa | tvi 20 44,Other/Unknown,,,,"Falou apenas 15 minutos para o Grande de Bate, presencial desta noite e em Rique Gouvei, Mel acaba de chegar às instalações da TVI. O ex-chef do Estado Mayor Darmada vai estar frente a frente com António Flipp.",48,
84,3003.0,3066.0,50:03,51:06,63.0,1.05,101,3060.0,3090.0,51:00,51:30,30.0,6.0,0.09523809523809523,0.2,Habitação,Habitação,okupas em portugal | 1 20 44 | crise da habitação potencia ocupação ilegal de casas | 20 44 | assizement | 1 vi 20 44 | crise da habitação potencia ocupação ilegal de casa | tvi 20 44,Other/Unknown,,,,No debate conduzido pelo José Albert Carvalho começa às 20 horas em.,48,
85,3066.0,3177.0,51:06,52:57,111.0,1.85,101,3060.0,3090.0,51:00,51:30,30.0,24.0,0.21621621621621623,0.8,Governo/Partidos,Governo/Partidos,está na tvi | filipe às 21h no jornal nacional | 20 45 | 1 865 | jornal nacional | morreu constança cunha e sá | tvi 20 45 | tvi morreu constança cunha e sá,Other/Unknown,,,,No debate conduzido pelo José Albert Carvalho começa às 20 horas em.,48,
85,3066.0,3177.0,51:06,52:57,111.0,1.85,103,3120.0,3150.0,52:00,52:30,30.0,30.0,0.2702702702702703,1.0,Governo/Partidos,Governo/Partidos,está na tvi | filipe às 21h no jornal nacional | 20 45 | 1 865 | jornal nacional | morreu constança cunha e sá | tvi 20 45 | tvi morreu constança cunha e sá,Other/Unknown,,,,"Eu não sei se é meu fuga para a frente, não é verdade. Isso ou se ele dizer que não é verdade. E ela diz, ou uma expressão curiosa, diz, eu não tenho essa carta. Eu não sei se o facto de ser linda com a carta do topina mora no bolso. Isso não sai. Sei que o topina mora, ele é entregou. E se ele quiser que não, nesse pecado, está a faltar a verdade. A verdade dos facto, zero uma missão. Abanou o poder político e viam nascer com fronos como daram o país. A Segura disse que...",49,
85,3066.0,3177.0,51:06,52:57,111.0,1.85,104,3150.0,3180.0,52:30,53:00,30.0,27.0,0.24324324324324326,0.9,Governo/Partidos,Governo/Partidos,está na tvi | filipe às 21h no jornal nacional | 20 45 | 1 865 | jornal nacional | morreu constança cunha e sá | tvi 20 45 | tvi morreu constança cunha e sá,Other/Unknown,,,,"Se você não se importa, lhe é um desmesso.",49,
86,3177.0,3189.0,52:57,53:09,12.0,0.2,104,3150.0,3180.0,52:30,53:00,30.0,3.0,0.25,0.1,Other/Unknown,,tvi 20 47,Other/Unknown,,,,"Se você não se importa, lhe é um desmesso.",49,
86,3177.0,3189.0,52:57,53:09,12.0,0.2,105,3180.0,3210.0,53:00,53:30,30.0,9.0,0.75,0.3,Other/Unknown,,tvi 20 47,Cultura,Cultura,,,"Era uma jornalista de um rigor extremo. E, portanto, todos os critérios que fazem um bom jornalista, todos reconheciam isso, essa exigência. Depois de uma inteligência em uma cultura fora do comum, a constância com a Inça era um mundo, amante de livros e música clássica, profissor antes de chegar ao jornalismo, mas, na verdade, nunca perdeu essa essência.",50,
87,3189.0,3192.0,53:09,53:12,3.0,0.05,105,3180.0,3210.0,53:00,53:30,30.0,3.0,1.0,0.1,Other/Unknown,Governo/Partidos,can portugal | melen | tvi 20 47 | paulo rangel i ministro dos negócios estrangeiros | portugal | millery | can | mles,Cultura,Cultura,,,"Era uma jornalista de um rigor extremo. E, portanto, todos os critérios que fazem um bom jornalista, todos reconheciam isso, essa exigência. Depois de uma inteligência em uma cultura fora do comum, a constância com a Inça era um mundo, amante de livros e música clássica, profissor antes de chegar ao jornalismo, mas, na verdade, nunca perdeu essa essência.",50,
88,3192.0,3216.0,53:12,53:36,24.0,0.4,105,3180.0,3210.0,53:00,53:30,30.0,18.0,0.75,0.6,Other/Unknown,,can | miller | tvi 20 47 | muter | morreu constança cunha e sá | 20 47 | nome incontornável do jornalismo e da história da tvi | morreu constança cunha e sá nome incontornável do jornalismo e da história da tvi,Cultura,Cultura,,,"Era uma jornalista de um rigor extremo. E, portanto, todos os critérios que fazem um bom jornalista, todos reconheciam isso, essa exigência. Depois de uma inteligência em uma cultura fora do comum, a constância com a Inça era um mundo, amante de livros e música clássica, profissor antes de chegar ao jornalismo, mas, na verdade, nunca perdeu essa essência.",50,
88,3192.0,3216.0,53:12,53:36,24.0,0.4,106,3210.0,3240.0,53:30,54:00,30.0,6.0,0.25,0.2,Other/Unknown,,can | miller | tvi 20 47 | muter | morreu constança cunha e sá | 20 47 | nome incontornável do jornalismo e da história da tvi | morreu constança cunha e sá nome incontornável do jornalismo e da história da tvi,Other/Unknown,,,,"Muito bem-vindos, o debate desta",51,
89,3216.0,3222.0,53:36,53:42,6.0,0.1,106,3210.0,3240.0,53:30,54:00,30.0,6.0,1.0,0.2,Other/Unknown,,tvi 20 48 | diretor geral josé eduardo moniz | retor nuno santos | diretor nuno santos | chillips | diretores executivos frederico roque de pinho pedro santos guerreir | diretores executivos frederico roque de pinho pedro santos guerreiro,Other/Unknown,,,,"Muito bem-vindos, o debate desta",51,
90,3222.0,3228.0,53:42,53:48,6.0,0.1,106,3210.0,3240.0,53:30,54:00,30.0,6.0,1.0,0.2,Other/Unknown,,20 48 martin 5 paula oliveira raquel matos cruz | subdiretores joaquim sousa martins paula oliveira raquel matos cru | tvi 20 48 | subdiretores joaquim sousa martins paula oliveira raquel matos cruz | www tvi pt | cook,Other/Unknown,,,,"Muito bem-vindos, o debate desta",51,
91,3228.0,3240.0,53:48,54:00,12.0,0.2,106,3210.0,3240.0,53:30,54:00,30.0,12.0,1.0,0.4,Other/Unknown,Eleições/Campanha,tvi 20 48 | a televisão feita por si | debate | presidenciais 26 | tvi | tvi 21 04,Other/Unknown,,,,"Muito bem-vindos, o debate desta",51,
92,3240.0,3249.0,54:00,54:09,9.0,0.15,107,3240.0,3270.0,54:00,54:30,30.0,9.0,1.0,0.3,Other/Unknown,,tvi 21 04,Other/Unknown,,,,"noite coloca a frente a frente em rico com o VEMELE e António Flipe. O surtaio determinou que a primeira pergunta seja dirigida a OVEMELE e a última palavra do debate será de António Flipe. Muito bem-vindos, bem-vindos. O presidente da República está neste momento hospitalizado e os acampanessinamentos desta última 24 horas renovaram um debate sobre a substituição ou o processo de substituição do projeto de Estado. Estando bem em curso a",51,
93,3249.0,5208.0,54:09,01:26:48,1959.0,32.65,107,3240.0,3270.0,54:00,54:30,30.0,21.0,0.010719754977029096,0.7,Eleições/Campanha,Eleições/Campanha,tvi 21 04 | 2000 | presidenciais 26 | 00 00 | antónio filipe | gouveia e melo | henrique | henrique gouveia e melo,Other/Unknown,,,,"noite coloca a frente a frente em rico com o VEMELE e António Flipe. O surtaio determinou que a primeira pergunta seja dirigida a OVEMELE e a última palavra do debate será de António Flipe. Muito bem-vindos, bem-vindos. O presidente da República está neste momento hospitalizado e os acampanessinamentos desta última 24 horas renovaram um debate sobre a substituição ou o processo de substituição do projeto de Estado. Estando bem em curso a",51,
93,3249.0,5208.0,54:09,01:26:48,1959.0,32.65,108,3270.0,3300.0,54:30,55:00,30.0,30.0,0.015313935681470138,1.0,Eleições/Campanha,Eleições/Campanha,tvi 21 04 | 2000 | presidenciais 26 | 00 00 | antónio filipe | gouveia e melo | henrique | henrique gouveia e melo,Abertura/Manchetes,"Abertura/Manchetes, Eleições/Campanha",,,"campanha para o seu surparas natural, começamos por aqui, enrique que GoVEMELE. Boa noite aos celos de marcador, Boa noite, do doutor António Flipp, Boa noite, de Albert Carvalho. Considero que se deve comprar elei, porque é isso, o dia terminal, e","51, 52",
93,3249.0,5208.0,54:09,01:26:48,1959.0,32.65,109,3300.0,3330.0,55:00,55:30,30.0,30.0,0.015313935681470138,1.0,Eleições/Campanha,Eleições/Campanha,tvi 21 04 | 2000 | presidenciais 26 | 00 00 | antónio filipe | gouveia e melo | henrique | henrique gouveia e melo,Saúde,Saúde,,,"aproveito esta pergunta para desijar, ó se eu preso entro, uma rápida recuperação. Flizmente, tudo indica que não foi um problema de saúde muito grave, e que foi resolvido em tempo. E, portanto, Deus quer, que eu recupero rapidamente para poder exercer empreendedes suas funções.",52,
93,3249.0,5208.0,54:09,01:26:48,1959.0,32.65,110,3330.0,3360.0,55:30,56:00,30.0,30.0,0.015313935681470138,1.0,Eleições/Campanha,Eleições/Campanha,tvi 21 04 | 2000 | presidenciais 26 | 00 00 | antónio filipe | gouveia e melo | henrique | henrique gouveia e melo,Other/Unknown,,,,"grande na relação e internacional e nos sobrenos para a propriedade de falar sobre isso. É, mas é que... Vamos ter a propriedade de falar sobre isso. Eu gostaria depois de achar o tempo. Deixe-me só clarificar a em relação a esta pergunta inicial sobre a sustituição do GF de Estado. Aquilo que ele é e a costa de visão dizem",53,
93,3249.0,5208.0,54:09,01:26:48,1959.0,32.65,111,3360.0,3390.0,56:00,56:30,30.0,30.0,0.015313935681470138,1.0,Eleições/Campanha,Eleições/Campanha,tvi 21 04 | 2000 | presidenciais 26 | 00 00 | antónio filipe | gouveia e melo | henrique | henrique gouveia e melo,Other/Unknown,,,,"é que ele deve ser sustituído quando está temporariamente impedido dizer-se de suas funções. Este temporário, na sua opinião, não se coloca para esta situação concreta do quadro clínico de Marcelo Bíldozio.",53,
93,3249.0,5208.0,54:09,01:26:48,1959.0,32.65,112,3390.0,3420.0,56:30,57:00,30.0,30.0,0.015313935681470138,1.0,Eleições/Campanha,Eleições/Campanha,tvi 21 04 | 2000 | presidenciais 26 | 00 00 | antónio filipe | gouveia e melo | henrique | henrique gouveia e melo,Other/Unknown,,,,"Eu sou o bristo, eu acredito em uma constituição que eu sou ouvisto, ou seja, eu não acredito que eu vou a alguma confusão. A cerca dessa questão da substituição temporária, a substituição temporária que está prevista na constituição prevê o caso, é que",54,
93,3249.0,5208.0,54:09,01:26:48,1959.0,32.65,113,3420.0,3450.0,57:00,57:30,30.0,30.0,0.015313935681470138,1.0,Eleições/Campanha,Eleições/Campanha,tvi 21 04 | 2000 | presidenciais 26 | 00 00 | antónio filipe | gouveia e melo | henrique | henrique gouveia e melo,Other/Unknown,,,,"o próprio presidente da República, sabendo que vai estar incapacitado durante um determinado período aconteceu isso que o presidente do ar-Sampai fez uma operação prolongada em que requer ao terminal construcionado, seja reconhecida essa incapacidade da transitória e que então aí o presidente da Simbeda república assume como presidente intrino. Nas outras situações a questão não se coloca, ou seja, vendo uma situação de facto, mas, giremos, não se volve eu, eu vou errar, mas como presidente, tenho uma morte subida então o presidente da República e então linda",54,
93,3249.0,5208.0,54:09,01:26:48,1959.0,32.65,114,3450.0,3480.0,57:30,58:00,30.0,30.0,0.015313935681470138,1.0,Eleições/Campanha,Eleições/Campanha,tvi 21 04 | 2000 | presidenciais 26 | 00 00 | antónio filipe | gouveia e melo | henrique | henrique gouveia e melo,Other/Unknown,,,,"viato, o presidente da Simbeda República assume como presidente de intrino. Ora bem, nós estamos em um caso... Deu uma gravidade. Em um desses casos, felizmente, não é? E portanto, e portanto, a inclusão no celular funcionamento existente, já permulgou de diplomas, importante, está tudo normal, só o restação daqui ainda não estará completamente, mas eu se creio que tem amanhã já atral, tem portanto. Sem as perspectivas meadicas são apretemento-voleis. Nós estamos a discutir neste momento, a mais um momento de agonia na Europa, com as iniciativas de",54,
93,3249.0,5208.0,54:09,01:26:48,1959.0,32.65,115,3480.0,3510.0,58:00,58:30,30.0,30.0,0.015313935681470138,1.0,Eleições/Campanha,Eleições/Campanha,tvi 21 04 | 2000 | presidenciais 26 | 00 00 | antónio filipe | gouveia e melo | henrique | henrique gouveia e melo,Internacional,Internacional,,,"paz para a guerra na Ucrania, que foram as semidas pelo Estado Unidas da América, frequentemente com uma posição mais favorável às proteções da Rússia, da Estado invasor do que é da Ucrania, o Estado invadido. Então, o Felipe, tem dito repetidamente. Primeira pergunta foi para enriquecer o VML. Para mim? Ah, agora, não podemos não. Só que os férias vão se pegar. Eu quero ouvir os dois sobre isso. Muito bem. Sim, sim. Tem de repetir a minha dequia a","54, 55",
93,3249.0,5208.0,54:09,01:26:48,1959.0,32.65,116,3510.0,3540.0,58:30,59:00,30.0,30.0,0.015313935681470138,1.0,Eleições/Campanha,Eleições/Campanha,tvi 21 04 | 2000 | presidenciais 26 | 00 00 | antónio filipe | gouveia e melo | henrique | henrique gouveia e melo,Internacional,Internacional,,,"favor da paz e que todos os fóssos deveriam ser orientados nesses centímetros. Se deseja por isso que esta solução que está a ser gerida pelo Estados Unidos, é ainda que ignorando de forma ostensiva as proteções europeias e como é que encara o deserular destas negociações e estes possíveis como... Não sou parte dessas negociações. Eles não vão pedir a minha opinião. Ou seja, quem vai ter que te servir com as seus termos da paz, não seros, os ocrelhianos e os océiros rusos,","55, 56",
93,3249.0,5208.0,54:09,01:26:48,1959.0,32.65,117,3540.0,3570.0,59:00,59:30,30.0,30.0,0.015313935681470138,1.0,Eleições/Campanha,Eleições/Campanha,tvi 21 04 | 2000 | presidenciais 26 | 00 00 | antónio filipe | gouveia e melo | henrique | henrique gouveia e melo,Internacional,Internacional,,,"ficam com as mediações que houveram, neste caso, no juízo de Estados Unidos. E eu espero que rapidamente chegam a um acordo, porque ponha de termo à guerra no Crelho. E isso que eu quero, e quero há muito tempo, ou seja, e a desirista há muito tempo. E já é muito tarde, já me rouve muita gente. Eu quero que se perder uma oportunidade pelo caminho para este cara uma solução de paz. Infrigmente, não se chegou. Espero que seja agora. Em que termos não sou eu que descido. É aquilo que muitos... Não posso ter estados",56,
93,3249.0,5208.0,54:09,01:26:48,1959.0,32.65,118,3570.0,3600.0,59:30,01:00:00,30.0,30.0,0.015313935681470138,1.0,Eleições/Campanha,Eleições/Campanha,tvi 21 04 | 2000 | presidenciais 26 | 00 00 | antónio filipe | gouveia e melo | henrique | henrique gouveia e melo,Other/Unknown,,,,"de almas. Não estava a meia que acabei rapidamente. E quem tem que chegar a acordo, são as partes envolvidas, não sou eu. E por exemplo, não é o Estado que fosse eu. A generalidade dos especialistas é tendo que uma má paz, o primeiro passo para uma próxima guerra. E o outro passo é muito importante perceber como são as condições de negociação e o que vai ser acordado. Eu acho que quer ser primar e a paz é sempre boa. Ou seja, eu creio que é preciso chegar a um obviamente que é desjável que seja",56,
93,3249.0,5208.0,54:09,01:26:48,1959.0,32.65,119,3600.0,3630.0,01:00:00,01:00:30,30.0,30.0,0.015313935681470138,1.0,Eleições/Campanha,Eleições/Campanha,tvi 21 04 | 2000 | presidenciais 26 | 00 00 | antónio filipe | gouveia e melo | henrique | henrique gouveia e melo,Other/Unknown,,,,"uma solução duradora. que não seja isso que diz, como por exemplo, os acordes mísicos que foram intervalos, e um intervalo muito curto, e não foram respeitados e portanto a guerra recredecêu. Espero que isso não aconteça, mas o solinho que são as partes que têm que a guerra já tem dito, só duas formas de uma guerra terminar, ou que a capitulação de uma das partes de uma mesa de negociações. E essa guerra tem que acabar a mesa de negociações, que alternativa é muito de ouvir-se pior, e portanto, enquanto o antes já devia ter chegar num acordo, espero que chegem agora, seja lá","56, 57",
93,3249.0,5208.0,54:09,01:26:48,1959.0,32.65,120,3630.0,3660.0,01:00:30,01:01:00,30.0,30.0,0.015313935681470138,1.0,Eleições/Campanha,Eleições/Campanha,tvi 21 04 | 2000 | presidenciais 26 | 00 00 | antónio filipe | gouveia e melo | henrique | henrique gouveia e melo,Other/Unknown,,,,"com o formato, mas o acordo é que ser entre eles, não me prontem a mim, que é o acordo de aqueles que têm de chegar, porque ninguém pode substituir as partes.",57,
93,3249.0,5208.0,54:09,01:26:48,1959.0,32.65,122,3690.0,3720.0,01:01:30,01:02:00,30.0,30.0,0.015313935681470138,1.0,Eleições/Campanha,Eleições/Campanha,tvi 21 04 | 2000 | presidenciais 26 | 00 00 | antónio filipe | gouveia e melo | henrique | henrique gouveia e melo,Other/Unknown,,,,"O novo sistema está a induzir o novo sistema internacional em que as fronteiras, que são as fronteiras tradicionais dos Estados nação, podem ser violadas com consequências terríveis possuídem introducionais. E com consequências terríveis papás na Europa, que nos afeta diretamente a nós. Portanto, pronta que o Tênio para de Pora, é se continuar a acreditar que os elenço",58,
93,3249.0,5208.0,54:09,01:26:48,1959.0,32.65,123,3720.0,3750.0,01:02:00,01:02:30,30.0,30.0,0.015313935681470138,1.0,Eleições/Campanha,Eleições/Campanha,tvi 21 04 | 2000 | presidenciais 26 | 00 00 | antónio filipe | gouveia e melo | henrique | henrique gouveia e melo,Internacional,Internacional,,,"que é apoiado por fascistas e não nasias e que o grande democrata é o Senhor Putin, que invadiu a Ocrania e que são ter responsabilidades nunes. E, portanto, agora, temos que capitular para o Senhor Putin, que depois sentirá de certeza mais voluntado para fazer o seu grande plano, que é um plano de uma invasão lenta do leste europeu no ideal do império da ESO RSS. Olha, não está mais longe do Senhor Putin",58,
93,3249.0,5208.0,54:09,01:26:48,1959.0,32.65,124,3750.0,3780.0,01:02:30,01:03:00,30.0,30.0,0.015313935681470138,1.0,Eleições/Campanha,Eleições/Campanha,tvi 21 04 | 2000 | presidenciais 26 | 00 00 | antónio filipe | gouveia e melo | henrique | henrique gouveia e melo,Other/Unknown,,,,"do que eu. Depois é sua narrativa, ou seja, que eu é que disse que os elenço que quer apanhar a nazismo eu não disse nada,","58, 59",
93,3249.0,5208.0,54:09,01:26:48,1959.0,32.65,125,3780.0,3810.0,01:03:00,01:03:30,30.0,30.0,0.015313935681470138,1.0,Eleições/Campanha,Eleições/Campanha,tvi 21 04 | 2000 | presidenciais 26 | 00 00 | antónio filipe | gouveia e melo | henrique | henrique gouveia e melo,Other/Unknown,,,,"e são facto são os próprios, são os próprios, são os próprios factos Eu acho que isso não é relevante aqui, uma é um problema, o próprio presidente, a República, o ries, não é que é que apoia quem, é que a arquitetura de paz cremos para a Europa e essa arquitetura de paz de feio se fez, se não agora num 2022, mas há muito tempo e é preciso reconstruí-la, agravou-se em 2022, perderam só oportunidades de paz e eu disse desde, desde há muito tempo, querendo dizer, que quanto mais cedo você encontrar uma solução de paz",59,
93,3249.0,5208.0,54:09,01:26:48,1959.0,32.65,126,3810.0,3840.0,01:03:30,01:04:00,30.0,30.0,0.015313935681470138,1.0,Eleições/Campanha,Eleições/Campanha,tvi 21 04 | 2000 | presidenciais 26 | 00 00 | antónio filipe | gouveia e melo | henrique | henrique gouveia e melo,Governo/Partidos,Governo/Partidos,,,"entre você e o crânia melhor para você, melhor para o crânia, melhor para o crânia e ser solidário para como povo crâniano é defender que a guerra tivesse acabado, que não primeiro que ela tivesse evitada, podia ter sido, que são osções que se foram encontradas que podiam ter que postar uma guerra, de repente a isto também, tivesse sido aproveitadas, não foram e portanto eu pergunto agora aquilo que criam a guerra, eu discuti com ministros, eu não comi, escrevi-não, na ASEB da República, a gente fez esta coisa, esta matéria e a reunião é pública, está gravada,",59,
93,3249.0,5208.0,54:09,01:26:48,1959.0,32.65,127,3840.0,3870.0,01:04:00,01:04:30,30.0,30.0,0.015313935681470138,1.0,Eleições/Campanha,Eleições/Campanha,tvi 21 04 | 2000 | presidenciais 26 | 00 00 | antónio filipe | gouveia e melo | henrique | henrique gouveia e melo,Internacional,Internacional,,,"e ele dizia que é o único alternativo era combater a rússia porque você não podia ganhar nenhum limpo, eu disse, isso é uma posição insensata é que eles criam a guerra teofia agora, que é de ter que ter a paz, o que eu acho que deviam ter que ter que ter a paz há mais tempo. O que deviam ter que ter de paz em 2014 e em 2022. Não quiser. O que não quiser. Não queram agora. E eu conto tudo muito","59, 60",
93,3249.0,5208.0,54:09,01:26:48,1959.0,32.65,128,3870.0,3900.0,01:04:30,01:05:00,30.0,30.0,0.015313935681470138,1.0,Eleições/Campanha,Eleições/Campanha,tvi 21 04 | 2000 | presidenciais 26 | 00 00 | antónio filipe | gouveia e melo | henrique | henrique gouveia e melo,Other/Unknown,,,,"com isso, que queram a paz agora, finalmente. O que não perceberam é que a paz, com a capitulação não é uma paz, é uma imposition da vontade dos outros. E neste fim, a continuação da guerra teofia é o último crâniano. E nós não somos aqui, nós não vemos defender, ou ser uma quinta coluna dos","60, 61",
93,3249.0,5208.0,54:09,01:26:48,1959.0,32.65,129,3900.0,3930.0,01:05:00,01:05:30,30.0,30.0,0.015313935681470138,1.0,Eleições/Campanha,Eleições/Campanha,tvi 21 04 | 2000 | presidenciais 26 | 00 00 | antónio filipe | gouveia e melo | henrique | henrique gouveia e melo,Internacional,Internacional,,,"interesses. Não. Dos interesses? Ninguém assiste em fascistas. Ninguém. Fascistas. Ninguém. Da Russia atual e da Federação-Russa atual, que acha que invadeira. E invadeira o território de outros países. É uma forma legítima de fazer a diplomacia. Isso é a diplomacia da força, essa diplomacia da força. Está afetar o sistema internacional. E vai afetar tal forma. Que nos põem também em prínio no futuro. E quando fala de sujáveis podem morrer? Não, deixe-la dessa retórica dos jovens podem morrer. Isso foi suando, fui meio. Não, o que eu",61,
93,3249.0,5208.0,54:09,01:26:48,1959.0,32.65,130,3930.0,3960.0,01:05:30,01:06:00,30.0,30.0,0.015313935681470138,1.0,Eleições/Campanha,Eleições/Campanha,tvi 21 04 | 2000 | presidenciais 26 | 00 00 | antónio filipe | gouveia e melo | henrique | henrique gouveia e melo,Other/Unknown,,,,"disse? E o senhor sabe muito bem que nós temos um tartato com o anato. E esse tartado obriga a nos ativender a todos os pisos anados os países foram atacados. Judendemente a nossa vontade. E se é um tratado porque se não também não desdefenda em nós. E, de facto, o que eu acho? Não se nos mandarem. Não, não. A gente tem mesmo que nós te jabros da cor. Não, o seu deputado gostava de estar. Já, numa coligação... O seu deputado, não desculpa. Já me deu que você vai. Eu cabita a morra. O seu","61, 62",
93,3249.0,5208.0,54:09,01:26:48,1959.0,32.65,131,3960.0,3990.0,01:06:00,01:06:30,30.0,30.0,0.015313935681470138,1.0,Eleições/Campanha,Eleições/Campanha,tvi 21 04 | 2000 | presidenciais 26 | 00 00 | antónio filipe | gouveia e melo | henrique | henrique gouveia e melo,Other/Unknown,,,,deputado gostava de uma coligação só para ter as coisas positivas e não as coisas negativas. Mas agora...,62,
93,3249.0,5208.0,54:09,01:26:48,1959.0,32.65,132,3990.0,4020.0,01:06:30,01:07:00,30.0,30.0,0.015313935681470138,1.0,Eleições/Campanha,Eleições/Campanha,tvi 21 04 | 2000 | presidenciais 26 | 00 00 | antónio filipe | gouveia e melo | henrique | henrique gouveia e melo,Other/Unknown,,,,"que tem que ver em origem, marxista, da ditadura do Poulterian. E não tem isso. Desperde, desculpa. E o senhor... O senhor faz parte... Sabe, quantos anos é que eu percebi, mas não é isso. É isso, é isso. Só foi... Só foi a designação do resto do ano de uma prática. Está muito. No ano de uma prática, de modo que... Não, não é isso. O senhor é...",63,
93,3249.0,5208.0,54:09,01:26:48,1959.0,32.65,133,4020.0,4050.0,01:07:00,01:07:30,30.0,30.0,0.015313935681470138,1.0,Eleições/Campanha,Eleições/Campanha,tvi 21 04 | 2000 | presidenciais 26 | 00 00 | antónio filipe | gouveia e melo | henrique | henrique gouveia e melo,Other/Unknown,,,,"É, não atreender.",63,
93,3249.0,5208.0,54:09,01:26:48,1959.0,32.65,135,4080.0,4110.0,01:08:00,01:08:30,30.0,30.0,0.015313935681470138,1.0,Eleições/Campanha,Eleições/Campanha,tvi 21 04 | 2000 | presidenciais 26 | 00 00 | antónio filipe | gouveia e melo | henrique | henrique gouveia e melo,Internacional,Internacional,,,"É um dos países que temos, com o que temos, é uma situação de empate que há mais tempo. Eu não acredito como presidente da República possa reforcer assim, até bem importância que teve de vir ao Castro naquele país. Com que a Portugal, mas teve sempre as melhores relações. E portanto, eu acredito que há uma grande falta da sua ansia, antigo, para metacar por via do antigo comunismo, chegou a esse ponto. Porém, causa as relações históricas do Estado de Portuguesa, mas idamizada, com o Estado de Cubano, de acho que não são só portuguesas, são europeias, a nível da União Europeia é sabido que os países",64,
93,3249.0,5208.0,54:09,01:26:48,1959.0,32.65,136,4110.0,4140.0,01:08:30,01:09:00,30.0,30.0,0.015313935681470138,1.0,Eleições/Campanha,Eleições/Campanha,tvi 21 04 | 2000 | presidenciais 26 | 00 00 | antónio filipe | gouveia e melo | henrique | henrique gouveia e melo,Internacional,Internacional,,,"da União Europeia têm nações unidas, com o nada de vimento do bloqueio, que o Estado de Subjeta é mais de cento. É ilugiado no crescer. É agora. É mais de um jeito. É ilugiado aqui no crescer. Eu se quiser, eu também posso perguntar qual é o seu modelo, ser país, um país que é pitalista, qualquer como um IT ou uma coisa assim, não podemos ir por ir. Não, não, não, não. Eu acho que se quer ser cercadirada, apresenta a República. Acho que tem que ter uma portura testada, o antigo em metágio nações terá nos justos de portugueses. Eu crec que não quer avançar de aplonácticas,",64,
93,3249.0,5208.0,54:09,01:26:48,1959.0,32.65,137,4140.0,4170.0,01:09:00,01:09:30,30.0,30.0,0.015313935681470138,1.0,Eleições/Campanha,Eleições/Campanha,tvi 21 04 | 2000 | presidenciais 26 | 00 00 | antónio filipe | gouveia e melo | henrique | henrique gouveia e melo,Other/Unknown,,,PCP/CDU,"que não, mas claro, são mais centenárias. Claro, mas tenho um daí, eu acho que foi nosso colossuinha, aferna. Por tanto, isso não faz sentido. É, deixa-me clarificar aqui um ponto de vergonha. Claro, é, deixa-me clarificar aqui um ponto de vergonha. Foi uma concessão com o PCP abandonou antes de 25 de abril, não foi depois. E, portanto... Antólica do Lí, deixa-me clarificar uma questão que ficou aqui. Fala apenas a propósito da nada. Eu acho que falar sobre o que queremos para Portugal. É mais importante. O senhor começou a dizer que queria que os debates fossem coisas importantes. E depois vamos para que... Já láiremos. Já",64,
93,3249.0,5208.0,54:09,01:26:48,1959.0,32.65,138,4170.0,4200.0,01:09:30,01:10:00,30.0,30.0,0.015313935681470138,1.0,Eleições/Campanha,Eleições/Campanha,tvi 21 04 | 2000 | presidenciais 26 | 00 00 | antónio filipe | gouveia e melo | henrique | henrique gouveia e melo,Other/Unknown,,,,"falaram... Cada vista do mundo não faltaria. Já láiremos ainda tem mais uma questão internacional. Isso é como que os portugueses notaram durante 48 anos para que vivia semos a liberdade. Eu acho que isso é que era importante. É ainda tem mais uma questão internacional para colocar-me os precisos mais uma, mais uma, mais uma. Costava de clarificar... A situação Portugal? Estamos sempre a falar sobre Portugal. Não, não. Acho que não estamos a falar do outro coisa. Não, fico muito. É, costava só que... Doutor aqui uma clarificação a algo que foi dito a pouca, por causa dos jovens, de morenem, onde morenem. O Enrico veio meio adomensionou",64,
93,3249.0,5208.0,54:09,01:26:48,1959.0,32.65,139,4200.0,4230.0,01:10:00,01:10:30,30.0,30.0,0.015313935681470138,1.0,Eleições/Campanha,Eleições/Campanha,tvi 21 04 | 2000 | presidenciais 26 | 00 00 | antónio filipe | gouveia e melo | henrique | henrique gouveia e melo,Eleições/Campanha,Eleições/Campanha,,,"o artigo Quintanato, o António Flipp, na condição do presidente da República, teria de um horário e cumprir os tratados de restraud, disse que eu faria... Sim, mas... ...para a campanha da Itral. Eu faria, mas não, não, não, não, não, não. Eu sempre te feria aqui, que não vou defender com o presidente da época. Porque o Portugal deve sair das as as as as as as as as as as as as a que pretende. Mas deve ter uma voz própria. Com certeza, mas tenho uma voz assimado que... Que obriga o Estado português e que portanto? Não, não, não.",64,
93,3249.0,5208.0,54:09,01:26:48,1959.0,32.65,140,4230.0,4260.0,01:10:30,01:11:00,30.0,30.0,0.015313935681470138,1.0,Eleições/Campanha,Eleições/Campanha,tvi 21 04 | 2000 | presidenciais 26 | 00 00 | antónio filipe | gouveia e melo | henrique | henrique gouveia e melo,Other/Unknown,,,,"a invocação do artigo quinto, implica em plica em sede de gregos. Mas eu não sou especialista aqui. É, sim, é, se desculpa. Nós vemos que na Ná, desigandamente, sobre vários assuntos, até ter vivido ao pneus diversas. Por exemplo, a presidão do abenço como a Turquia, que tem outras presições, eu crec que eu não aceito a ideia, porque o fato de que tenhamos uma organização não podemos ter voz própria. Acho que temos que ter voz própria. Vamos dizer que... E a Ná tem mecanismos de sucionamento, que aliás, alguns deles",65,
93,3249.0,5208.0,54:09,01:26:48,1959.0,32.65,141,4260.0,4290.0,01:11:00,01:11:30,30.0,30.0,0.015313935681470138,1.0,Eleições/Campanha,Eleições/Campanha,tvi 21 04 | 2000 | presidenciais 26 | 00 00 | antónio filipe | gouveia e melo | henrique | henrique gouveia e melo,Other/Unknown,,,,"apontam para a necessidade de concessar que tem dos Estados Membros. E eu acho que Portugal tem que fazer valer a sua voz. Está claro a sua posição. O que nós mandarem a moquestura de ver se tiveta, mandávamos o repói da que tinha presido, mas português e um repói da que... Aquela guerra... Deixa-me só dizer uma coisa. O mandávio, o artigo quinto, é um artigo defensivo. O artigo defensivo. Por isso mesmo. E por isso ninguém ia mandar morrer português supói da que. Não ter a só para as pessoas que é isso. Isso é uma tentativa de ilumção. É que a Vemelo do Oficiano. Não fiz a guerra,",65,
93,3249.0,5208.0,54:09,01:26:48,1959.0,32.65,142,4290.0,4320.0,01:11:30,01:12:00,30.0,30.0,0.015313935681470138,1.0,Eleições/Campanha,Eleições/Campanha,tvi 21 04 | 2000 | presidenciais 26 | 00 00 | antónio filipe | gouveia e melo | henrique | henrique gouveia e melo,Economia/Proteção Social,"Economia/Proteção Social, Internacional",,,"não é? Estão mais convocantes e equilíbrio de tempos que vamos corrigir a seguir. O último tema que tem a ver com... Isso tem que ser para ver com Portugal. Sempre, sempre, sempre. O que está a ver? Se me escritir o pacote laboral. Salairemos, está bem. Sáudas, está bem. Salairemos. O salário. Neste momento, está também agravarse. Está também a gravar-se. E não saber onde é que vão morrer. Está também a gravar-se a atenção militar entre os Estados Unidos e Venezuela, onde vivem cerca de 400 mil português e ilusos outros gendentes. Estamos a falar do Portugal. Numa circunstancia destas e rico VML. Qual é que deve ser o",65,
93,3249.0,5208.0,54:09,01:26:48,1959.0,32.65,143,4320.0,4350.0,01:12:00,01:12:30,30.0,30.0,0.015313935681470138,1.0,Eleições/Campanha,Eleições/Campanha,tvi 21 04 | 2000 | presidenciais 26 | 00 00 | antónio filipe | gouveia e melo | henrique | henrique gouveia e melo,Other/Unknown,,,,"comportamento de atitude que o presidente da República pode e deve adotar para ajudar a salvar a guardar a vida e os bens destas pessoas, destas gratuitas? É só um assunto de mais elevado importância que estou convencido com o nosso que verde em nossa diplomacia. Estão atratados junto dos nossos suviados.",65,
93,3249.0,5208.0,54:09,01:26:48,1959.0,32.65,144,4350.0,4380.0,01:12:30,01:13:00,30.0,30.0,0.015313935681470138,1.0,Eleições/Campanha,Eleições/Campanha,tvi 21 04 | 2000 | presidenciais 26 | 00 00 | antónio filipe | gouveia e melo | henrique | henrique gouveia e melo,Other/Unknown,,,,"No regime, a força sim põe sem serosterições. É a lei do mais forte. É a lei do mais forte. Isso é preguoso e nós, juntos, nos saliados, devemos fazer",66,
93,3249.0,5208.0,54:09,01:26:48,1959.0,32.65,145,4380.0,4410.0,01:13:00,01:13:30,30.0,30.0,0.015313935681470138,1.0,Eleições/Campanha,Eleições/Campanha,tvi 21 04 | 2000 | presidenciais 26 | 00 00 | antónio filipe | gouveia e melo | henrique | henrique gouveia e melo,Other/Unknown,,,,refletir as nossas posições com tudo o que nós temos da nossa capacidade diplomática e juquesse também estar a ser feito na preservação dessa grande comunidade que vive na visão.,66,
93,3249.0,5208.0,54:09,01:26:48,1959.0,32.65,146,4410.0,4440.0,01:13:30,01:14:00,30.0,30.0,0.015313935681470138,1.0,Eleições/Campanha,Eleições/Campanha,tvi 21 04 | 2000 | presidenciais 26 | 00 00 | antónio filipe | gouveia e melo | henrique | henrique gouveia e melo,Other/Unknown,,,,"Então, é só um enquadrar o tema do Tony Flip, fazendo aqui o meu papel. O país vai enfrentar na próxima de uma greda geral o que significa que,",67,
93,3249.0,5208.0,54:09,01:26:48,1959.0,32.65,147,4440.0,4470.0,01:14:00,01:14:30,30.0,30.0,0.015313935681470138,1.0,Eleições/Campanha,Eleições/Campanha,tvi 21 04 | 2000 | presidenciais 26 | 00 00 | antónio filipe | gouveia e melo | henrique | henrique gouveia e melo,Governo/Partidos,"Eleições/Campanha, Governo/Partidos",,,"desde logo, falta de consenso entre os parceiros sociais. Além disso, as mudanças ao código do trabalho que estiveram na origem da convocação desta greda não constavam do programa do Governo e não foram objeto de discussão na campanha para as legislativas que ocorreram em maio. O Governo apresentou em mês e meio depois, em julho, o anteprojado com estas medidas... a intervenção do presidente da","67, 68",
93,3249.0,5208.0,54:09,01:26:48,1959.0,32.65,148,4470.0,4500.0,01:14:30,01:15:00,30.0,30.0,0.015313935681470138,1.0,Eleições/Campanha,Eleições/Campanha,tvi 21 04 | 2000 | presidenciais 26 | 00 00 | antónio filipe | gouveia e melo | henrique | henrique gouveia e melo,Greves/Trabalho,Greves/Trabalho,,,"República, pode ou deve contribuir para um entendimento numa matéria que, com o agredo, se torna prejudicial para todos, que é aquilo que fazem, que é aquilo que assentem. O que que faria? O que poderia fazer nesta circunstância? O presidente deve interver, no sentido de ajudar, a mudar as posições e encontrar ação com o senso que se tem que ser encontrado entre três grandes entidades, que é um estado, os empregadores e os trabalhadores.",68,
93,3249.0,5208.0,54:09,01:26:48,1959.0,32.65,149,4500.0,4530.0,01:15:00,01:15:30,30.0,30.0,0.015313935681470138,1.0,Eleições/Campanha,Eleições/Campanha,tvi 21 04 | 2000 | presidenciais 26 | 00 00 | antónio filipe | gouveia e melo | henrique | henrique gouveia e melo,Economia/Proteção Social,Economia/Proteção Social,,,"A minha visão para a economia é do novo contrato social. Nós devemos ter uma economia que é pojante, porque se não distribuímos por breza. Essa economia precisa de ser liberta de alguns entravos para atingir o seu máximo potencial. Mas, pro outro lado, a economia 100 coesão social, a economia que não olha para as pessoas e que ponha as pessoas no centro das preocupações, é uma economia que...",69,
93,3249.0,5208.0,54:09,01:26:48,1959.0,32.65,151,4560.0,4590.0,01:16:00,01:16:30,30.0,30.0,0.015313935681470138,1.0,Eleições/Campanha,Eleições/Campanha,tvi 21 04 | 2000 | presidenciais 26 | 00 00 | antónio filipe | gouveia e melo | henrique | henrique gouveia e melo,Greves/Trabalho,Greves/Trabalho,,,"Direto de querido já há muito tempo, que não devem ser deslaçados e, portanto, eu acredito que é possível fazer esse novo contrato social. E essa é que é difícil, mas é conto, não é? Só com os trabalhadores e sem empresários. Só com empresários e sem trabalhadores. Neste momento, o que temos em cima da mesa resulta exatamente essa ruptura",70,
93,3249.0,5208.0,54:09,01:26:48,1959.0,32.65,152,4590.0,4620.0,01:16:30,01:17:00,30.0,30.0,0.015313935681470138,1.0,Eleições/Campanha,Eleições/Campanha,tvi 21 04 | 2000 | presidenciais 26 | 00 00 | antónio filipe | gouveia e melo | henrique | henrique gouveia e melo,Governo/Partidos,Governo/Partidos,,,"que eu tenho. Quem preside por inerência de funções ao Conselho de Nasstratação Social é o primeiro ministro. Que atribui o FESM, mas em cinuações sobre as motivações desta greva geral sobre a influência de partidos de esquerda, a posição de centrais sindicais. E só depois, na semana passada, é que o primeiro ministro reuniu com o GT, que tem uma história de assinatura de acordos de compromisso.",70,
93,3249.0,5208.0,54:09,01:26:48,1959.0,32.65,154,4650.0,4680.0,01:17:30,01:18:00,30.0,30.0,0.015313935681470138,1.0,Eleições/Campanha,Eleições/Campanha,tvi 21 04 | 2000 | presidenciais 26 | 00 00 | antónio filipe | gouveia e melo | henrique | henrique gouveia e melo,Other/Unknown,,,,"E um país também mais seguro, por que o país é seguro, mas de alguma forma, temos que garantir isso, pôfitor. E se fizermos essas três coisas bem, temos um país que nos interessa a",71,
93,3249.0,5208.0,54:09,01:26:48,1959.0,32.65,155,4680.0,4710.0,01:18:00,01:18:30,30.0,30.0,0.015313935681470138,1.0,Eleições/Campanha,Eleições/Campanha,tvi 21 04 | 2000 | presidenciais 26 | 00 00 | antónio filipe | gouveia e melo | henrique | henrique gouveia e melo,Governo/Partidos,"Governo/Partidos, Greves/Trabalho",,,"todos. António Flipp, a sua posição tem sido total ou posição, e a extante projeto do governo. Isso significa que, na sua opinião, a leitoal está bem e é melhor não me serem na. Não, não, nada, porque dá da disso, a leitoal é mais. Fregeliza muita posição do estabilhador. E aliás, não é de 1975, o código oficial, que se 2003 já se ruvita e quatro altrações até hoje, muitos recentes. E sempre para fertilizar a posição dos trabalhadores. Agora, quero alterar mais senhores tígos. Bom, mas eu acho que, já que estamos aqui no mundo",71,
93,3249.0,5208.0,54:09,01:26:48,1959.0,32.65,156,4710.0,4740.0,01:18:30,01:19:00,30.0,30.0,0.015313935681470138,1.0,Eleições/Campanha,Eleições/Campanha,tvi 21 04 | 2000 | presidenciais 26 | 00 00 | antónio filipe | gouveia e melo | henrique | henrique gouveia e melo,Eleições/Campanha,Eleições/Campanha,,,"de VAT, é muito difícil, não conseguimos perceber o que é que o candidato que vem, melhor, peça sobre coisas nenhuma. Porque diz umas mineralidades. Eu acho que o que é importante é que as pessoas saibam, o que é que nunca dá para perceber, porque peça sobre a liberalização dos experimentos, costado um pouco laboral, sobre um banco de horas individual, que abriga uma pessoa a trabalhar 50 horas, sobre a possibilidade de alguém ficar eternamente contratada para as pessoas. Soubo-se um poder a ver um despedimento coletivo e acedir o correiro ao outsourcing, provávelmente, que",71,
93,3249.0,5208.0,54:09,01:26:48,1959.0,32.65,157,4740.0,4770.0,01:19:00,01:19:30,30.0,30.0,0.015313935681470138,1.0,Eleições/Campanha,Eleições/Campanha,tvi 21 04 | 2000 | presidenciais 26 | 00 00 | antónio filipe | gouveia e melo | henrique | henrique gouveia e melo,Eleições/Campanha,"Eleições/Campanha, Greves/Trabalho",,CHEGA,"os membros trabalhadores, mas se é direitos, o que é que significa o ataca ao direito das mães à amamentação, o que é que significa o ataca a liberar a cedical. Agora, sobre isso não é conseguir, a minha posição está acido claramente despresta, sempre por não ser sobre isso. Agora, do candidato, vovou ver a amea, temos algumas mineralidades, aliás, sobre estevas, sobre qualquer. O que chega a estas assois presenciais, tem que se conhecer ao seu pensamento do línio sobre coisas nenhuma. E, por muitas expectativas que façamos, continuamos a não perceber. Porque sabemos que",71,
93,3249.0,5208.0,54:09,01:26:48,1959.0,32.65,158,4770.0,4800.0,01:19:30,01:20:00,30.0,30.0,0.015313935681470138,1.0,Eleições/Campanha,Eleições/Campanha,tvi 21 04 | 2000 | presidenciais 26 | 00 00 | antónio filipe | gouveia e melo | henrique | henrique gouveia e melo,Eleições/Campanha,Eleições/Campanha,,PS,"procura estar entre procura explorar o facto dos eletros do Partido Socialista, não se identificar muito com o candidato de os Dono de Assugura, e procurar fazer aqui um jogo de clí apples para prop dasso um Evening, quer nem façar некоторые. Você está a lembrando desde aually<|fo|>, tanto podendo szy效 instrumental. E acho que assim que continua a beber a expressão da ideia ou que é a maior vontade dão que alguma mattered.",71,
93,3249.0,5208.0,54:09,01:26:48,1959.0,32.65,159,4800.0,4830.0,01:20:00,01:20:30,30.0,30.0,0.015313935681470138,1.0,Eleições/Campanha,Eleições/Campanha,tvi 21 04 | 2000 | presidenciais 26 | 00 00 | antónio filipe | gouveia e melo | henrique | henrique gouveia e melo,Other/Unknown,,,,"passa, passa leia,",72,
93,3249.0,5208.0,54:09,01:26:48,1959.0,32.65,160,4830.0,4860.0,01:20:30,01:21:00,30.0,30.0,0.015313935681470138,1.0,Eleições/Campanha,Eleições/Campanha,tvi 21 04 | 2000 | presidenciais 26 | 00 00 | antónio filipe | gouveia e melo | henrique | henrique gouveia e melo,Economia/Proteção Social,"Eleições/Campanha, Economia/Proteção Social",,,"essa é a função presidencial, é fazer leis. Não, mas é que parece. Vai ter que dizer, perciar. Não, mas apreciar é uma coisa. Eu só vou apreciar uma coisa quando ela tiver completa. E não está completa. E o senhor está a interferir com a sua posição. Está a interferir em direitamente nas emociações. E o que está a dizer que já só defendo um lado? Olha, o senhor modelo económico já agora, estamos a falar nisso. Deixa-me dizer uma coisa. O senhor modelo económico já falhou da Constituição? Não, não é o de Constituição, o senhor modelo económico. É",72,
93,3249.0,5208.0,54:09,01:26:48,1959.0,32.65,161,4860.0,4890.0,01:21:00,01:21:30,30.0,30.0,0.015313935681470138,1.0,Eleições/Campanha,Eleições/Campanha,tvi 21 04 | 2000 | presidenciais 26 | 00 00 | antónio filipe | gouveia e melo | henrique | henrique gouveia e melo,Other/Unknown,,,,a destatização que já foi essa agora.,72,
93,3249.0,5208.0,54:09,01:26:48,1959.0,32.65,162,4890.0,4920.0,01:21:30,01:22:00,30.0,30.0,0.015313935681470138,1.0,Eleições/Campanha,Eleições/Campanha,tvi 21 04 | 2000 | presidenciais 26 | 00 00 | antónio filipe | gouveia e melo | henrique | henrique gouveia e melo,Other/Unknown,,,,"completamente e não tenho outro projeto para apresentar república, porque não seja que eu poderia fazer cumprir a costituição. Mas vai ser difícil. Mas vai ser difícil. A gerouar essa costituição. Não tem dificuldade nenhuma. Não, parece que sim. Não tem dificuldade nenhuma, tem defendido entransagimento da costituição, mas se fez da costituição da sua globalidade, incluindo os direitos fundamentais que ela consaga nesta maneira. Eu. Entre eles os direitos dos",73,
93,3249.0,5208.0,54:09,01:26:48,1959.0,32.65,163,4920.0,4950.0,01:22:00,01:22:30,30.0,30.0,0.015313935681470138,1.0,Eleições/Campanha,Eleições/Campanha,tvi 21 04 | 2000 | presidenciais 26 | 00 00 | antónio filipe | gouveia e melo | henrique | henrique gouveia e melo,Greves/Trabalho,"Economia/Proteção Social, Greves/Trabalho",,,"trabalhadores. E creio que está em cima da mesa, para que ela laborala uma violação grave, direitos constituais do seu. Já desse alguns desses direitos. E em como é a gente que tem uma economia de capital? De quando presidente da república iria certamente apreciar a costituição de as despissões aprovadas e suscitar eventualmente a sua fiscalização da costituição de li nada. E se achasse que havia outras normas, violadoras dos interesses dos trabalhadores, não deixem ir do finalizar a cima da república. Se a República faria o que entendesse, dentro da sua autonomia, por causa de",73,
93,3249.0,5208.0,54:09,01:26:48,1959.0,32.65,164,4950.0,4980.0,01:22:30,01:23:00,30.0,30.0,0.015313935681470138,1.0,Eleições/Campanha,Eleições/Campanha,tvi 21 04 | 2000 | presidenciais 26 | 00 00 | antónio filipe | gouveia e melo | henrique | henrique gouveia e melo,Economia/Proteção Social,Economia/Proteção Social,,,"paração de poderes e ao respeito. Para uma resposta breve, parece que haverá margem para negociar. Eu espero que esta proposta seja retirada. Espero que se ela não for que a senhora, é porque o que há que dizer. Eu espero que, como quiser, terá porque não tenha por não se arso sobre ela, porque ela já não exista. Porque eu creio que o que nós precisamos de respeitar, quem trabalha neste país. Eu não vou se arso. Já deixou isso para o necessário de estar trior a minha vida. É só uma soma de condições. Porque é só... É só um propósito para juntar os processos. É só salário. Esta proposta, porque tem de baixar salários,","73, 74",
93,3249.0,5208.0,54:09,01:26:48,1959.0,32.65,165,4980.0,5010.0,01:23:00,01:23:30,30.0,30.0,0.015313935681470138,1.0,Eleições/Campanha,Eleições/Campanha,tvi 21 04 | 2000 | presidenciais 26 | 00 00 | antónio filipe | gouveia e melo | henrique | henrique gouveia e melo,Greves/Trabalho,"Governo/Partidos, Economia/Proteção Social, Greves/Trabalho",,,"baixar rendimentos aos travidores ainda mais. Agora, eu não sou um docedor, os sindicatos. Eu não me substituo a sindicato, não é o governo. Isso aí é entre eles. Agora, eu, se representar a República, que eu vou ter que apesar-o começar a achar as mãos e não deixarei do apreciado. Para esse dia. Não ficaré a uma edaponta e não sou neutro. Não deve dizer, é que o de fico clar a sua desiguala. É um dos empresas, das grandes empresas, os três sustanballedores, eu não sou neutro. Eu estou com os trabalhadores sem qualquer dúvida. E que o venho é meldo? Parece que há maras em paredes negociados, mesmo depois da greva. Sim, de forma muito clara, parece-me que sim. E é","74, 75",
93,3249.0,5208.0,54:09,01:26:48,1959.0,32.65,166,5010.0,5040.0,01:23:30,01:24:00,30.0,30.0,0.015313935681470138,1.0,Eleições/Campanha,Eleições/Campanha,tvi 21 04 | 2000 | presidenciais 26 | 00 00 | antónio filipe | gouveia e melo | henrique | henrique gouveia e melo,Other/Unknown,,,,"o processo que eu devo promover e que acho que ainda não acabou. E depois, claro, quando o pacote tiver todo, se for eu o caso de ser o presidente, na altura de treio, que fazer a aposição política também, do tal e clíbrio, entre o mecônimo que deve ser projendro, mas também da equisão social que não pode ser deslossado.",75,
93,3249.0,5208.0,54:09,01:26:48,1959.0,32.65,169,5100.0,5130.0,01:25:00,01:25:30,30.0,30.0,0.015313935681470138,1.0,Eleições/Campanha,Eleições/Campanha,tvi 21 04 | 2000 | presidenciais 26 | 00 00 | antónio filipe | gouveia e melo | henrique | henrique gouveia e melo,Governo/Partidos,Governo/Partidos,,,"a mudança, mas a mudança só se faz com o governo, porque o governo tem que governar. E, portanto, não é contra o governo, portanto, não serei, nem mamário neto, do governo, nem serei uma força de bloqueio ao governo. Serei um parceiro fiável para um Portugal melhor e para um Portugal mais próximo. Antônio Fifi, faça-me a mesma pergunta. Qual será a sua maior aprocação no dia em que tomar posso? As políticas do histórico, a história, a série, até aqui, são aquelas de que nos",76,
93,3249.0,5208.0,54:09,01:26:48,1959.0,32.65,170,5130.0,5160.0,01:25:30,01:26:00,30.0,30.0,0.015313935681470138,1.0,Eleições/Campanha,Eleições/Campanha,tvi 21 04 | 2000 | presidenciais 26 | 00 00 | antónio filipe | gouveia e melo | henrique | henrique gouveia e melo,Economia/Proteção Social,"Eleições/Campanha, Governo/Partidos, Economia/Proteção Social, Justiça/Segurança",,,"chamam consciência neoliberal, de autocotativismo, PSP, SDS, AFrente do Governo, com que candidato que eu vei melhor se identifica profundamente. A minha primeira peridade é que os presos sintam que têm um presidente da República que está do seu Lávoca, conheço os seus problemas que o compreendem, que é independente do poder económico, que tem dominado o poder político no nosso país. e que presa os direitos fundamentais que estão consagrados da Constituição. E que tudo fará para que a governação das países, as príticas públicas e as expoias vão daí contra esses direitos. Que a pessoa precisa onde viram melhor, os jovens precisam de","76, 77",
93,3249.0,5208.0,54:09,01:26:48,1959.0,32.65,171,5160.0,5190.0,01:26:00,01:26:30,30.0,30.0,0.015313935681470138,1.0,Eleições/Campanha,Eleições/Campanha,tvi 21 04 | 2000 | presidenciais 26 | 00 00 | antónio filipe | gouveia e melo | henrique | henrique gouveia e melo,Saúde,"Saúde, Habitação, Educação",,,"ter professores nas escolas, os autentes têm que ter acesso ao serviço nacional de saúde, os jovens têm que ter direito a uma habitação, têm que ter arameios, os cursos para comprar uma habitação e viver em Portugal, trabalhar em Portugal e não ter em te immigrar, e que o que é importante é que as pessoas se entam, que eles geram o presente da República, que se está da cor do que a quem confia e que está do seu lado, nas resolções desses problemas, e que os seus competências costicionais e não outras, mas do quadro da Constituição para fazer com que as aplítecas",77,
93,3249.0,5208.0,54:09,01:26:48,1959.0,32.65,172,5190.0,5220.0,01:26:30,01:27:00,30.0,18.0,0.009188361408882083,0.6,Eleições/Campanha,Eleições/Campanha,tvi 21 04 | 2000 | presidenciais 26 | 00 00 | antónio filipe | gouveia e melo | henrique | henrique gouveia e melo,Other/Unknown,,,,"públicas respondam da cor das direitos que estão consagrados e que aliás o povo que tinha que conquistar o que vinte sem de abril, e que se perdeu muito, estamos muito a quem dos níveis desenvolvem medo que a Constituição prosperia e a decidir tomar esse caminho. Estou em Flipp, e reconhecidando muito obrigado por ter vivindo a TBI, a Sénian, Portugal, esta noite, o próximo debate na TBI e na Sénian, na quinta-feira entre João Cotrinho de Figueiredo e Catrina Martins.",77,
94,5208.0,5214.0,01:26:48,01:26:54,6.0,0.1,172,5190.0,5220.0,01:26:30,01:27:00,30.0,6.0,1.0,0.2,Other/Unknown,,tvi 21 37,Other/Unknown,,,,"públicas respondam da cor das direitos que estão consagrados e que aliás o povo que tinha que conquistar o que vinte sem de abril, e que se perdeu muito, estamos muito a quem dos níveis desenvolvem medo que a Constituição prosperia e a decidir tomar esse caminho. Estou em Flipp, e reconhecidando muito obrigado por ter vivindo a TBI, a Sénian, Portugal, esta noite, o próximo debate na TBI e na Sénian, na quinta-feira entre João Cotrinho de Figueiredo e Catrina Martins.",77,
95,5214.0,5232.0,01:26:54,01:27:12,18.0,0.3,172,5190.0,5220.0,01:26:30,01:27:00,30.0,6.0,0.3333333333333333,0.2,Eleições/Campanha,Eleições/Campanha,tvi 21 37 | 0000 | 0 500 | presidenciais | presidenciais 26 | diretor geral josé eduardo moniz | diretor de informação nuno santos | frederico roque de pinho,Other/Unknown,,,,"públicas respondam da cor das direitos que estão consagrados e que aliás o povo que tinha que conquistar o que vinte sem de abril, e que se perdeu muito, estamos muito a quem dos níveis desenvolvem medo que a Constituição prosperia e a decidir tomar esse caminho. Estou em Flipp, e reconhecidando muito obrigado por ter vivindo a TBI, a Sénian, Portugal, esta noite, o próximo debate na TBI e na Sénian, na quinta-feira entre João Cotrinho de Figueiredo e Catrina Martins.",77,
99,5250.0,5265.0,01:27:30,01:27:45,15.0,0.25,174,5250.0,5280.0,01:27:30,01:28:00,30.0,15.0,1.0,0.5,Economia/Proteção Social,Economia/Proteção Social,o concurso | ligue já 761200500 1 00 iv regulamento em | 1 00 iva regulamento em tvi pt | o concurso publicitário 36 20 | ligue já 761200500 | ligue já 761200500 1 00 iva regulamento em tvi pt | citário 36 2025 foi autorizado pela cmo prémi | i autorizado pela cmo prémio em cartão não,Abertura/Manchetes,Abertura/Manchetes,,,"Boa noite e meia milhão. É só isto que eu tenho para dizer. Quase, tenho um número também. 761, 250, 761, 250. Este é o seu número da sorte. O número que lhe poada dá esta possibilidade de ganhar meio milhão de euros. Não fique de fora. Tenta sua sorte. Quem liga tem esta oportunidade de mudar de vida. Meio milhão de euros muda a vida de qualquer pessoa. Está a distância de uma chamada. Uma única chamada que lhe",78,
100,5265.0,5274.0,01:27:45,01:27:54,9.0,0.15,174,5250.0,5280.0,01:27:30,01:28:00,30.0,9.0,1.0,0.3,Other/Unknown,,500 000 em cartão | participação 18 anos limite máximo diário de | prémio | nos limite máximo diário de 6 participações p | o diário de 6 participações por meio de partic | icipações por meio de participação participe | o de participação participe de forma informa | o participe de forma informada e responsáve,Abertura/Manchetes,Abertura/Manchetes,,,"Boa noite e meia milhão. É só isto que eu tenho para dizer. Quase, tenho um número também. 761, 250, 761, 250. Este é o seu número da sorte. O número que lhe poada dá esta possibilidade de ganhar meio milhão de euros. Não fique de fora. Tenta sua sorte. Quem liga tem esta oportunidade de mudar de vida. Meio milhão de euros muda a vida de qualquer pessoa. Está a distância de uma chamada. Uma única chamada que lhe",78,
101,5274.0,5277.0,01:27:54,01:27:57,3.0,0.05,174,5250.0,5280.0,01:27:30,01:28:00,30.0,3.0,1.0,0.1,Other/Unknown,,sorteio 01 01 2026 | o concurso p | o concurso publicitário 36 202,Abertura/Manchetes,Abertura/Manchetes,,,"Boa noite e meia milhão. É só isto que eu tenho para dizer. Quase, tenho um número também. 761, 250, 761, 250. Este é o seu número da sorte. O número que lhe poada dá esta possibilidade de ganhar meio milhão de euros. Não fique de fora. Tenta sua sorte. Quem liga tem esta oportunidade de mudar de vida. Meio milhão de euros muda a vida de qualquer pessoa. Está a distância de uma chamada. Uma única chamada que lhe",78,
102,5277.0,5289.0,01:27:57,01:28:09,12.0,0.2,174,5250.0,5280.0,01:27:30,01:28:00,30.0,3.0,0.25,0.1,Economia/Proteção Social,Economia/Proteção Social,oncurso publicitário 36 2025 foi autorizado | 1 00 iva regulamento em tvi p | ligue já 761200500 | tário 36 2025 foi autorizado pela cmo prémio | ligue já 761200500 1 00 iva regulamento em tvi pt | autorizado pela cmo prémio em cartão não c | mo prémio em cartão não convertível em di | 1 00 iva regulamento em tvi pt,Abertura/Manchetes,Abertura/Manchetes,,,"Boa noite e meia milhão. É só isto que eu tenho para dizer. Quase, tenho um número também. 761, 250, 761, 250. Este é o seu número da sorte. O número que lhe poada dá esta possibilidade de ganhar meio milhão de euros. Não fique de fora. Tenta sua sorte. Quem liga tem esta oportunidade de mudar de vida. Meio milhão de euros muda a vida de qualquer pessoa. Está a distância de uma chamada. Uma única chamada que lhe",78,
102,5277.0,5289.0,01:27:57,01:28:09,12.0,0.2,175,5280.0,5310.0,01:28:00,01:28:30,30.0,9.0,0.75,0.3,Economia/Proteção Social,Economia/Proteção Social,oncurso publicitário 36 2025 foi autorizado | 1 00 iva regulamento em tvi p | ligue já 761200500 | tário 36 2025 foi autorizado pela cmo prémio | ligue já 761200500 1 00 iva regulamento em tvi pt | autorizado pela cmo prémio em cartão não c | mo prémio em cartão não convertível em di | 1 00 iva regulamento em tvi pt,Other/Unknown,,,,"pode dar esta possibilidade de ficar rico. Fica mesmo rico. Milenário, ele garo 761, 250. É o número fácil de memorizar até. Eu guardava no Telemão, porque isto mês dá jeito. 761, 250 e pensar. E agora? Vou ganhar 500 mil euros. O que vou fazer com eles? O que vou entender? Quer comprar logo uma casa? Tá feito. Um carro tá feito. Dara volta ao mundo, dá para tudo. 500 mil euros dá um para tudo. E mais alguma coisa. Só",78,
103,5289.0,5295.0,01:28:09,01:28:15,6.0,0.1,175,5280.0,5310.0,01:28:00,01:28:30,30.0,6.0,1.0,0.2,Other/Unknown,,os limite máximo diário de 6 participações por | prémio em cartão | 500 000 em cartão | diário de 6 participações por meio de particip | prémio | ipações por meio de participação participe de | de participação participe de forma informal | participe de forma informada e responsável,Other/Unknown,,,,"pode dar esta possibilidade de ficar rico. Fica mesmo rico. Milenário, ele garo 761, 250. É o número fácil de memorizar até. Eu guardava no Telemão, porque isto mês dá jeito. 761, 250 e pensar. E agora? Vou ganhar 500 mil euros. O que vou fazer com eles? O que vou entender? Quer comprar logo uma casa? Tá feito. Um carro tá feito. Dara volta ao mundo, dá para tudo. 500 mil euros dá um para tudo. E mais alguma coisa. Só",78,
104,5295.0,5298.0,01:28:15,01:28:18,3.0,0.05,175,5280.0,5310.0,01:28:00,01:28:30,30.0,3.0,1.0,0.1,Other/Unknown,,sponsável serviço tvi meo | sorteio 01 01 2026 | ço tvi meo,Other/Unknown,,,,"pode dar esta possibilidade de ficar rico. Fica mesmo rico. Milenário, ele garo 761, 250. É o número fácil de memorizar até. Eu guardava no Telemão, porque isto mês dá jeito. 761, 250 e pensar. E agora? Vou ganhar 500 mil euros. O que vou fazer com eles? O que vou entender? Quer comprar logo uma casa? Tá feito. Um carro tá feito. Dara volta ao mundo, dá para tudo. 500 mil euros dá um para tudo. E mais alguma coisa. Só",78,
105,5298.0,5304.0,01:28:18,01:28:24,6.0,0.1,175,5280.0,5310.0,01:28:00,01:28:30,30.0,6.0,1.0,0.2,Other/Unknown,,o concurso pue | sorteio 01 01 2026 | o concurso publicitário 36 2025 | sorte10 01 01 2026 | ncurso publicitário 36 2025 foi autorizado pe | rio 36 2025 foi autorizado pela cmo prémio en | torizado pela cmo prémio em cartão não co | o prémio em cartão não convertível em dinh,Other/Unknown,,,,"pode dar esta possibilidade de ficar rico. Fica mesmo rico. Milenário, ele garo 761, 250. É o número fácil de memorizar até. Eu guardava no Telemão, porque isto mês dá jeito. 761, 250 e pensar. E agora? Vou ganhar 500 mil euros. O que vou fazer com eles? O que vou entender? Quer comprar logo uma casa? Tá feito. Um carro tá feito. Dara volta ao mundo, dá para tudo. 500 mil euros dá um para tudo. E mais alguma coisa. Só",78,
106,5304.0,5364.0,01:28:24,01:29:24,60.0,1.0,175,5280.0,5310.0,01:28:00,01:28:30,30.0,6.0,0.1,0.2,Economia/Proteção Social,Economia/Proteção Social,ligue já 761200500 1 00 iva regulamento em tvi pt | ão não convertível em dinheiro regulament | 1 00 iva regulamento em tvi pt | the property of the party of the party of the party of the party of the party of the party of the party of the party of the party of the party of the party of the party of the party of the party of the party of the party o | ivel em dinheiro regulamento em tvi pt cada | ligue já 761200500 | regulamento em tvi pt cada participação tem | tvi pt cada participação tem um c,Other/Unknown,,,,"pode dar esta possibilidade de ficar rico. Fica mesmo rico. Milenário, ele garo 761, 250. É o número fácil de memorizar até. Eu guardava no Telemão, porque isto mês dá jeito. 761, 250 e pensar. E agora? Vou ganhar 500 mil euros. O que vou fazer com eles? O que vou entender? Quer comprar logo uma casa? Tá feito. Um carro tá feito. Dara volta ao mundo, dá para tudo. 500 mil euros dá um para tudo. E mais alguma coisa. Só",78,
106,5304.0,5364.0,01:28:24,01:29:24,60.0,1.0,176,5310.0,5340.0,01:28:30,01:29:00,30.0,30.0,0.5,1.0,Economia/Proteção Social,Economia/Proteção Social,ligue já 761200500 1 00 iva regulamento em tvi pt | ão não convertível em dinheiro regulament | 1 00 iva regulamento em tvi pt | the property of the party of the party of the party of the party of the party of the party of the party of the party of the party of the party of the party of the party of the party of the party of the party of the party o | ivel em dinheiro regulamento em tvi pt cada | ligue já 761200500 | regulamento em tvi pt cada participação tem | tvi pt cada participação tem um c,Other/Unknown,,,,"precisa de ligar. Se não ligar, não ganha. Eu não ficava de fora. É que meio milhão de euros não receba assim do momento para outro. Diga lá. Onde é que foi? Um euro maisiva que é o custo da chamada. E ele pode andar meio milhão de euros. Enlá de nenhum. Só que na sua TV, é preciso ligar, é preciso tentar. É preciso acreditar. 761, 250 e depois é pensar na sua família. Pensarem em si. E o que podem fazer",78,
106,5304.0,5364.0,01:28:24,01:29:24,60.0,1.0,177,5340.0,5370.0,01:29:00,01:29:30,30.0,24.0,0.4,0.8,Economia/Proteção Social,Economia/Proteção Social,ligue já 761200500 1 00 iva regulamento em tvi pt | ão não convertível em dinheiro regulament | 1 00 iva regulamento em tvi pt | the property of the party of the party of the party of the party of the party of the party of the party of the party of the party of the party of the party of the party of the party of the party of the party of the party o | ivel em dinheiro regulamento em tvi pt cada | ligue já 761200500 | regulamento em tvi pt cada participação tem | tvi pt cada participação tem um c,Other/Unknown,,,,"com este meio milhão de euros? É verdade. Às vezes ainda parece que é assim o eluzão, não é? Como é que é possível? Até vem estar a dar meio milhão de euros. Está mesmo. E só precisa de fazer uma chamada. Uma. Pode ser que eu seja o seu dia de sorte. Vá lá. Vamos todos juntos. Ligar. 761, 250 e boa sorte. Vamos especiar.",78,
107,5364.0,5370.0,01:29:24,01:29:30,6.0,0.1,177,5340.0,5370.0,01:29:00,01:29:30,30.0,6.0,1.0,0.2,Other/Unknown,,em cadità | em cary | milhia de euro | em cartão | meio milhao de euros,Other/Unknown,,,,"com este meio milhão de euros? É verdade. Às vezes ainda parece que é assim o eluzão, não é? Como é que é possível? Até vem estar a dar meio milhão de euros. Está mesmo. E só precisa de fazer uma chamada. Uma. Pode ser que eu seja o seu dia de sorte. Vá lá. Vamos todos juntos. Ligar. 761, 250 e boa sorte. Vamos especiar.",78,
