block_id,speech_theme,speech_theme_support_sec,speech_theme_support_ratio,speech_total_overlap_sec,speech_coverage_ratio,n_speech_windows,speech_themes_present,speech_candidates_present,speech_parties_present,speech_source_segments,speech_text,speech_excerpt
1,No speech,0.0,0.0,0.0,0.0,0,,,,,,
2,No speech,0.0,0.0,0.0,0.0,0,,,,,,
3,No speech,0.0,0.0,0.0,0.0,0,,,,,,
4,No speech,0.0,0.0,0.0,0.0,0,,,,,,
5,Saúde,3.0,1.0,3.0,1.0,1,"Saúde, Internacional",,,1,"Boanã que se marceu, o redor de Osoza está a fora de prigo e a recuperar, mas cancelou as visitas da Espanha e ao Vaticano, agendadas para a próxima semana. O presidente da República foi submetido a uma cirurgia de emergência e uma erna encorrelada que teta a após ter sentido fortes dorsabdominais que levaram às urgências do","Boanã que se marceu, o redor de Osoza está a fora de prigo e a recuperar, mas cancelou as visitas da Espanha e ao Vaticano, agendadas para a próxima semana. O presidente da República foi submetido a uma cirurgia de emergência e uma erna encorrelada que teta a após ter sentido fortes dorsabdominais que levaram às urgências do"
6,Saúde,12.0,1.0,12.0,1.0,1,"Saúde, Internacional",,,1,"Boanã que se marceu, o redor de Osoza está a fora de prigo e a recuperar, mas cancelou as visitas da Espanha e ao Vaticano, agendadas para a próxima semana. O presidente da República foi submetido a uma cirurgia de emergência e uma erna encorrelada que teta a após ter sentido fortes dorsabdominais que levaram às urgências do","Boanã que se marceu, o redor de Osoza está a fora de prigo e a recuperar, mas cancelou as visitas da Espanha e ao Vaticano, agendadas para a próxima semana. O presidente da República foi submetido a uma cirurgia de emergência e uma erna encorrelada que teta a após ter sentido fortes dorsabdominais que levaram às urgências do"
7,Saúde,45.0,1.0,45.0,1.0,2,"Saúde, Internacional",,,1,"Boanã que se marceu, o redor de Osoza está a fora de prigo e a recuperar, mas cancelou as visitas da Espanha e ao Vaticano, agendadas para a próxima semana. O presidente da República foi submetido a uma cirurgia de emergência e uma erna encorrelada que teta a após ter sentido fortes dorsabdominais que levaram às urgências do hospital de São João no Porto. Durante 3 horas, o país teve um suspense sem saber se haveria necessidade de substituir o presidente da República pela Segunda figura do Estado.","Boanã que se marceu, o redor de Osoza está a fora de prigo e a recuperar, mas cancelou as visitas da Espanha e ao Vaticano, agendadas para a próxima semana. O presidente da República foi submetido a uma cirurgia de emergência e uma erna encorrelada que teta a após ter sentido fortes dorsabdominais que levaram às urgências do hospital de São João no Porto. Durante 3 horas, o país teve um suspense sem saber se haveria necessidade de substituir o presidente da República pela Segunda figura do Estado."
8,Saúde,6.0,1.0,6.0,1.0,1,Saúde,,,2,"e está bem. O risco de infecção é baixo, mas é preciso acima de tudo, cautela. Esta cirurgia foi feita de uma forma muito atempada, ou sem satéis de vir, para curar a cuidar de saúde de uma forma muito oportuna. E, portanto, com o Robán. Estamos a falar já num quadro a outro em que se encontrava o presidente. Sim, mas se tivesse decorrido algumas horas, podia não ser","e está bem. O risco de infecção é baixo, mas é preciso acima de tudo, cautela. Esta cirurgia foi feita de uma forma muito atempada, ou sem satéis de vir, para curar a cuidar de saúde de uma forma muito oportuna. E, portanto, com o Robán. Estamos a falar já num quadro a outro em que se encontrava o presidente. Sim, mas se tivesse decorrido algumas horas, podia não ser"
9,Saúde,42.0,1.0,42.0,1.0,2,Saúde,,,2,"e está bem. O risco de infecção é baixo, mas é preciso acima de tudo, cautela. Esta cirurgia foi feita de uma forma muito atempada, ou sem satéis de vir, para curar a cuidar de saúde de uma forma muito oportuna. E, portanto, com o Robán. Estamos a falar já num quadro a outro em que se encontrava o presidente. Sim, mas se tivesse decorrido algumas horas, podia não ser assim. Ainda na cama do hospital, Marcelo já voltou ao trabalho.","e está bem. O risco de infecção é baixo, mas é preciso acima de tudo, cautela. Esta cirurgia foi feita de uma forma muito atempada, ou sem satéis de vir, para curar a cuidar de saúde de uma forma muito oportuna. E, portanto, com o Robán. Estamos a falar já num quadro a outro em que se encontrava o presidente. Sim, mas se tivesse decorrido algumas horas, podia não ser assim. Ainda na cama do hospital, Marcelo já voltou ao trabalho."
10,Saúde,12.0,1.0,12.0,0.8,1,Saúde,,,2,"assim. Ainda na cama do hospital, Marcelo já voltou ao trabalho.","assim. Ainda na cama do hospital, Marcelo já voltou ao trabalho."
11,Saúde,12.0,0.2857142857142857,42.0,0.6086956521739131,2,"Governo/Partidos, Saúde",,,3,"Muito bem, que aquilo que nos foi sendo do sempre dito, mesmo antes depois da operação, e neste primeiro dia, com o pleto de internamento aqui de Marcelo Rebeaux de Souza, não há a espitádua de São João, é que o presidente da República teve sempre o presidente que conhecemos, muito comunicativo, muito conversador, bem disposto, agradeceu aos profissionais de saúde. Já recebeu estas duas visitas de Luís Montenegro e também do presidente da Assembleia da República. E, portanto, o que importa agora perceberá, efetivamente, como exterram as próximas horas, e hoje já não haverá mais nenhum ponto de situação por parte do hospital, mas amanhã dia em que Marcelo Rebeaux de Souza poderá ter alta, e sim está a provir que possam novamente falar, se tudo correr bem, pelo meu último, com os órgãos de comunicação social,","Muito bem, que aquilo que nos foi sendo do sempre dito, mesmo antes depois da operação, e neste primeiro dia, com o pleto de internamento aqui de Marcelo Rebeaux de Souza, não há a espitádua de São João, é que o presidente da República teve sempre o presidente que conhecemos, muito comunicativo, muito conversador, bem disposto, agradeceu aos profissionais de saúde. Já recebeu estas duas visitas de Luís Montenegro e também do presidente da Assembleia da República. E, portanto, o que importa agora perceberá, efetivamente, como exterram as próximas horas, e hoje já não haverá mais nenhum ponto de situação por parte do hospital, mas amanhã dia em que Marcelo Rebeaux de Souza poderá ter alta, e s..."
12,Saúde,150.0,0.8333333333333334,180.0,1.0,7,"Governo/Partidos, Saúde",,,"3, 4, 5, 6","da República teve sempre o presidente que conhecemos, muito comunicativo, muito conversador, bem disposto, agradeceu aos profissionais de saúde. Já recebeu estas duas visitas de Luís Montenegro e também do presidente da Assembleia da República. E, portanto, o que importa agora perceberá, efetivamente, como exterram as próximas horas, e hoje já não haverá mais nenhum ponto de situação por parte do hospital, mas amanhã dia em que Marcelo Rebeaux de Souza poderá ter alta, e sim está a provir que possam novamente falar, se tudo correr bem, pelo meu último, com os órgãos de comunicação social, para dizer, efetivamente, como é que o presidente da República passou esta última noite, se for efetivamente, a última noite aqui no hospital de São João. Mas sempre muito colaborativo também com os médicos, que nos disseram que respeitava aquilo que os médicos le pediam. Sabemos que Marcelo Rebeaux de Souza é um presidente muito ativo, com muita energia que quer logo entrar a outra vez na ação, digamos assim, aliás, no dia a dia ontem depois da operação, já queria discutir qual é que era a sua agenda para os próximos dias. Por isso, aí, a Marcelo Rebeaux de Souza, que os médicos foram encontrando ao longo do dia de hoje, e, em porta, perceber também como é que vai passar, então, a noite, o dia a dia amanhã, começa também com uma visita que estava prevista para a noite de hoje, falo de José Luis Carneiro, secretário-Geraldo, do Partido Celista, que, quando você percebeu, queria chegar aqui ao Ports e ao hospital de São João, já tarde resolveu adiar esta visita. Para amanhã, às 9 da manhã. E a está José Luis Carveiro vai visitar também o presente arrepúbico, e isso depois de como bem dizias, Leonardo José Pedro Aguí<|da|> foi que ilgearam a intervenção rápida do SNS e também a boa disposição do presente arrepúbico, mesmo depois de uma cirurgia. E é o que tem feito mesmo no hospital, Marcelo Baldoso, a promulgou esta terça-feira, um diploma do governo. É, portanto, caso para dizer que está a trabalhar bem. Desmonte negro, toma a boa nota, da vitalidade do presidente, e não perde a oportunidade para recordar a qualidade do SNS. Também tivemos ocasião de verificar com o serviço nacional de saúde, fez a sua parte, fez com competência, fez com o espírito de serviço e demissão, que é o apanágio diário de muitos milhares de profissionais, que servem o nosso sistema de saúde, o serviço nacional de saúde também. As próximas visitas do Luís Montenegro e a Guia Branco serão certamente ao palácio de balei, onde Marcelo Baldoso às vezes fica a recuperar e, claro, a trabalhar. Até amanhã noites, hora que terminou a cirurgial, presenta a República, houve uma corrida ao dicional e um médico para entender o real significado deste diagnóstico. E o prigo real para a saúde. Uma erna encarfrada pode ter como causa uma tosse mais forte ou uma simples obstipação. Mas quando","da República teve sempre o presidente que conhecemos, muito comunicativo, muito conversador, bem disposto, agradeceu aos profissionais de saúde. Já recebeu estas duas visitas de Luís Montenegro e também do presidente da Assembleia da República. E, portanto, o que importa agora perceberá, efetivamente, como exterram as próximas horas, e hoje já não haverá mais nenhum ponto de situação por parte do hospital, mas amanhã dia em que Marcelo Rebeaux de Souza poderá ter alta, e sim está a provir que possam novamente falar, se tudo correr bem, pelo meu último, com os órgãos de comunicação social, para dizer, efetivamente, como é que o presidente da República passou esta última noite, se for efetivam..."
13,Saúde,18.0,0.23076923076923078,78.0,0.6341463414634146,3,Saúde,,,"5, 6, 7","Luís Montenegro e a Guia Branco serão certamente ao palácio de balei, onde Marcelo Baldoso às vezes fica a recuperar e, claro, a trabalhar. Até amanhã noites, hora que terminou a cirurgial, presenta a República, houve uma corrida ao dicional e um médico para entender o real significado deste diagnóstico. E o prigo real para a saúde. Uma erna encarfrada pode ter como causa uma tosse mais forte ou uma simples obstipação. Mas quando acontece, existe uma intervenção rápida. Uma erna encarcerada surscunda a pareda dominal na zona da barriga, abre o espaço por onde há algum descido, normalmente o instino delgado consegue passar, ficando depois preso sem voltar ao lugar, formando o que se chama uma anza. As causas são diversas e até podem ser situações comuns. De ser que as pessoas triviasco, o matósses se cedo, o que é o outro dia, os espotos, ou às vezes a objetivação crônica. Os sintomas são dor e enxaste no local da erna febre, e, como aconteceu com o presidente da República, nausias e vômitos. Quando se tem uma erna encarcerada, a sussão passa normalmente pela cirurgia para recolocar o descido no lugar. E o tempo de resposta é importante, pelas consequências, que pode ter a demora.","Luís Montenegro e a Guia Branco serão certamente ao palácio de balei, onde Marcelo Baldoso às vezes fica a recuperar e, claro, a trabalhar. Até amanhã noites, hora que terminou a cirurgial, presenta a República, houve uma corrida ao dicional e um médico para entender o real significado deste diagnóstico. E o prigo real para a saúde. Uma erna encarfrada pode ter como causa uma tosse mais forte ou uma simples obstipação. Mas quando acontece, existe uma intervenção rápida. Uma erna encarcerada surscunda a pareda dominal na zona da barriga, abre o espaço por onde há algum descido, normalmente o instino delgado consegue passar, ficando depois preso sem voltar ao lugar, formando o que se chama uma..."
14,Eleições/Campanha,30.0,0.4166666666666667,72.0,0.8275862068965517,3,"Eleições/Campanha, Saúde, Governo/Partidos, Justiça/Segurança",Catarina Martins,,"8, 9","As agendas dos candidatos presidenciais foram invitablemente marcadas pelo estado de saúde do atual presidente da República. A cirurgia, ao chefe de estado, levantou uma questão de via ou não ser substituído no cargo. Do ismarques mentes e a da aventura não têm dúvidas. Esse período, como é o caso agora de Marçalba-Odeçosa, não nos torna incapazes de tomar decisões. Quando estamos conscientes e com capacidade de tomar, pense que é o caso do presidente Marçalba-Odeçosa. E o portanto não há motivo nenhum para que Marçalba-Odeçosa seja substituído. Por ninguém e por nenhum cargo. Está na planitude neste momento das suas capacidades. O presidente não está incapacitado. A verdade é que a Constituição não é clara no artigo 162, diz que paranto o introdimento temporário, o presidente deve ser substituído pelo presidente da Assembleia da República. Para isso o acontecer, teria de ser o procurador geral da República a solicitar a substituição de Marcelo, mas o Tribunal Constitucional teria de se pronunciar. O objetivo é evitar um afestamento forçado do presidente, Catarina Martins, diz que a situação não se culcou apesar da intervenção cirúrgica. Sabemos que teve uma intervenção cirúrgica que correu bem, que acordou e","As agendas dos candidatos presidenciais foram invitablemente marcadas pelo estado de saúde do atual presidente da República. A cirurgia, ao chefe de estado, levantou uma questão de via ou não ser substituído no cargo. Do ismarques mentes e a da aventura não têm dúvidas. Esse período, como é o caso agora de Marçalba-Odeçosa, não nos torna incapazes de tomar decisões. Quando estamos conscientes e com capacidade de tomar, pense que é o caso do presidente Marçalba-Odeçosa. E o portanto não há motivo nenhum para que Marçalba-Odeçosa seja substituído. Por ninguém e por nenhum cargo. Está na planitude neste momento das suas capacidades. O presidente não está incapacitado. A verdade é que a Constitu..."
15,Governo/Partidos,18.0,0.375,48.0,1.0,2,"Governo/Partidos, Justiça/Segurança",Catarina Martins,,9,"que a Constituição não é clara no artigo 162, diz que paranto o introdimento temporário, o presidente deve ser substituído pelo presidente da Assembleia da República. Para isso o acontecer, teria de ser o procurador geral da República a solicitar a substituição de Marcelo, mas o Tribunal Constitucional teria de se pronunciar. O objetivo é evitar um afestamento forçado do presidente, Catarina Martins, diz que a situação não se culcou apesar da intervenção cirúrgica. Sabemos que teve uma intervenção cirúrgica que correu bem, que acordou e portanto está na plena de capacidade e a natural que estão em plena de capacidade não se faça substituir. A decisão foi tomada seguramente em pouco tempo, na verdade provas que novo em uma necessidade correu tudo bem, portanto acho que também não vale bem a criarmos problemas a não ir a eles não exista.","que a Constituição não é clara no artigo 162, diz que paranto o introdimento temporário, o presidente deve ser substituído pelo presidente da Assembleia da República. Para isso o acontecer, teria de ser o procurador geral da República a solicitar a substituição de Marcelo, mas o Tribunal Constitucional teria de se pronunciar. O objetivo é evitar um afestamento forçado do presidente, Catarina Martins, diz que a situação não se culcou apesar da intervenção cirúrgica. Sabemos que teve uma intervenção cirúrgica que correu bem, que acordou e portanto está na plena de capacidade e a natural que estão em plena de capacidade não se faça substituir. A decisão foi tomada seguramente em pouco tempo, na..."
16,Justiça/Segurança,3.0,1.0,3.0,1.0,1,Justiça/Segurança,,,10,"Lisboa foi pálco de um cenário típico de um filme de ação. A PSP do Tevo Homem, que perseguia a ex-mulher de carro na zona dos olivais, a Lisboa. A antia-companheira chegou a acionar botão de pânico, depois da viatura","Lisboa foi pálco de um cenário típico de um filme de ação. A PSP do Tevo Homem, que perseguia a ex-mulher de carro na zona dos olivais, a Lisboa. A antia-companheira chegou a acionar botão de pânico, depois da viatura"
17,Justiça/Segurança,33.0,0.5238095238095238,63.0,1.0,3,Justiça/Segurança,,,"10, 11","Lisboa foi pálco de um cenário típico de um filme de ação. A PSP do Tevo Homem, que perseguia a ex-mulher de carro na zona dos olivais, a Lisboa. A antia-companheira chegou a acionar botão de pânico, depois da viatura ter embatido contra a sua. Ela levava dois filhos monóxidos dentro do carro. Mesmo sabendo disso, o aggressor tentou a Balroala várias vezes. Ao volante do carro em Fuga, estava o atual namorado da mulher e no banco de trás seguiam o filho de nove anos, que é também filho do ex-companheiro e uma entiada de catorza, filha do atual namorado. O homem perseguiu, acompanhado por uma outra pessoa e tentou que o carro da vítima se dispistasse. Quando","Lisboa foi pálco de um cenário típico de um filme de ação. A PSP do Tevo Homem, que perseguia a ex-mulher de carro na zona dos olivais, a Lisboa. A antia-companheira chegou a acionar botão de pânico, depois da viatura ter embatido contra a sua. Ela levava dois filhos monóxidos dentro do carro. Mesmo sabendo disso, o aggressor tentou a Balroala várias vezes. Ao volante do carro em Fuga, estava o atual namorado da mulher e no banco de trás seguiam o filho de nove anos, que é também filho do ex-companheiro e uma entiada de catorza, filha do atual namorado. O homem perseguiu, acompanhado por uma outra pessoa e tentou que o carro da vítima se dispistasse. Quando"
18,Justiça/Segurança,144.0,0.6153846153846154,234.0,0.7959183673469388,8,"Justiça/Segurança, Ambiente/Meteorologia/Proteção Civil, Transportes/Mobilidade, Saúde",,,"11, 12, 13, 14","Ao volante do carro em Fuga, estava o atual namorado da mulher e no banco de trás seguiam o filho de nove anos, que é também filho do ex-companheiro e uma entiada de catorza, filha do atual namorado. O homem perseguiu, acompanhado por uma outra pessoa e tentou que o carro da vítima se dispistasse. Quando a viatura ficou momentaneamente imoblizada, o suspeito partiu para a agressão. Mas a mulher conseguiu fugir do local e pedir ajuda às autoridades. O suspeito acabou de tido pela PSP com um mandado fora de flagrante do litro. Sim, menos de quatro horas, o investigador está divisando a defesação criminal de Lisboa, conseguiram localizar entre seteiro o suspeito e, perfeitamente, teu. Em Mayoano, que a todas pessoas morreram em acidentes em que os carros se incendiaram. Dio Jota e o irmão André Silva perderam a vida num violento acidente em julho, o mês depois, em Castro verde, mais seis vítimas mortais, cinco elementos da mesma família, emigrante em Inglaterra e o ocupante do outro veículo envolvido. O mais recente é o da madrugada do mingo que vítimo ou seis jovens. Em todos estes acidentes mortais seguidos de incêndio há sempre a conjugação de três fatores. toda a ponta pronta do quente de despiste alta velocidade. Sabemos que ele colhide com o lance dele, portanto lado esquerdo, e depois vai bater no pilar acabando por inseniar-se. Tudo indica, olhando para aquelas imagens, que o nesse momento veículo se já estivesse em inseniar. Os veículos mais recentes, como é o caso, possuem já de origem, mecanismos da segurança extra para este tipo de situações. A carreira já era conhecida do motorista, mas isso não foi suficiente para evitar o acidente com um autocarro na freguesia de meia em arcos de Valdeves. O condutor viajava sozinho sem passageiros e escapou e lezo depois de se ter despistado numa curva. O vidro da frente do autocarro ficou o partido e foi por aí que o único ocupante conseguiu sair da viatura. Foi transportado para o hospital de Viana do Castelo, onde passou amanhã. As autoridades estiveram no local e iniciaram os processos abituais de investigação, mas ainda não são conhecidas as causas do despista. A TVI contactou a empresa Transportes, responsável pela viatura, que até o momento não prestou declarações. Este ano já foram registados mais de 125 mil acidentes rodaviários e o número de fritos graves e liseiros aumentou o faça ou ano passado.","Ao volante do carro em Fuga, estava o atual namorado da mulher e no banco de trás seguiam o filho de nove anos, que é também filho do ex-companheiro e uma entiada de catorza, filha do atual namorado. O homem perseguiu, acompanhado por uma outra pessoa e tentou que o carro da vítima se dispistasse. Quando a viatura ficou momentaneamente imoblizada, o suspeito partiu para a agressão. Mas a mulher conseguiu fugir do local e pedir ajuda às autoridades. O suspeito acabou de tido pela PSP com um mandado fora de flagrante do litro. Sim, menos de quatro horas, o investigador está divisando a defesação criminal de Lisboa, conseguiram localizar entre seteiro o suspeito e, perfeitamente, teu. Em Mayoan..."
19,Governo/Partidos,3.0,1.0,3.0,1.0,1,"Governo/Partidos, Internacional",,,15,"José Socatista está indignado com as dúvidas de uma série público sobre o algado e eventual pregufuga, aciada as viagens que têm feito ao Brasil e aos Emirados árabes Unidos. O antigo ministro desmente que alguma vez tenha cedido o","José Socatista está indignado com as dúvidas de uma série público sobre o algado e eventual pregufuga, aciada as viagens que têm feito ao Brasil e aos Emirados árabes Unidos. O antigo ministro desmente que alguma vez tenha cedido o"
20,Governo/Partidos,12.0,1.0,12.0,1.0,1,"Governo/Partidos, Internacional",,,15,"José Socatista está indignado com as dúvidas de uma série público sobre o algado e eventual pregufuga, aciada as viagens que têm feito ao Brasil e aos Emirados árabes Unidos. O antigo ministro desmente que alguma vez tenha cedido o","José Socatista está indignado com as dúvidas de uma série público sobre o algado e eventual pregufuga, aciada as viagens que têm feito ao Brasil e aos Emirados árabes Unidos. O antigo ministro desmente que alguma vez tenha cedido o"
21,Governo/Partidos,3.0,1.0,3.0,1.0,1,"Governo/Partidos, Internacional",,,15,"José Socatista está indignado com as dúvidas de uma série público sobre o algado e eventual pregufuga, aciada as viagens que têm feito ao Brasil e aos Emirados árabes Unidos. O antigo ministro desmente que alguma vez tenha cedido o","José Socatista está indignado com as dúvidas de uma série público sobre o algado e eventual pregufuga, aciada as viagens que têm feito ao Brasil e aos Emirados árabes Unidos. O antigo ministro desmente que alguma vez tenha cedido o"
22,Justiça/Segurança,30.0,0.5263157894736842,57.0,1.0,3,"Governo/Partidos, Internacional, Justiça/Segurança",,,"15, 16","José Socatista está indignado com as dúvidas de uma série público sobre o algado e eventual pregufuga, aciada as viagens que têm feito ao Brasil e aos Emirados árabes Unidos. O antigo ministro desmente que alguma vez tenha cedido o limite máximo de cinco dias, a partir do qual sou obrigada a comunicar o local da deslucação ao Tribunal. Vindo, medi-oriento, tinha uma","José Socatista está indignado com as dúvidas de uma série público sobre o algado e eventual pregufuga, aciada as viagens que têm feito ao Brasil e aos Emirados árabes Unidos. O antigo ministro desmente que alguma vez tenha cedido o limite máximo de cinco dias, a partir do qual sou obrigada a comunicar o local da deslucação ao Tribunal. Vindo, medi-oriento, tinha uma"
23,Other/Unknown,39.0,1.0,39.0,1.0,2,,,,16,"Vindo, medi-oriento, tinha uma jornalista do Correio da Manhã TV, perguntando o que eu fui fazer há a mudar a vina às últimas duas semanas. Quero dizer, um mistério público faz investigações às pessoas que estão em julgamento e falam clintestinamente. E depois mandam os jornalistas fazer estas perguntas.","Vindo, medi-oriento, tinha uma jornalista do Correio da Manhã TV, perguntando o que eu fui fazer há a mudar a vina às últimas duas semanas. Quero dizer, um mistério público faz investigações às pessoas que estão em julgamento e falam clintestinamente. E depois mandam os jornalistas fazer estas perguntas."
24,Justiça/Segurança,30.0,0.45454545454545453,66.0,0.6875,3,"Governo/Partidos, Justiça/Segurança",,,"16, 17, 18","jornalista do Correio da Manhã TV, perguntando o que eu fui fazer há a mudar a vina às últimas duas semanas. Quero dizer, um mistério público faz investigações às pessoas que estão em julgamento e falam clintestinamente. E depois mandam os jornalistas fazer estas perguntas. Eu fiz duas viagens à Buda-Abi ambas, ambas, foram feitas num período curto de quatro dias, cinco dias, nunca decidendo aquilo que é o prazo, ou legal. Apesar de não querer comentar, diretamente o caso, a ministra da justiça lembra que existem medidas acautiladas para as situações em que o perigo de fuga está em cima da mesa. Se o vai estar do receio de fico de qualquer pessoa que estáis ajudados, há medidas para a lei. Para que pareça situação? Não, não. Não, não. Não. Não. Não. Não. Não pode dizer, não. Não vou pronunciar sobre esse caso. Encontreto? Sujeito a termo de identidade e residência, sócrates não pode mudar de casa nem sair do país. Durante mais de cinco dias, sem comunicar as autoridades, a nova residência, ou o sítio, onde possa ser encontrar.","jornalista do Correio da Manhã TV, perguntando o que eu fui fazer há a mudar a vina às últimas duas semanas. Quero dizer, um mistério público faz investigações às pessoas que estão em julgamento e falam clintestinamente. E depois mandam os jornalistas fazer estas perguntas. Eu fiz duas viagens à Buda-Abi ambas, ambas, foram feitas num período curto de quatro dias, cinco dias, nunca decidendo aquilo que é o prazo, ou legal. Apesar de não querer comentar, diretamente o caso, a ministra da justiça lembra que existem medidas acautiladas para as situações em que o perigo de fuga está em cima da mesa. Se o vai estar do receio de fico de qualquer pessoa que estáis ajudados, há medidas para a lei. P..."
25,No speech,0.0,0.0,0.0,0.0,0,,,,,,
26,No speech,0.0,0.0,0.0,0.0,0,,,,,,
27,No speech,0.0,0.0,0.0,0.0,0,,,,,,
28,No speech,0.0,0.0,0.0,0.0,0,,,,,,
29,Internacional,30.0,0.3333333333333333,90.0,0.8571428571428571,3,Internacional,,,"19, 20","Vladimir Putin deixou os enviados do donal de soã para Moscouvo duas horas a espera e quando recebeu a Comitiva Distivo, o Itcófia já sabia o que iria dizer. O presente ruso considera inaceitáveis as propostas europeias para um acordo de paz com o Crania e por isso antes mesmo do encontro Putin deixou um aviso. A Russia não quer entrar em guerra com Europa, mas será pronta caso essa seja a vontade europeia. Antes de mais uma ronda de negociações de paz, a Russia reivindica a captura de Pokrovsky Vovciansk. A televisão russa Mostrochef das Forças Armadas em formar Vladimir Putin. O Ministerio da Defesa divulgou imagens de soldados russos no centro de Pokrovsky. E antes de reunião com os representantes americanos, o presidente confirma.","Vladimir Putin deixou os enviados do donal de soã para Moscouvo duas horas a espera e quando recebeu a Comitiva Distivo, o Itcófia já sabia o que iria dizer. O presente ruso considera inaceitáveis as propostas europeias para um acordo de paz com o Crania e por isso antes mesmo do encontro Putin deixou um aviso. A Russia não quer entrar em guerra com Europa, mas será pronta caso essa seja a vontade europeia. Antes de mais uma ronda de negociações de paz, a Russia reivindica a captura de Pokrovsky Vovciansk. A televisão russa Mostrochef das Forças Armadas em formar Vladimir Putin. O Ministerio da Defesa divulgou imagens de soldados russos no centro de Pokrovsky. E antes de reunião com os repre..."
30,No speech,0.0,0.0,0.0,0.0,0,,,,,,
31,No speech,0.0,0.0,0.0,0.0,0,,,,,,
32,No speech,0.0,0.0,0.0,0.0,0,,,,,,
33,No speech,0.0,0.0,0.0,0.0,0,,,,,,
34,No speech,0.0,0.0,0.0,0.0,0,,,,,,
35,No speech,0.0,0.0,0.0,0.0,0,,,,,,
36,No speech,0.0,0.0,0.0,0.0,0,,,,,,
37,Other/Unknown,3.0,1.0,3.0,1.0,1,,,,21,"E está a espera, bonitos, andará mais de 3 horas desses sinais que","E está a espera, bonitos, andará mais de 3 horas desses sinais que"
38,Other/Unknown,6.0,1.0,6.0,1.0,1,,,,21,"E está a espera, bonitos, andará mais de 3 horas desses sinais que","E está a espera, bonitos, andará mais de 3 horas desses sinais que"
39,Internacional,12.0,0.19047619047619047,63.0,1.0,3,Internacional,,CHEGA,21,"E está a espera, bonitos, andará mais de 3 horas desses sinais que chega em de Muscovo. E diz o presidente Vladimir Zelensky que esses sinais forem positivos, positivos para aquilo que é também o interesse da Ukraine. Estará disponível para encontrar-se com a delegação americana. E essa encontro poderá acontecer mesmo na Europa, onde Vladimir Zelensky está neste momento, como ouvimos anteriormente. O presidente do Craniano deixou algumas ideias na mensagem que deixou esta noite aos Cranianos, já depois do discurso na Irlanda, dizendo que está pronto para tomar decisões, mas essas decisões têm que ser tomadas num contexto, em que haja também fatores favoráveis para a Ucrania e sublinha mais uma vez que as garantias de segurança são muito importantes, porque diz ele quem está neste momento a combater, quem é que, garante que depois de um cessar fogo sem garantia, a lúcia não volta a","E está a espera, bonitos, andará mais de 3 horas desses sinais que chega em de Muscovo. E diz o presidente Vladimir Zelensky que esses sinais forem positivos, positivos para aquilo que é também o interesse da Ukraine. Estará disponível para encontrar-se com a delegação americana. E essa encontro poderá acontecer mesmo na Europa, onde Vladimir Zelensky está neste momento, como ouvimos anteriormente. O presidente do Craniano deixou algumas ideias na mensagem que deixou esta noite aos Cranianos, já depois do discurso na Irlanda, dizendo que está pronto para tomar decisões, mas essas decisões têm que ser tomadas num contexto, em que haja também fatores favoráveis para a Ucrania e sublinha mais u..."
40,Saúde,30.0,0.35714285714285715,84.0,0.7368421052631579,4,"Internacional, Saúde, Educação",,,"21, 22","discurso na Irlanda, dizendo que está pronto para tomar decisões, mas essas decisões têm que ser tomadas num contexto, em que haja também fatores favoráveis para a Ucrania e sublinha mais uma vez que as garantias de segurança são muito importantes, porque diz ele quem está neste momento a combater, quem é que, garante que depois de um cessar fogo sem garantia, a lúcia não volta a atacar quando as pessoas que neste momento estão na linha da frente estão a defender o país, já terem regressado aos seus trabalhos, aos médicos e os professores, portanto todas as profissões que neste momento estão de certa forma disfalcadas por causa desta guerra. Entretanto, há uma ou outra informação que, entretanto, foi divulgada pela imprensa norte-americana e que diz que Vladimir Putin parece não estar disposto a abdicar daquilo que é território, e também daquilo que é a redução das forces armadas do Cranianas e, sobretudo, também uma mensagem para a Europa que a Europa tem de reconhecer os territórios que foram anexados pelo Cremlin. Portanto, muito expectativa relativamente a esta reunião em Moscou. Não, não adiaste-se até a resba. A fazer da Utrina, a minha essa Trump pode ser estendida até a países como a China. E onde provenham os produtos químicos necessários à produção de piacios, que estão a matar perto de 100 mil mortes americanos por ano. Esse tema já está em cidadão, muitas vezes com o chineses, mas para já Trump ainda mira a América Latina. Especial a Venezuela,","discurso na Irlanda, dizendo que está pronto para tomar decisões, mas essas decisões têm que ser tomadas num contexto, em que haja também fatores favoráveis para a Ucrania e sublinha mais uma vez que as garantias de segurança são muito importantes, porque diz ele quem está neste momento a combater, quem é que, garante que depois de um cessar fogo sem garantia, a lúcia não volta a atacar quando as pessoas que neste momento estão na linha da frente estão a defender o país, já terem regressado aos seus trabalhos, aos médicos e os professores, portanto todas as profissões que neste momento estão de certa forma disfalcadas por causa desta guerra. Entretanto, há uma ou outra informação que, entret..."
41,Internacional,3.0,1.0,3.0,1.0,1,Internacional,,,22,"Não, não adiaste-se até a resba. A fazer da Utrina, a minha essa Trump pode ser estendida até a países como a China. E onde provenham os produtos químicos necessários à produção de piacios, que estão a matar perto de 100 mil mortes americanos por ano. Esse tema já está em cidadão, muitas vezes com o chineses, mas para já Trump ainda mira a América Latina. Especial a Venezuela,","Não, não adiaste-se até a resba. A fazer da Utrina, a minha essa Trump pode ser estendida até a países como a China. E onde provenham os produtos químicos necessários à produção de piacios, que estão a matar perto de 100 mil mortes americanos por ano. Esse tema já está em cidadão, muitas vezes com o chineses, mas para já Trump ainda mira a América Latina. Especial a Venezuela,"
42,Internacional,3.0,1.0,3.0,1.0,1,Internacional,,,22,"Não, não adiaste-se até a resba. A fazer da Utrina, a minha essa Trump pode ser estendida até a países como a China. E onde provenham os produtos químicos necessários à produção de piacios, que estão a matar perto de 100 mil mortes americanos por ano. Esse tema já está em cidadão, muitas vezes com o chineses, mas para já Trump ainda mira a América Latina. Especial a Venezuela,","Não, não adiaste-se até a resba. A fazer da Utrina, a minha essa Trump pode ser estendida até a países como a China. E onde provenham os produtos químicos necessários à produção de piacios, que estão a matar perto de 100 mil mortes americanos por ano. Esse tema já está em cidadão, muitas vezes com o chineses, mas para já Trump ainda mira a América Latina. Especial a Venezuela,"
43,Internacional,18.0,0.375,48.0,0.6956521739130435,2,Internacional,,,22,"Não, não adiaste-se até a resba. A fazer da Utrina, a minha essa Trump pode ser estendida até a países como a China. E onde provenham os produtos químicos necessários à produção de piacios, que estão a matar perto de 100 mil mortes americanos por ano. Esse tema já está em cidadão, muitas vezes com o chineses, mas para já Trump ainda mira a América Latina. Especial a Venezuela, me sou com os ataques contra embarcações de alugados traficantes.","Não, não adiaste-se até a resba. A fazer da Utrina, a minha essa Trump pode ser estendida até a países como a China. E onde provenham os produtos químicos necessários à produção de piacios, que estão a matar perto de 100 mil mortes americanos por ano. Esse tema já está em cidadão, muitas vezes com o chineses, mas para já Trump ainda mira a América Latina. Especial a Venezuela, me sou com os ataques contra embarcações de alugados traficantes."
44,No speech,0.0,0.0,0.0,0.0,0,,,,,,
45,Economia/Proteção Social,27.0,1.0,27.0,0.5625,1,Economia/Proteção Social,,,23,"Em janeiro atualizam suspresos, só bem as pensões do salário mínimo e também o indexante dos após sociais. É base para o cálculo dos vários após sociais e deverá crescer 2,8% em 2016 para os 537 euros. Quer isto dizer que o subsídio de desemprego deverá passar a ter um limite","Em janeiro atualizam suspresos, só bem as pensões do salário mínimo e também o indexante dos após sociais. É base para o cálculo dos vários após sociais e deverá crescer 2,8% em 2016 para os 537 euros. Quer isto dizer que o subsídio de desemprego deverá passar a ter um limite"
46,Economia/Proteção Social,6.0,1.0,6.0,1.0,2,Economia/Proteção Social,,,23,"Em janeiro atualizam suspresos, só bem as pensões do salário mínimo e também o indexante dos após sociais. É base para o cálculo dos vários após sociais e deverá crescer 2,8% em 2016 para os 537 euros. Quer isto dizer que o subsídio de desemprego deverá passar a ter um limite mínimo de 617 euros e 52 centimos e um teto a rondar os 1300 e 42 euros. No caso do subsídio social de desemprego para os beneficiários com a griga de familiar, o intervalo irá passar a estar entre os 522 e os 535 euros. Mas não são os únicos subsídios com aumentos no próximo ano, o limite mínimo do subsídio de doença sobe que 14 centimos","Em janeiro atualizam suspresos, só bem as pensões do salário mínimo e também o indexante dos após sociais. É base para o cálculo dos vários após sociais e deverá crescer 2,8% em 2016 para os 537 euros. Quer isto dizer que o subsídio de desemprego deverá passar a ter um limite mínimo de 617 euros e 52 centimos e um teto a rondar os 1300 e 42 euros. No caso do subsídio social de desemprego para os beneficiários com a griga de familiar, o intervalo irá passar a estar entre os 522 e os 535 euros. Mas não são os únicos subsídios com aumentos no próximo ano, o limite mínimo do subsídio de doença sobe que 14 centimos"
47,Economia/Proteção Social,6.0,1.0,6.0,1.0,1,Economia/Proteção Social,,,23,"mínimo de 617 euros e 52 centimos e um teto a rondar os 1300 e 42 euros. No caso do subsídio social de desemprego para os beneficiários com a griga de familiar, o intervalo irá passar a estar entre os 522 e os 535 euros. Mas não são os únicos subsídios com aumentos no próximo ano, o limite mínimo do subsídio de doença sobe que 14 centimos","mínimo de 617 euros e 52 centimos e um teto a rondar os 1300 e 42 euros. No caso do subsídio social de desemprego para os beneficiários com a griga de familiar, o intervalo irá passar a estar entre os 522 e os 535 euros. Mas não são os únicos subsídios com aumentos no próximo ano, o limite mínimo do subsídio de doença sobe que 14 centimos"
48,Economia/Proteção Social,6.0,1.0,6.0,1.0,1,Economia/Proteção Social,,,23,"mínimo de 617 euros e 52 centimos e um teto a rondar os 1300 e 42 euros. No caso do subsídio social de desemprego para os beneficiários com a griga de familiar, o intervalo irá passar a estar entre os 522 e os 535 euros. Mas não são os únicos subsídios com aumentos no próximo ano, o limite mínimo do subsídio de doença sobe que 14 centimos","mínimo de 617 euros e 52 centimos e um teto a rondar os 1300 e 42 euros. No caso do subsídio social de desemprego para os beneficiários com a griga de familiar, o intervalo irá passar a estar entre os 522 e os 535 euros. Mas não são os únicos subsídios com aumentos no próximo ano, o limite mínimo do subsídio de doença sobe que 14 centimos"
49,Economia/Proteção Social,6.0,1.0,6.0,1.0,1,Economia/Proteção Social,,,23,"mínimo de 617 euros e 52 centimos e um teto a rondar os 1300 e 42 euros. No caso do subsídio social de desemprego para os beneficiários com a griga de familiar, o intervalo irá passar a estar entre os 522 e os 535 euros. Mas não são os únicos subsídios com aumentos no próximo ano, o limite mínimo do subsídio de doença sobe que 14 centimos","mínimo de 617 euros e 52 centimos e um teto a rondar os 1300 e 42 euros. No caso do subsídio social de desemprego para os beneficiários com a griga de familiar, o intervalo irá passar a estar entre os 522 e os 535 euros. Mas não são os únicos subsídios com aumentos no próximo ano, o limite mínimo do subsídio de doença sobe que 14 centimos"
50,Economia/Proteção Social,6.0,1.0,6.0,1.0,1,Economia/Proteção Social,,,23,"mínimo de 617 euros e 52 centimos e um teto a rondar os 1300 e 42 euros. No caso do subsídio social de desemprego para os beneficiários com a griga de familiar, o intervalo irá passar a estar entre os 522 e os 535 euros. Mas não são os únicos subsídios com aumentos no próximo ano, o limite mínimo do subsídio de doença sobe que 14 centimos","mínimo de 617 euros e 52 centimos e um teto a rondar os 1300 e 42 euros. No caso do subsídio social de desemprego para os beneficiários com a griga de familiar, o intervalo irá passar a estar entre os 522 e os 535 euros. Mas não são os únicos subsídios com aumentos no próximo ano, o limite mínimo do subsídio de doença sobe que 14 centimos"
51,Economia/Proteção Social,6.0,1.0,6.0,1.0,2,Economia/Proteção Social,,,23,"mínimo de 617 euros e 52 centimos e um teto a rondar os 1300 e 42 euros. No caso do subsídio social de desemprego para os beneficiários com a griga de familiar, o intervalo irá passar a estar entre os 522 e os 535 euros. Mas não são os únicos subsídios com aumentos no próximo ano, o limite mínimo do subsídio de doença sobe que 14 centimos para os 5 euros e 23, já o de morte de pago aos familiares só precisa de 43 euros para 1610. Há também novos limites para os calões de rendimento que entram para o abono de família, o teto do último escalão passa a fixar-se nos 18.794 euros anuais. Comicida também é a atualização do complemento solidário-paridosos, o aumento está escrito no orçamento do estado será de","mínimo de 617 euros e 52 centimos e um teto a rondar os 1300 e 42 euros. No caso do subsídio social de desemprego para os beneficiários com a griga de familiar, o intervalo irá passar a estar entre os 522 e os 535 euros. Mas não são os únicos subsídios com aumentos no próximo ano, o limite mínimo do subsídio de doença sobe que 14 centimos para os 5 euros e 23, já o de morte de pago aos familiares só precisa de 43 euros para 1610. Há também novos limites para os calões de rendimento que entram para o abono de família, o teto do último escalão passa a fixar-se nos 18.794 euros anuais. Comicida também é a atualização do complemento solidário-paridosos, o aumento está escrito no orçamento do est..."
52,Economia/Proteção Social,24.0,1.0,24.0,1.0,1,Economia/Proteção Social,,,23,"para os 5 euros e 23, já o de morte de pago aos familiares só precisa de 43 euros para 1610. Há também novos limites para os calões de rendimento que entram para o abono de família, o teto do último escalão passa a fixar-se nos 18.794 euros anuais. Comicida também é a atualização do complemento solidário-paridosos, o aumento está escrito no orçamento do estado será de","para os 5 euros e 23, já o de morte de pago aos familiares só precisa de 43 euros para 1610. Há também novos limites para os calões de rendimento que entram para o abono de família, o teto do último escalão passa a fixar-se nos 18.794 euros anuais. Comicida também é a atualização do complemento solidário-paridosos, o aumento está escrito no orçamento do estado será de"
53,Economia/Proteção Social,6.0,1.0,6.0,1.0,2,Economia/Proteção Social,,,"23, 24","para os 5 euros e 23, já o de morte de pago aos familiares só precisa de 43 euros para 1610. Há também novos limites para os calões de rendimento que entram para o abono de família, o teto do último escalão passa a fixar-se nos 18.794 euros anuais. Comicida também é a atualização do complemento solidário-paridosos, o aumento está escrito no orçamento do estado será de 40 euros, puxando assim o valor de referência para os 670 euros. Todos os apoios sociais sovem mais do que inflação, feitas as contas as famílias acabam por ganhar algum poder de compra com estas atualizações. aumentam os apoio sociais, mas também sobe o preço do pão e o preço dos produtores da pastilaria. O alerte é da sessão que representam o setor. Ela justifica estes aumentos com","para os 5 euros e 23, já o de morte de pago aos familiares só precisa de 43 euros para 1610. Há também novos limites para os calões de rendimento que entram para o abono de família, o teto do último escalão passa a fixar-se nos 18.794 euros anuais. Comicida também é a atualização do complemento solidário-paridosos, o aumento está escrito no orçamento do estado será de 40 euros, puxando assim o valor de referência para os 670 euros. Todos os apoios sociais sovem mais do que inflação, feitas as contas as famílias acabam por ganhar algum poder de compra com estas atualizações. aumentam os apoio sociais, mas também sobe o preço do pão e o preço dos produtores da pastilaria. O alerte é da sessão ..."
54,Economia/Proteção Social,9.0,1.0,9.0,1.0,1,Economia/Proteção Social,,,"23, 24","40 euros, puxando assim o valor de referência para os 670 euros. Todos os apoios sociais sovem mais do que inflação, feitas as contas as famílias acabam por ganhar algum poder de compra com estas atualizações. aumentam os apoio sociais, mas também sobe o preço do pão e o preço dos produtores da pastilaria. O alerte é da sessão que representam o setor. Ela justifica estes aumentos com","40 euros, puxando assim o valor de referência para os 670 euros. Todos os apoios sociais sovem mais do que inflação, feitas as contas as famílias acabam por ganhar algum poder de compra com estas atualizações. aumentam os apoio sociais, mas também sobe o preço do pão e o preço dos produtores da pastilaria. O alerte é da sessão que representam o setor. Ela justifica estes aumentos com"
55,Economia/Proteção Social,18.0,0.6,30.0,1.0,2,Economia/Proteção Social,,,"23, 24, 25","40 euros, puxando assim o valor de referência para os 670 euros. Todos os apoios sociais sovem mais do que inflação, feitas as contas as famílias acabam por ganhar algum poder de compra com estas atualizações. aumentam os apoio sociais, mas também sobe o preço do pão e o preço dos produtores da pastilaria. O alerte é da sessão que representam o setor. Ela justifica estes aumentos com o facto de ter insubido o preço das matérias primas como a farinha e os ovos, por exemplo, em viseu anotícias foi recebida com enorme perplexidade. É o pequeno almoço de muitos portuguesas tomado em cafés e pastelarias. Vem-me café e a comer um variado. Um bolo para um, um pão para outros, há opções para todos os gostos, mas a partir do próximo ano, talvez o pequeno almoço fora de casa não seja para todos os","40 euros, puxando assim o valor de referência para os 670 euros. Todos os apoios sociais sovem mais do que inflação, feitas as contas as famílias acabam por ganhar algum poder de compra com estas atualizações. aumentam os apoio sociais, mas também sobe o preço do pão e o preço dos produtores da pastilaria. O alerte é da sessão que representam o setor. Ela justifica estes aumentos com o facto de ter insubido o preço das matérias primas como a farinha e os ovos, por exemplo, em viseu anotícias foi recebida com enorme perplexidade. É o pequeno almoço de muitos portuguesas tomado em cafés e pastelarias. Vem-me café e a comer um variado. Um bolo para um, um pão para outros, há opções para todos o..."
56,Economia/Proteção Social,60.0,0.5128205128205128,117.0,1.0,5,Economia/Proteção Social,,,"24, 25, 26","o facto de ter insubido o preço das matérias primas como a farinha e os ovos, por exemplo, em viseu anotícias foi recebida com enorme perplexidade. É o pequeno almoço de muitos portuguesas tomado em cafés e pastelarias. Vem-me café e a comer um variado. Um bolo para um, um pão para outros, há opções para todos os gostos, mas a partir do próximo ano, talvez o pequeno almoço fora de casa não seja para todos os bolsos. O pão vai ficar mais caro ou pastelaria também, quem tem estabelecimentos abertos, diz que tem mesmo de ser assim, e acredita que apesar dos aumentos o cliente vai manter-se fiel. Tem que ser os frustrosos já nos alertaram, que realmente as coisas vão subir, e nós também temos que dar uma sabirinha, não é? Porque não podemos ficar para o juiz. Os ovos se sovam em imenso, acho que estão apreço-touros, e realmente isto reflete muito. O nosso conceito, acho que ao mesmo tempo, todos dias pão. Pense que não haverá uns com mais dificuldade em verualmente, ou de se calhar com menos, mas, pense que o pão será sempre o produto que meremos todas essas mesas. Os preços têm se mantido mais ou menos estáveis, no setor nos últimos anos. Agora o agravamento tem mesmo dia acontecer e pode não ser lhejeiro se o estado retirar o apoio aos combustíveis, e eles ficarem mais caros. O alérgida da Associação do Comércio, da indústria de panificação, pastelaria e similares, a larga maioria dos portugueses não compreende os sucessivos aumentos. Os salários também têm subido um cadinho, e eu penso que não dá para suportar essa almença. No meu caso ainda consigo. Naturalmente, cá, famílias com mais dificuldade, é mais desafiante. Não se pode se fechar a boca. Os ovos tornaram essa matéria prima que mais encarece a fatura, o preço já subiu mais de 30% desde o janeiro segundo a deco. Avervamos se no próximo ano a tradição do pequeno almoço fora de casa conseguirá amanteir-se ou se ficará pelo caminho.","o facto de ter insubido o preço das matérias primas como a farinha e os ovos, por exemplo, em viseu anotícias foi recebida com enorme perplexidade. É o pequeno almoço de muitos portuguesas tomado em cafés e pastelarias. Vem-me café e a comer um variado. Um bolo para um, um pão para outros, há opções para todos os gostos, mas a partir do próximo ano, talvez o pequeno almoço fora de casa não seja para todos os bolsos. O pão vai ficar mais caro ou pastelaria também, quem tem estabelecimentos abertos, diz que tem mesmo de ser assim, e acredita que apesar dos aumentos o cliente vai manter-se fiel. Tem que ser os frustrosos já nos alertaram, que realmente as coisas vão subir, e nós também temos qu..."
57,Internacional,30.0,0.5555555555555556,54.0,1.0,3,"Governo/Partidos, Internacional, Justiça/Segurança",,,"26, 27, 28","Não se pode se fechar a boca. Os ovos tornaram essa matéria prima que mais encarece a fatura, o preço já subiu mais de 30% desde o janeiro segundo a deco. Avervamos se no próximo ano a tradição do pequeno almoço fora de casa conseguirá amanteir-se ou se ficará pelo caminho. A Espanya tem um impacto da crise no setor. Afinal de contas, o país é o primeiro exportador da União Europeia e o terceiro no mundo. São quase 9 mil milhões de euros e negócio. As primeiras mortes de Suínes fizeram os 40 países suspender as importações de carne por que o Spanjola, mas o governo da Catalunya diz que a Peste, subinafricana, a variante de tetada, não supõe um risco para os humanos. Os seteranários confirmam. Os primeiros casos dos Javalis mortos foram detectados aqui no Parque de Colisarola. Fica perto de Sardinola Velvález, é uma localidade da Provincia de Barcelona. No Parque há uns 800 Javalis. Os dados são do","Não se pode se fechar a boca. Os ovos tornaram essa matéria prima que mais encarece a fatura, o preço já subiu mais de 30% desde o janeiro segundo a deco. Avervamos se no próximo ano a tradição do pequeno almoço fora de casa conseguirá amanteir-se ou se ficará pelo caminho. A Espanya tem um impacto da crise no setor. Afinal de contas, o país é o primeiro exportador da União Europeia e o terceiro no mundo. São quase 9 mil milhões de euros e negócio. As primeiras mortes de Suínes fizeram os 40 países suspender as importações de carne por que o Spanjola, mas o governo da Catalunya diz que a Peste, subinafricana, a variante de tetada, não supõe um risco para os humanos. Os seteranários confirmam..."
58,Justiça/Segurança,12.0,1.0,12.0,1.0,1,Justiça/Segurança,,,"27, 28","para os humanos. Os seteranários confirmam. Os primeiros casos dos Javalis mortos foram detectados aqui no Parque de Colisarola. Fica perto de Sardinola Velvález, é uma localidade da Provincia de Barcelona. No Parque há uns 800 Javalis. Os dados são do","para os humanos. Os seteranários confirmam. Os primeiros casos dos Javalis mortos foram detectados aqui no Parque de Colisarola. Fica perto de Sardinola Velvález, é uma localidade da Provincia de Barcelona. No Parque há uns 800 Javalis. Os dados são do"
59,Governo/Partidos,30.0,0.5,60.0,1.0,3,"Justiça/Segurança, Governo/Partidos, Internacional",,,"27, 28, 29","para os humanos. Os seteranários confirmam. Os primeiros casos dos Javalis mortos foram detectados aqui no Parque de Colisarola. Fica perto de Sardinola Velvález, é uma localidade da Provincia de Barcelona. No Parque há uns 800 Javalis. Os dados são do Governo da Catalunha já foram dobro, mas as autoridades têm controlado as populações. Ainda assim, a imprensa espanhola conta que os animais se relacionam cada vez mais com humanos e que andam nas quintas de criação de porcos. E que será por isso? Que a peste suina regressa a Catalunha depois de 30 anos sem sinais de doença. Portugal subiu cinco posições no índice da igualdade de gênero entre os países da União Europeia, mas continuo a ter enormes diferenças na forma como trata as mulheres em relação aos homens. Por que as mulheres não só continuam a ganhar menos do que os homens, como até perderam poder financeiro? Apesar disso, Portugal ocupa agora a décima posição neste ranking europeu.","para os humanos. Os seteranários confirmam. Os primeiros casos dos Javalis mortos foram detectados aqui no Parque de Colisarola. Fica perto de Sardinola Velvález, é uma localidade da Provincia de Barcelona. No Parque há uns 800 Javalis. Os dados são do Governo da Catalunha já foram dobro, mas as autoridades têm controlado as populações. Ainda assim, a imprensa espanhola conta que os animais se relacionam cada vez mais com humanos e que andam nas quintas de criação de porcos. E que será por isso? Que a peste suina regressa a Catalunha depois de 30 anos sem sinais de doença. Portugal subiu cinco posições no índice da igualdade de gênero entre os países da União Europeia, mas continuo a ter eno..."
60,Economia/Proteção Social,30.0,0.5263157894736842,57.0,1.0,3,"Internacional, Economia/Proteção Social",,,"29, 30","Portugal subiu cinco posições no índice da igualdade de gênero entre os países da União Europeia, mas continuo a ter enormes diferenças na forma como trata as mulheres em relação aos homens. Por que as mulheres não só continuam a ganhar menos do que os homens, como até perderam poder financeiro? Apesar disso, Portugal ocupa agora a décima posição neste ranking europeu. Mulheres com poder é neste campo que Portugal deu o maior salto de aproximação, faça aos homens nos últimos cinco anos, ganharam poder económico e social, mas continuam a perder no terreno financeiro, de acordo com o índice de igualdade de gênero de 2025. Há mesmo um retrocesso na situação económica das portuguesas e também uma liger a perda de participação e alcance de objetivos na luta de várias vidas pela igualdade de gênero. Portugal sobe as cinco posições para o décimo lugar na Europa. Nos primeiros lugares estão a Suecia, França e a Dinamarca, ainda com muito caminhe pela frente e pelo menos a 50 anos da igualdade plena. Muitas etapas estão por cumprir enquanto as portuguesas ainda são as que mais se ocupam da casa e das crianças. Há o movimento perpeto de sociedade em mudança, o risco de pobreza","Portugal subiu cinco posições no índice da igualdade de gênero entre os países da União Europeia, mas continuo a ter enormes diferenças na forma como trata as mulheres em relação aos homens. Por que as mulheres não só continuam a ganhar menos do que os homens, como até perderam poder financeiro? Apesar disso, Portugal ocupa agora a décima posição neste ranking europeu. Mulheres com poder é neste campo que Portugal deu o maior salto de aproximação, faça aos homens nos últimos cinco anos, ganharam poder económico e social, mas continuam a perder no terreno financeiro, de acordo com o índice de igualdade de gênero de 2025. Há mesmo um retrocesso na situação económica das portuguesas e também um..."
61,Internacional,3.0,1.0,3.0,1.0,1,Internacional,,,30,"igualdade de gênero. Portugal sobe as cinco posições para o décimo lugar na Europa. Nos primeiros lugares estão a Suecia, França e a Dinamarca, ainda com muito caminhe pela frente e pelo menos a 50 anos da igualdade plena. Muitas etapas estão por cumprir enquanto as portuguesas ainda são as que mais se ocupam da casa e das crianças. Há o movimento perpeto de sociedade em mudança, o risco de pobreza","igualdade de gênero. Portugal sobe as cinco posições para o décimo lugar na Europa. Nos primeiros lugares estão a Suecia, França e a Dinamarca, ainda com muito caminhe pela frente e pelo menos a 50 anos da igualdade plena. Muitas etapas estão por cumprir enquanto as portuguesas ainda são as que mais se ocupam da casa e das crianças. Há o movimento perpeto de sociedade em mudança, o risco de pobreza"
62,Internacional,12.0,1.0,12.0,1.0,1,Internacional,,,30,"igualdade de gênero. Portugal sobe as cinco posições para o décimo lugar na Europa. Nos primeiros lugares estão a Suecia, França e a Dinamarca, ainda com muito caminhe pela frente e pelo menos a 50 anos da igualdade plena. Muitas etapas estão por cumprir enquanto as portuguesas ainda são as que mais se ocupam da casa e das crianças. Há o movimento perpeto de sociedade em mudança, o risco de pobreza","igualdade de gênero. Portugal sobe as cinco posições para o décimo lugar na Europa. Nos primeiros lugares estão a Suecia, França e a Dinamarca, ainda com muito caminhe pela frente e pelo menos a 50 anos da igualdade plena. Muitas etapas estão por cumprir enquanto as portuguesas ainda são as que mais se ocupam da casa e das crianças. Há o movimento perpeto de sociedade em mudança, o risco de pobreza"
63,Eleições/Campanha,3.0,0.5,6.0,1.0,2,"Internacional, Eleições/Campanha",,PCP/CDU,"30, 31","igualdade de gênero. Portugal sobe as cinco posições para o décimo lugar na Europa. Nos primeiros lugares estão a Suecia, França e a Dinamarca, ainda com muito caminhe pela frente e pelo menos a 50 anos da igualdade plena. Muitas etapas estão por cumprir enquanto as portuguesas ainda são as que mais se ocupam da casa e das crianças. Há o movimento perpeto de sociedade em mudança, o risco de pobreza que desce para as mulheres que trabalham e cresce para os homens que cavivem. Só que tudo após-despara mais um debate presidencial e o primeiro a chegar foi António Flipp, o candidato apoiado pelo Partido Comunista Português, vai estar frente a frente com Enrique Gouvei-Melo, daqui a pouco menos de meia hora, precisamente às 21, num debate conduzido pelo","igualdade de gênero. Portugal sobe as cinco posições para o décimo lugar na Europa. Nos primeiros lugares estão a Suecia, França e a Dinamarca, ainda com muito caminhe pela frente e pelo menos a 50 anos da igualdade plena. Muitas etapas estão por cumprir enquanto as portuguesas ainda são as que mais se ocupam da casa e das crianças. Há o movimento perpeto de sociedade em mudança, o risco de pobreza que desce para as mulheres que trabalham e cresce para os homens que cavivem. Só que tudo após-despara mais um debate presidencial e o primeiro a chegar foi António Flipp, o candidato apoiado pelo Partido Comunista Português, vai estar frente a frente com Enrique Gouvei-Melo, daqui a pouco menos d..."
64,Eleições/Campanha,3.0,1.0,3.0,1.0,1,Eleições/Campanha,,PCP/CDU,"30, 31","que desce para as mulheres que trabalham e cresce para os homens que cavivem. Só que tudo após-despara mais um debate presidencial e o primeiro a chegar foi António Flipp, o candidato apoiado pelo Partido Comunista Português, vai estar frente a frente com Enrique Gouvei-Melo, daqui a pouco menos de meia hora, precisamente às 21, num debate conduzido pelo","que desce para as mulheres que trabalham e cresce para os homens que cavivem. Só que tudo após-despara mais um debate presidencial e o primeiro a chegar foi António Flipp, o candidato apoiado pelo Partido Comunista Português, vai estar frente a frente com Enrique Gouvei-Melo, daqui a pouco menos de meia hora, precisamente às 21, num debate conduzido pelo"
65,Eleições/Campanha,3.0,1.0,3.0,1.0,1,Eleições/Campanha,,PCP/CDU,"30, 31","que desce para as mulheres que trabalham e cresce para os homens que cavivem. Só que tudo após-despara mais um debate presidencial e o primeiro a chegar foi António Flipp, o candidato apoiado pelo Partido Comunista Português, vai estar frente a frente com Enrique Gouvei-Melo, daqui a pouco menos de meia hora, precisamente às 21, num debate conduzido pelo","que desce para as mulheres que trabalham e cresce para os homens que cavivem. Só que tudo após-despara mais um debate presidencial e o primeiro a chegar foi António Flipp, o candidato apoiado pelo Partido Comunista Português, vai estar frente a frente com Enrique Gouvei-Melo, daqui a pouco menos de meia hora, precisamente às 21, num debate conduzido pelo"
66,Transportes/Mobilidade,30.0,0.5882352941176471,51.0,0.5862068965517241,2,"Eleições/Campanha, Transportes/Mobilidade",,PCP/CDU,"30, 31, 32","que desce para as mulheres que trabalham e cresce para os homens que cavivem. Só que tudo após-despara mais um debate presidencial e o primeiro a chegar foi António Flipp, o candidato apoiado pelo Partido Comunista Português, vai estar frente a frente com Enrique Gouvei-Melo, daqui a pouco menos de meia hora, precisamente às 21, num debate conduzido pelo José Albert Carvalho. Excellento. Os agentes de viagens insistem, é preciso que Lisboa tenha um novo aeroporto de pressa e esperam também que a privatização da TAP proteja os interesses turísticos do país. Essas declarações foram feitas em Macau, onde decorre esta semana o Congresso de Seter Turístico e onde participam mais de mil portugueses.","que desce para as mulheres que trabalham e cresce para os homens que cavivem. Só que tudo após-despara mais um debate presidencial e o primeiro a chegar foi António Flipp, o candidato apoiado pelo Partido Comunista Português, vai estar frente a frente com Enrique Gouvei-Melo, daqui a pouco menos de meia hora, precisamente às 21, num debate conduzido pelo José Albert Carvalho. Excellento. Os agentes de viagens insistem, é preciso que Lisboa tenha um novo aeroporto de pressa e esperam também que a privatização da TAP proteja os interesses turísticos do país. Essas declarações foram feitas em Macau, onde decorre esta semana o Congresso de Seter Turístico e onde participam mais de mil portuguese..."
67,No speech,0.0,0.0,0.0,0.0,0,,,,,,
68,Justiça/Segurança,69.0,0.5348837209302325,129.0,1.0,5,Justiça/Segurança,,,"33, 34, 35","Já regresaram ao GNR os dez militares de tides prolegada participação num esquema de segurança e legal feito em migrantes que trabalham numa exploração agrícola em Beja. A ausência de escuta as transcritas levou os juízes de sessão criminal que interrogou os supeitos a decretar-les à medida de coação mais leve. O que acabou proleixar a GNR sem argumentos para aplicar sensões imediatas. Os militares passaram ao lado de medidas de coação mais graves, devido à falta de transcrição das escutas efetuadas e que são a base do processo. A guarda um platicisão de inspeção geral da administração interna. A citação social criada junto das populações e dos próprios empresários agrícolas que sabiam dos esquemas de segurança dos militares, poderá ser levada em conta pela IGAI e afastar os militares de serviço. Entretanto, o Ministério Público deverá recorrer para o Tribunal da Relação, quanto às medidas aplicadas aos militares da G&R. De dificilmente a relação irá retificar estas medidas, já que o juiz de instrução criminal aplicou as mesmas com a","Já regresaram ao GNR os dez militares de tides prolegada participação num esquema de segurança e legal feito em migrantes que trabalham numa exploração agrícola em Beja. A ausência de escuta as transcritas levou os juízes de sessão criminal que interrogou os supeitos a decretar-les à medida de coação mais leve. O que acabou proleixar a GNR sem argumentos para aplicar sensões imediatas. Os militares passaram ao lado de medidas de coação mais graves, devido à falta de transcrição das escutas efetuadas e que são a base do processo. A guarda um platicisão de inspeção geral da administração interna. A citação social criada junto das populações e dos próprios empresários agrícolas que sabiam dos e..."
69,Justiça/Segurança,33.0,1.0,33.0,1.0,2,"Justiça/Segurança, Eleições/Campanha",,,"35, 36","Entretanto, o Ministério Público deverá recorrer para o Tribunal da Relação, quanto às medidas aplicadas aos militares da G&R. De dificilmente a relação irá retificar estas medidas, já que o juiz de instrução criminal aplicou as mesmas com a prova que tinha, ou seja, sem as transcrições das escutas. Escutas que serão essenciais na fase da acusação. E na adequada, é assim que a missa da justiça qualifica as perguntas feitas no ambitável eção psicológica aos candidatos às ruízes e a procuradoros. Algumas perguntavam aos futeurs meus estratos se têm de arreias regulares ou se pensam em sexo com frequência. Ritalar que não judice acredita","Entretanto, o Ministério Público deverá recorrer para o Tribunal da Relação, quanto às medidas aplicadas aos militares da G&R. De dificilmente a relação irá retificar estas medidas, já que o juiz de instrução criminal aplicou as mesmas com a prova que tinha, ou seja, sem as transcrições das escutas. Escutas que serão essenciais na fase da acusação. E na adequada, é assim que a missa da justiça qualifica as perguntas feitas no ambitável eção psicológica aos candidatos às ruízes e a procuradoros. Algumas perguntavam aos futeurs meus estratos se têm de arreias regulares ou se pensam em sexo com frequência. Ritalar que não judice acredita"
70,Eleições/Campanha,30.0,0.625,48.0,1.0,2,"Eleições/Campanha, Justiça/Segurança",,,"35, 36, 37","prova que tinha, ou seja, sem as transcrições das escutas. Escutas que serão essenciais na fase da acusação. E na adequada, é assim que a missa da justiça qualifica as perguntas feitas no ambitável eção psicológica aos candidatos às ruízes e a procuradoros. Algumas perguntavam aos futeurs meus estratos se têm de arreias regulares ou se pensam em sexo com frequência. Ritalar que não judice acredita que este tipo de questionário só pode ter uma explicação. Falta a despreiencia de quem faz o concurso. Para ser a juizas ou procuradores, os candidatos fizeram provas escritas, mas também uma avaliação psicológica. O teste tinha 344 perguntas, quase 200 eram no mínimo insólites. Tem planos para me converter, algum dia numa pessoa famosa, já pensei em algumas formas de me suicidar, tenho","prova que tinha, ou seja, sem as transcrições das escutas. Escutas que serão essenciais na fase da acusação. E na adequada, é assim que a missa da justiça qualifica as perguntas feitas no ambitável eção psicológica aos candidatos às ruízes e a procuradoros. Algumas perguntavam aos futeurs meus estratos se têm de arreias regulares ou se pensam em sexo com frequência. Ritalar que não judice acredita que este tipo de questionário só pode ter uma explicação. Falta a despreiencia de quem faz o concurso. Para ser a juizas ou procuradores, os candidatos fizeram provas escritas, mas também uma avaliação psicológica. O teste tinha 344 perguntas, quase 200 eram no mínimo insólites. Tem planos para me ..."
71,Justiça/Segurança,18.0,1.0,18.0,1.0,1,"Governo/Partidos, Justiça/Segurança",,,"37, 38","dia rei a conferência, tenho pouco interesse em sexo. Experimenta em quase todos os tipos de droga, o meu destino é ser infeliz deste que nasci. E agora quase um mês depois da polêmica, a ministra da Justiça reageu. Não se rever, não se rever, eu não tenho informação de psicologia, portanto, com certeza, todas elas têm um racional de subjacente e não e têm com certeza","dia rei a conferência, tenho pouco interesse em sexo. Experimenta em quase todos os tipos de droga, o meu destino é ser infeliz deste que nasci. E agora quase um mês depois da polêmica, a ministra da Justiça reageu. Não se rever, não se rever, eu não tenho informação de psicologia, portanto, com certeza, todas elas têm um racional de subjacente e não e têm com certeza"
72,Justiça/Segurança,3.0,1.0,3.0,1.0,1,"Governo/Partidos, Justiça/Segurança",,,"37, 38","dia rei a conferência, tenho pouco interesse em sexo. Experimenta em quase todos os tipos de droga, o meu destino é ser infeliz deste que nasci. E agora quase um mês depois da polêmica, a ministra da Justiça reageu. Não se rever, não se rever, eu não tenho informação de psicologia, portanto, com certeza, todas elas têm um racional de subjacente e não e têm com certeza","dia rei a conferência, tenho pouco interesse em sexo. Experimenta em quase todos os tipos de droga, o meu destino é ser infeliz deste que nasci. E agora quase um mês depois da polêmica, a ministra da Justiça reageu. Não se rever, não se rever, eu não tenho informação de psicologia, portanto, com certeza, todas elas têm um racional de subjacente e não e têm com certeza"
73,Eleições/Campanha,30.0,0.5263157894736842,57.0,1.0,3,"Governo/Partidos, Justiça/Segurança, Eleições/Campanha, Cultura",,,"37, 38","dia rei a conferência, tenho pouco interesse em sexo. Experimenta em quase todos os tipos de droga, o meu destino é ser infeliz deste que nasci. E agora quase um mês depois da polêmica, a ministra da Justiça reageu. Não se rever, não se rever, eu não tenho informação de psicologia, portanto, com certeza, todas elas têm um racional de subjacente e não e têm com certeza foram feitas para responder a terminadas questões, a ansiedade ou já ouvido todas as aplicações, não conheçam técnicos de técnicos para pronunciar sobre isso, mas não é o que seja adequado a fazer a um candidato ao magistrado. Até porca, depois de passarem por três provas escritas bastante exigentes de direitos civil, penal e cultura geral, metado dos candidatos sumbaram nesta fase psicológica. E este processo para ele foi um processo bastante traumático, como foi do conhecimento, e por isso que eu gostaria de assurar é que não acontece novamente. E temos disponíveis para alterar, que querem termos regulamentais, que quererem termos os procedimentos, que eu acredito que seja apenas isso, e se for necessário mais a fundo e alterar a legislação, teremos que fazer, mas acredito que seja, tenha resultado da falta de ainda de experiência ao acontecimento para esta nova realidade. Depois dos resultados, o centro de estudos judiciários avançou para","dia rei a conferência, tenho pouco interesse em sexo. Experimenta em quase todos os tipos de droga, o meu destino é ser infeliz deste que nasci. E agora quase um mês depois da polêmica, a ministra da Justiça reageu. Não se rever, não se rever, eu não tenho informação de psicologia, portanto, com certeza, todas elas têm um racional de subjacente e não e têm com certeza foram feitas para responder a terminadas questões, a ansiedade ou já ouvido todas as aplicações, não conheçam técnicos de técnicos para pronunciar sobre isso, mas não é o que seja adequado a fazer a um candidato ao magistrado. Até porca, depois de passarem por três provas escritas bastante exigentes de direitos civil, penal e c..."
74,Other/Unknown,3.0,1.0,3.0,1.0,1,,,,38,"conhecimento, e por isso que eu gostaria de assurar é que não acontece novamente. E temos disponíveis para alterar, que querem termos regulamentais, que quererem termos os procedimentos, que eu acredito que seja apenas isso, e se for necessário mais a fundo e alterar a legislação, teremos que fazer, mas acredito que seja, tenha resultado da falta de ainda de experiência ao acontecimento para esta nova realidade. Depois dos resultados, o centro de estudos judiciários avançou para","conhecimento, e por isso que eu gostaria de assurar é que não acontece novamente. E temos disponíveis para alterar, que querem termos regulamentais, que quererem termos os procedimentos, que eu acredito que seja apenas isso, e se for necessário mais a fundo e alterar a legislação, teremos que fazer, mas acredito que seja, tenha resultado da falta de ainda de experiência ao acontecimento para esta nova realidade. Depois dos resultados, o centro de estudos judiciários avançou para"
75,Saúde,6.0,0.4,15.0,1.0,2,"Saúde, Justiça/Segurança",,,"38, 39","conhecimento, e por isso que eu gostaria de assurar é que não acontece novamente. E temos disponíveis para alterar, que querem termos regulamentais, que quererem termos os procedimentos, que eu acredito que seja apenas isso, e se for necessário mais a fundo e alterar a legislação, teremos que fazer, mas acredito que seja, tenha resultado da falta de ainda de experiência ao acontecimento para esta nova realidade. Depois dos resultados, o centro de estudos judiciários avançou para uma segunda avaliação psicológica feita por psicólogos recomendados pela ordem. Mais uma polêmica na justiça Ina Saúde, o hospital na Fiel, eu vou o plano de contingência para o nível máximo, foi a derrada a resposta, a elevar a fluência aos serviços de urgência e às necessidades de internamentos doentes. Neste momento há cerca de 80 pessoas internadas e algumas delas já estão mesmo nos corredores.","conhecimento, e por isso que eu gostaria de assurar é que não acontece novamente. E temos disponíveis para alterar, que querem termos regulamentais, que quererem termos os procedimentos, que eu acredito que seja apenas isso, e se for necessário mais a fundo e alterar a legislação, teremos que fazer, mas acredito que seja, tenha resultado da falta de ainda de experiência ao acontecimento para esta nova realidade. Depois dos resultados, o centro de estudos judiciários avançou para uma segunda avaliação psicológica feita por psicólogos recomendados pela ordem. Mais uma polêmica na justiça Ina Saúde, o hospital na Fiel, eu vou o plano de contingência para o nível máximo, foi a derrada a resposta..."
76,Saúde,132.0,0.8148148148148148,162.0,1.0,6,"Saúde, Justiça/Segurança",,,"38, 39, 40, 41, 42, 43","uma segunda avaliação psicológica feita por psicólogos recomendados pela ordem. Mais uma polêmica na justiça Ina Saúde, o hospital na Fiel, eu vou o plano de contingência para o nível máximo, foi a derrada a resposta, a elevar a fluência aos serviços de urgência e às necessidades de internamentos doentes. Neste momento há cerca de 80 pessoas internadas e algumas delas já estão mesmo nos corredores. Para a ativação do nível 3 do plano de contingência contribuíram dois problemas, um deles, a grande afluência às urgências com casos de gripe, uma realidade que o hospital não esperava e que obrigou muitos doentes a ficar em internados nos corredores. Estão não só nos corredores, mas em áreas de entendimento que nos dificulta bastante a atividade assistencial do doente agudo no ojuento urgente, não é? e portanto estamos a tentar alocar-los a outras áreas do hospital. Nos últimos três dias, cerca de 1.200 as pessoas recorreram às urgências do hospital de PNAFEL, um aumento de 20% relativamente ao número habitual de admissões, mas as próximas duas semanas podem trazer ainda mais dificuldades. Nos próximos 15 dias, idemos a tê-nexírompico de agrido, mas ainda não estamos lá. Portanto, previsivelmente, durante as próximas duas semanas, estas situações poderão ainda agravar-se mais. para a falta de capacidade do hospital contribui também os internamentos sociais. Temos neste momento 50 doentes que são casos sociais, ou seja, são doentes que não precisam de estar num hospital e que estão aqui ocupar as nossas câmas. Ora, este é uma gestão difícil que se vai fazendo quase minuto a minuto. A ativação do nível 3 do PAN de contingência permita ao hospital reforçar o número de profissionais e distribuir os doentes internados por outros espaços do hospital ou até por outras instituições. São mais de 25 mil casos no ano. O registro é de 2023 e feitas as contas, isto significa que, em média, a cada dois minutos, uma pessoa em Portugal deu entrada nas urgências por causa de acidentes domésticos e de laser. De acordo com o relatório evita do Instituto Nacional de Saúde, doutor Ricardo Jorges, 90 destes acidentes foram fatais. Os dados referem a 2023 e mostram que as quedas foram o acidente mais frequente, com quase 69% dos registros. E é em casa onde há mais","uma segunda avaliação psicológica feita por psicólogos recomendados pela ordem. Mais uma polêmica na justiça Ina Saúde, o hospital na Fiel, eu vou o plano de contingência para o nível máximo, foi a derrada a resposta, a elevar a fluência aos serviços de urgência e às necessidades de internamentos doentes. Neste momento há cerca de 80 pessoas internadas e algumas delas já estão mesmo nos corredores. Para a ativação do nível 3 do plano de contingência contribuíram dois problemas, um deles, a grande afluência às urgências com casos de gripe, uma realidade que o hospital não esperava e que obrigou muitos doentes a ficar em internados nos corredores. Estão não só nos corredores, mas em áreas de e..."
77,Saúde,3.0,1.0,3.0,1.0,1,"Saúde, Justiça/Segurança",,,43,"isto significa que, em média, a cada dois minutos, uma pessoa em Portugal deu entrada nas urgências por causa de acidentes domésticos e de laser. De acordo com o relatório evita do Instituto Nacional de Saúde, doutor Ricardo Jorges, 90 destes acidentes foram fatais. Os dados referem a 2023 e mostram que as quedas foram o acidente mais frequente, com quase 69% dos registros. E é em casa onde há mais","isto significa que, em média, a cada dois minutos, uma pessoa em Portugal deu entrada nas urgências por causa de acidentes domésticos e de laser. De acordo com o relatório evita do Instituto Nacional de Saúde, doutor Ricardo Jorges, 90 destes acidentes foram fatais. Os dados referem a 2023 e mostram que as quedas foram o acidente mais frequente, com quase 69% dos registros. E é em casa onde há mais"
78,Saúde,9.0,0.75,12.0,1.0,2,"Saúde, Justiça/Segurança",,,"43, 44, 45","isto significa que, em média, a cada dois minutos, uma pessoa em Portugal deu entrada nas urgências por causa de acidentes domésticos e de laser. De acordo com o relatório evita do Instituto Nacional de Saúde, doutor Ricardo Jorges, 90 destes acidentes foram fatais. Os dados referem a 2023 e mostram que as quedas foram o acidente mais frequente, com quase 69% dos registros. E é em casa onde há mais ocorrencias, com cerca de 51%. As vítimas mais graves são na sua maioria pessoas idosas. Quase 23% tem mais de 75 anos. No grupo atário foram hospitalizadas quase 60% das vítimas, com um período de internaamento que chegou em muitos casos aos dois meses. Entre os idosos são as mulheres que é mais sofre com acidentes domésticos. Com a pressão imuliaria e a crise da","isto significa que, em média, a cada dois minutos, uma pessoa em Portugal deu entrada nas urgências por causa de acidentes domésticos e de laser. De acordo com o relatório evita do Instituto Nacional de Saúde, doutor Ricardo Jorges, 90 destes acidentes foram fatais. Os dados referem a 2023 e mostram que as quedas foram o acidente mais frequente, com quase 69% dos registros. E é em casa onde há mais ocorrencias, com cerca de 51%. As vítimas mais graves são na sua maioria pessoas idosas. Quase 23% tem mais de 75 anos. No grupo atário foram hospitalizadas quase 60% das vítimas, com um período de internaamento que chegou em muitos casos aos dois meses. Entre os idosos são as mulheres que é mais ..."
79,Justiça/Segurança,6.0,1.0,6.0,1.0,1,Justiça/Segurança,,,"43, 44, 45","ocorrencias, com cerca de 51%. As vítimas mais graves são na sua maioria pessoas idosas. Quase 23% tem mais de 75 anos. No grupo atário foram hospitalizadas quase 60% das vítimas, com um período de internaamento que chegou em muitos casos aos dois meses. Entre os idosos são as mulheres que é mais sofre com acidentes domésticos. Com a pressão imuliaria e a crise da","ocorrencias, com cerca de 51%. As vítimas mais graves são na sua maioria pessoas idosas. Quase 23% tem mais de 75 anos. No grupo atário foram hospitalizadas quase 60% das vítimas, com um período de internaamento que chegou em muitos casos aos dois meses. Entre os idosos são as mulheres que é mais sofre com acidentes domésticos. Com a pressão imuliaria e a crise da"
80,Justiça/Segurança,9.0,1.0,9.0,1.0,1,Justiça/Segurança,,,"43, 44, 45","ocorrencias, com cerca de 51%. As vítimas mais graves são na sua maioria pessoas idosas. Quase 23% tem mais de 75 anos. No grupo atário foram hospitalizadas quase 60% das vítimas, com um período de internaamento que chegou em muitos casos aos dois meses. Entre os idosos são as mulheres que é mais sofre com acidentes domésticos. Com a pressão imuliaria e a crise da","ocorrencias, com cerca de 51%. As vítimas mais graves são na sua maioria pessoas idosas. Quase 23% tem mais de 75 anos. No grupo atário foram hospitalizadas quase 60% das vítimas, com um período de internaamento que chegou em muitos casos aos dois meses. Entre os idosos são as mulheres que é mais sofre com acidentes domésticos. Com a pressão imuliaria e a crise da"
81,Justiça/Segurança,3.0,1.0,3.0,1.0,1,Justiça/Segurança,,,"43, 44, 45","ocorrencias, com cerca de 51%. As vítimas mais graves são na sua maioria pessoas idosas. Quase 23% tem mais de 75 anos. No grupo atário foram hospitalizadas quase 60% das vítimas, com um período de internaamento que chegou em muitos casos aos dois meses. Entre os idosos são as mulheres que é mais sofre com acidentes domésticos. Com a pressão imuliaria e a crise da","ocorrencias, com cerca de 51%. As vítimas mais graves são na sua maioria pessoas idosas. Quase 23% tem mais de 75 anos. No grupo atário foram hospitalizadas quase 60% das vítimas, com um período de internaamento que chegou em muitos casos aos dois meses. Entre os idosos são as mulheres que é mais sofre com acidentes domésticos. Com a pressão imuliaria e a crise da"
82,Justiça/Segurança,39.0,0.5652173913043478,69.0,0.7419354838709677,3,"Justiça/Segurança, Habitação",,,"43, 44, 45, 46","ocorrencias, com cerca de 51%. As vítimas mais graves são na sua maioria pessoas idosas. Quase 23% tem mais de 75 anos. No grupo atário foram hospitalizadas quase 60% das vítimas, com um período de internaamento que chegou em muitos casos aos dois meses. Entre os idosos são as mulheres que é mais sofre com acidentes domésticos. Com a pressão imuliaria e a crise da habitação, tem esse multiplicado caso de ocupação illegal, de casas especialmente nos grandes centros urbanos do país. Mas a lei protege os ocupas, senão vejamos. A pena para quem furta um simples objeto é mais elevada do que aquela que se aplica a quem ocupa ilgalmente o que não lhe pretende. A nova legislação que entrou em vigor continua a prever dois anos de prisão ou multa-dieté dos 140 dias para quem ocupar ilgalmente propriedade alheia. As altrações decidem nas situações mais extremas. Em caso de violência ou de ameaça grave, apenas só para os três anos. Já quando a ocupação se destina a fim esproficionais ou para obter lucros, passa um limite de 4 anos de prisão.","ocorrencias, com cerca de 51%. As vítimas mais graves são na sua maioria pessoas idosas. Quase 23% tem mais de 75 anos. No grupo atário foram hospitalizadas quase 60% das vítimas, com um período de internaamento que chegou em muitos casos aos dois meses. Entre os idosos são as mulheres que é mais sofre com acidentes domésticos. Com a pressão imuliaria e a crise da habitação, tem esse multiplicado caso de ocupação illegal, de casas especialmente nos grandes centros urbanos do país. Mas a lei protege os ocupas, senão vejamos. A pena para quem furta um simples objeto é mais elevada do que aquela que se aplica a quem ocupa ilgalmente o que não lhe pretende. A nova legislação que entrou em vigor ..."
83,Other/Unknown,3.0,1.0,3.0,0.3333333333333333,1,,,,47,"tem algumas dúvidas e dúvidas pluscintas, porque temos sempre que pondrar, que quem ocupou, apesar de toda a ilicidade do comportamento, vai sempre tentar evitar o resultado da desocupação, invocando que ele tenha sua sede familiar organizada, mas temos sempre que pondrar a essência, por exemplo, minhas gravidas, crianças e idosos.","tem algumas dúvidas e dúvidas pluscintas, porque temos sempre que pondrar, que quem ocupou, apesar de toda a ilicidade do comportamento, vai sempre tentar evitar o resultado da desocupação, invocando que ele tenha sua sede familiar organizada, mas temos sempre que pondrar a essência, por exemplo, minhas gravidas, crianças e idosos."
84,Other/Unknown,63.0,1.0,63.0,1.0,3,,,,"47, 48","tem algumas dúvidas e dúvidas pluscintas, porque temos sempre que pondrar, que quem ocupou, apesar de toda a ilicidade do comportamento, vai sempre tentar evitar o resultado da desocupação, invocando que ele tenha sua sede familiar organizada, mas temos sempre que pondrar a essência, por exemplo, minhas gravidas, crianças e idosos. Falou apenas 15 minutos para o Grande de Bate, presencial desta noite e em Rique Gouvei, Mel acaba de chegar às instalações da TVI. O ex-chef do Estado Mayor Darmada vai estar frente a frente com António Flipp. No debate conduzido pelo José Albert Carvalho começa às 20 horas em.","tem algumas dúvidas e dúvidas pluscintas, porque temos sempre que pondrar, que quem ocupou, apesar de toda a ilicidade do comportamento, vai sempre tentar evitar o resultado da desocupação, invocando que ele tenha sua sede familiar organizada, mas temos sempre que pondrar a essência, por exemplo, minhas gravidas, crianças e idosos. Falou apenas 15 minutos para o Grande de Bate, presencial desta noite e em Rique Gouvei, Mel acaba de chegar às instalações da TVI. O ex-chef do Estado Mayor Darmada vai estar frente a frente com António Flipp. No debate conduzido pelo José Albert Carvalho começa às 20 horas em."
85,Other/Unknown,81.0,1.0,81.0,0.7297297297297297,3,,,,"48, 49","No debate conduzido pelo José Albert Carvalho começa às 20 horas em. Eu não sei se é meu fuga para a frente, não é verdade. Isso ou se ele dizer que não é verdade. E ela diz, ou uma expressão curiosa, diz, eu não tenho essa carta. Eu não sei se o facto de ser linda com a carta do topina mora no bolso. Isso não sai. Sei que o topina mora, ele é entregou. E se ele quiser que não, nesse pecado, está a faltar a verdade. A verdade dos facto, zero uma missão. Abanou o poder político e viam nascer com fronos como daram o país. A Segura disse que... Se você não se importa, lhe é um desmesso.","No debate conduzido pelo José Albert Carvalho começa às 20 horas em. Eu não sei se é meu fuga para a frente, não é verdade. Isso ou se ele dizer que não é verdade. E ela diz, ou uma expressão curiosa, diz, eu não tenho essa carta. Eu não sei se o facto de ser linda com a carta do topina mora no bolso. Isso não sai. Sei que o topina mora, ele é entregou. E se ele quiser que não, nesse pecado, está a faltar a verdade. A verdade dos facto, zero uma missão. Abanou o poder político e viam nascer com fronos como daram o país. A Segura disse que... Se você não se importa, lhe é um desmesso."
86,Cultura,9.0,0.75,12.0,1.0,2,Cultura,,,"49, 50","Se você não se importa, lhe é um desmesso. Era uma jornalista de um rigor extremo. E, portanto, todos os critérios que fazem um bom jornalista, todos reconheciam isso, essa exigência. Depois de uma inteligência em uma cultura fora do comum, a constância com a Inça era um mundo, amante de livros e música clássica, profissor antes de chegar ao jornalismo, mas, na verdade, nunca perdeu essa essência.","Se você não se importa, lhe é um desmesso. Era uma jornalista de um rigor extremo. E, portanto, todos os critérios que fazem um bom jornalista, todos reconheciam isso, essa exigência. Depois de uma inteligência em uma cultura fora do comum, a constância com a Inça era um mundo, amante de livros e música clássica, profissor antes de chegar ao jornalismo, mas, na verdade, nunca perdeu essa essência."
87,Cultura,3.0,1.0,3.0,1.0,1,Cultura,,,50,"Era uma jornalista de um rigor extremo. E, portanto, todos os critérios que fazem um bom jornalista, todos reconheciam isso, essa exigência. Depois de uma inteligência em uma cultura fora do comum, a constância com a Inça era um mundo, amante de livros e música clássica, profissor antes de chegar ao jornalismo, mas, na verdade, nunca perdeu essa essência.","Era uma jornalista de um rigor extremo. E, portanto, todos os critérios que fazem um bom jornalista, todos reconheciam isso, essa exigência. Depois de uma inteligência em uma cultura fora do comum, a constância com a Inça era um mundo, amante de livros e música clássica, profissor antes de chegar ao jornalismo, mas, na verdade, nunca perdeu essa essência."
88,Cultura,18.0,0.75,24.0,1.0,2,Cultura,,,"50, 51","Era uma jornalista de um rigor extremo. E, portanto, todos os critérios que fazem um bom jornalista, todos reconheciam isso, essa exigência. Depois de uma inteligência em uma cultura fora do comum, a constância com a Inça era um mundo, amante de livros e música clássica, profissor antes de chegar ao jornalismo, mas, na verdade, nunca perdeu essa essência. Muito bem-vindos, o debate desta","Era uma jornalista de um rigor extremo. E, portanto, todos os critérios que fazem um bom jornalista, todos reconheciam isso, essa exigência. Depois de uma inteligência em uma cultura fora do comum, a constância com a Inça era um mundo, amante de livros e música clássica, profissor antes de chegar ao jornalismo, mas, na verdade, nunca perdeu essa essência. Muito bem-vindos, o debate desta"
89,Other/Unknown,6.0,1.0,6.0,1.0,1,,,,51,"Muito bem-vindos, o debate desta","Muito bem-vindos, o debate desta"
90,Other/Unknown,6.0,1.0,6.0,1.0,1,,,,51,"Muito bem-vindos, o debate desta","Muito bem-vindos, o debate desta"
91,Other/Unknown,12.0,1.0,12.0,1.0,1,,,,51,"Muito bem-vindos, o debate desta","Muito bem-vindos, o debate desta"
92,Other/Unknown,9.0,1.0,9.0,1.0,1,,,,51,"noite coloca a frente a frente em rico com o VEMELE e António Flipe. O surtaio determinou que a primeira pergunta seja dirigida a OVEMELE e a última palavra do debate será de António Flipe. Muito bem-vindos, bem-vindos. O presidente da República está neste momento hospitalizado e os acampanessinamentos desta última 24 horas renovaram um debate sobre a substituição ou o processo de substituição do projeto de Estado. Estando bem em curso a","noite coloca a frente a frente em rico com o VEMELE e António Flipe. O surtaio determinou que a primeira pergunta seja dirigida a OVEMELE e a última palavra do debate será de António Flipe. Muito bem-vindos, bem-vindos. O presidente da República está neste momento hospitalizado e os acampanessinamentos desta última 24 horas renovaram um debate sobre a substituição ou o processo de substituição do projeto de Estado. Estando bem em curso a"
93,Internacional,240.0,0.13490725126475547,1779.0,0.9081163859111792,60,"Abertura/Manchetes, Eleições/Campanha, Saúde, Internacional, Governo/Partidos, Economia/Proteção Social, Greves/Trabalho, Justiça/Segurança, Habitação, Educação",,"PCP/CDU, CHEGA, PS","51, 52, 53, 54, 55, 56, 57, 58, 59, 60, 61, 62, 63, 64, 65, 66, 67, 68, 69, 70, 71, 72, 73, 74, 75, 76, 77","noite coloca a frente a frente em rico com o VEMELE e António Flipe. O surtaio determinou que a primeira pergunta seja dirigida a OVEMELE e a última palavra do debate será de António Flipe. Muito bem-vindos, bem-vindos. O presidente da República está neste momento hospitalizado e os acampanessinamentos desta última 24 horas renovaram um debate sobre a substituição ou o processo de substituição do projeto de Estado. Estando bem em curso a campanha para o seu surparas natural, começamos por aqui, enrique que GoVEMELE. Boa noite aos celos de marcador, Boa noite, do doutor António Flipp, Boa noite, de Albert Carvalho. Considero que se deve comprar elei, porque é isso, o dia terminal, e aproveito esta pergunta para desijar, ó se eu preso entro, uma rápida recuperação. Flizmente, tudo indica que não foi um problema de saúde muito grave, e que foi resolvido em tempo. E, portanto, Deus quer, que eu recupero rapidamente para poder exercer empreendedes suas funções. grande na relação e internacional e nos sobrenos para a propriedade de falar sobre isso. É, mas é que... Vamos ter a propriedade de falar sobre isso. Eu gostaria depois de achar o tempo. Deixe-me só clarificar a em relação a esta pergunta inicial sobre a sustituição do GF de Estado. Aquilo que ele é e a costa de visão dizem é que ele deve ser sustituído quando está temporariamente impedido dizer-se de suas funções. Este temporário, na sua opinião, não se coloca para esta situação concreta do quadro clínico de Marcelo Bíldozio. Eu sou o bristo, eu acredito em uma constituição que eu sou ouvisto, ou seja, eu não acredito que eu vou a alguma confusão. A cerca dessa questão da substituição temporária, a substituição temporária que está prevista na constituição prevê o caso, é que o próprio presidente da República, sabendo que vai estar incapacitado durante um determinado período aconteceu isso que o presidente do ar-Sampai fez uma operação prolongada em que requer ao terminal construcionado, seja reconhecida essa incapacidade da transitória e que então aí o presidente da Simbeda república assume como presidente intrino. Nas outras situações a questão não se coloca, ou seja, vendo uma situação de facto, mas, giremos, não se volve eu, eu vou errar, mas como presidente, tenho uma morte subida então o presidente da República e então linda viato, o presidente da Simbeda República assume como presidente de intrino. Ora bem, nós estamos em um caso... Deu uma gravidade. Em um desses casos, felizmente, não é? E portanto, e portanto, a inclusão no celular funcionamento existente, já permulgou de diplomas, importante, está tudo normal, só o restação daqui ainda não estará completamente, mas eu se creio que tem amanhã já atral, tem portanto. Sem as perspectivas meadicas são apretemento-voleis. Nós estamos a discutir neste momento, a mais um momento de agonia na Europa, com as iniciativas de paz para a guerra na Ucrania, que foram as semidas pelo Estado Unidas da América, frequentemente com uma posição mais fav...","noite coloca a frente a frente em rico com o VEMELE e António Flipe. O surtaio determinou que a primeira pergunta seja dirigida a OVEMELE e a última palavra do debate será de António Flipe. Muito bem-vindos, bem-vindos. O presidente da República está neste momento hospitalizado e os acampanessinamentos desta última 24 horas renovaram um debate sobre a substituição ou o processo de substituição do projeto de Estado. Estando bem em curso a campanha para o seu surparas natural, começamos por aqui, enrique que GoVEMELE. Boa noite aos celos de marcador, Boa noite, do doutor António Flipp, Boa noite, de Albert Carvalho. Considero que se deve comprar elei, porque é isso, o dia terminal, e aproveito..."
94,Other/Unknown,6.0,1.0,6.0,1.0,1,,,,77,"públicas respondam da cor das direitos que estão consagrados e que aliás o povo que tinha que conquistar o que vinte sem de abril, e que se perdeu muito, estamos muito a quem dos níveis desenvolvem medo que a Constituição prosperia e a decidir tomar esse caminho. Estou em Flipp, e reconhecidando muito obrigado por ter vivindo a TBI, a Sénian, Portugal, esta noite, o próximo debate na TBI e na Sénian, na quinta-feira entre João Cotrinho de Figueiredo e Catrina Martins.","públicas respondam da cor das direitos que estão consagrados e que aliás o povo que tinha que conquistar o que vinte sem de abril, e que se perdeu muito, estamos muito a quem dos níveis desenvolvem medo que a Constituição prosperia e a decidir tomar esse caminho. Estou em Flipp, e reconhecidando muito obrigado por ter vivindo a TBI, a Sénian, Portugal, esta noite, o próximo debate na TBI e na Sénian, na quinta-feira entre João Cotrinho de Figueiredo e Catrina Martins."
95,Other/Unknown,6.0,1.0,6.0,0.3333333333333333,1,,,,77,"públicas respondam da cor das direitos que estão consagrados e que aliás o povo que tinha que conquistar o que vinte sem de abril, e que se perdeu muito, estamos muito a quem dos níveis desenvolvem medo que a Constituição prosperia e a decidir tomar esse caminho. Estou em Flipp, e reconhecidando muito obrigado por ter vivindo a TBI, a Sénian, Portugal, esta noite, o próximo debate na TBI e na Sénian, na quinta-feira entre João Cotrinho de Figueiredo e Catrina Martins.","públicas respondam da cor das direitos que estão consagrados e que aliás o povo que tinha que conquistar o que vinte sem de abril, e que se perdeu muito, estamos muito a quem dos níveis desenvolvem medo que a Constituição prosperia e a decidir tomar esse caminho. Estou em Flipp, e reconhecidando muito obrigado por ter vivindo a TBI, a Sénian, Portugal, esta noite, o próximo debate na TBI e na Sénian, na quinta-feira entre João Cotrinho de Figueiredo e Catrina Martins."
96,No speech,0.0,0.0,0.0,0.0,0,,,,,,
97,No speech,0.0,0.0,0.0,0.0,0,,,,,,
98,No speech,0.0,0.0,0.0,0.0,0,,,,,,
99,Abertura/Manchetes,15.0,1.0,15.0,1.0,1,Abertura/Manchetes,,,78,"Boa noite e meia milhão. É só isto que eu tenho para dizer. Quase, tenho um número também. 761, 250, 761, 250. Este é o seu número da sorte. O número que lhe poada dá esta possibilidade de ganhar meio milhão de euros. Não fique de fora. Tenta sua sorte. Quem liga tem esta oportunidade de mudar de vida. Meio milhão de euros muda a vida de qualquer pessoa. Está a distância de uma chamada. Uma única chamada que lhe","Boa noite e meia milhão. É só isto que eu tenho para dizer. Quase, tenho um número também. 761, 250, 761, 250. Este é o seu número da sorte. O número que lhe poada dá esta possibilidade de ganhar meio milhão de euros. Não fique de fora. Tenta sua sorte. Quem liga tem esta oportunidade de mudar de vida. Meio milhão de euros muda a vida de qualquer pessoa. Está a distância de uma chamada. Uma única chamada que lhe"
100,Abertura/Manchetes,9.0,1.0,9.0,1.0,1,Abertura/Manchetes,,,78,"Boa noite e meia milhão. É só isto que eu tenho para dizer. Quase, tenho um número também. 761, 250, 761, 250. Este é o seu número da sorte. O número que lhe poada dá esta possibilidade de ganhar meio milhão de euros. Não fique de fora. Tenta sua sorte. Quem liga tem esta oportunidade de mudar de vida. Meio milhão de euros muda a vida de qualquer pessoa. Está a distância de uma chamada. Uma única chamada que lhe","Boa noite e meia milhão. É só isto que eu tenho para dizer. Quase, tenho um número também. 761, 250, 761, 250. Este é o seu número da sorte. O número que lhe poada dá esta possibilidade de ganhar meio milhão de euros. Não fique de fora. Tenta sua sorte. Quem liga tem esta oportunidade de mudar de vida. Meio milhão de euros muda a vida de qualquer pessoa. Está a distância de uma chamada. Uma única chamada que lhe"
101,Abertura/Manchetes,3.0,1.0,3.0,1.0,1,Abertura/Manchetes,,,78,"Boa noite e meia milhão. É só isto que eu tenho para dizer. Quase, tenho um número também. 761, 250, 761, 250. Este é o seu número da sorte. O número que lhe poada dá esta possibilidade de ganhar meio milhão de euros. Não fique de fora. Tenta sua sorte. Quem liga tem esta oportunidade de mudar de vida. Meio milhão de euros muda a vida de qualquer pessoa. Está a distância de uma chamada. Uma única chamada que lhe","Boa noite e meia milhão. É só isto que eu tenho para dizer. Quase, tenho um número também. 761, 250, 761, 250. Este é o seu número da sorte. O número que lhe poada dá esta possibilidade de ganhar meio milhão de euros. Não fique de fora. Tenta sua sorte. Quem liga tem esta oportunidade de mudar de vida. Meio milhão de euros muda a vida de qualquer pessoa. Está a distância de uma chamada. Uma única chamada que lhe"
102,Abertura/Manchetes,3.0,0.25,12.0,1.0,2,Abertura/Manchetes,,,78,"Boa noite e meia milhão. É só isto que eu tenho para dizer. Quase, tenho um número também. 761, 250, 761, 250. Este é o seu número da sorte. O número que lhe poada dá esta possibilidade de ganhar meio milhão de euros. Não fique de fora. Tenta sua sorte. Quem liga tem esta oportunidade de mudar de vida. Meio milhão de euros muda a vida de qualquer pessoa. Está a distância de uma chamada. Uma única chamada que lhe pode dar esta possibilidade de ficar rico. Fica mesmo rico. Milenário, ele garo 761, 250. É o número fácil de memorizar até. Eu guardava no Telemão, porque isto mês dá jeito. 761, 250 e pensar. E agora? Vou ganhar 500 mil euros. O que vou fazer com eles? O que vou entender? Quer comprar logo uma casa? Tá feito. Um carro tá feito. Dara volta ao mundo, dá para tudo. 500 mil euros dá um para tudo. E mais alguma coisa. Só","Boa noite e meia milhão. É só isto que eu tenho para dizer. Quase, tenho um número também. 761, 250, 761, 250. Este é o seu número da sorte. O número que lhe poada dá esta possibilidade de ganhar meio milhão de euros. Não fique de fora. Tenta sua sorte. Quem liga tem esta oportunidade de mudar de vida. Meio milhão de euros muda a vida de qualquer pessoa. Está a distância de uma chamada. Uma única chamada que lhe pode dar esta possibilidade de ficar rico. Fica mesmo rico. Milenário, ele garo 761, 250. É o número fácil de memorizar até. Eu guardava no Telemão, porque isto mês dá jeito. 761, 250 e pensar. E agora? Vou ganhar 500 mil euros. O que vou fazer com eles? O que vou entender? Quer comp..."
103,Other/Unknown,6.0,1.0,6.0,1.0,1,,,,78,"pode dar esta possibilidade de ficar rico. Fica mesmo rico. Milenário, ele garo 761, 250. É o número fácil de memorizar até. Eu guardava no Telemão, porque isto mês dá jeito. 761, 250 e pensar. E agora? Vou ganhar 500 mil euros. O que vou fazer com eles? O que vou entender? Quer comprar logo uma casa? Tá feito. Um carro tá feito. Dara volta ao mundo, dá para tudo. 500 mil euros dá um para tudo. E mais alguma coisa. Só","pode dar esta possibilidade de ficar rico. Fica mesmo rico. Milenário, ele garo 761, 250. É o número fácil de memorizar até. Eu guardava no Telemão, porque isto mês dá jeito. 761, 250 e pensar. E agora? Vou ganhar 500 mil euros. O que vou fazer com eles? O que vou entender? Quer comprar logo uma casa? Tá feito. Um carro tá feito. Dara volta ao mundo, dá para tudo. 500 mil euros dá um para tudo. E mais alguma coisa. Só"
104,Other/Unknown,3.0,1.0,3.0,1.0,1,,,,78,"pode dar esta possibilidade de ficar rico. Fica mesmo rico. Milenário, ele garo 761, 250. É o número fácil de memorizar até. Eu guardava no Telemão, porque isto mês dá jeito. 761, 250 e pensar. E agora? Vou ganhar 500 mil euros. O que vou fazer com eles? O que vou entender? Quer comprar logo uma casa? Tá feito. Um carro tá feito. Dara volta ao mundo, dá para tudo. 500 mil euros dá um para tudo. E mais alguma coisa. Só","pode dar esta possibilidade de ficar rico. Fica mesmo rico. Milenário, ele garo 761, 250. É o número fácil de memorizar até. Eu guardava no Telemão, porque isto mês dá jeito. 761, 250 e pensar. E agora? Vou ganhar 500 mil euros. O que vou fazer com eles? O que vou entender? Quer comprar logo uma casa? Tá feito. Um carro tá feito. Dara volta ao mundo, dá para tudo. 500 mil euros dá um para tudo. E mais alguma coisa. Só"
105,Other/Unknown,6.0,1.0,6.0,1.0,1,,,,78,"pode dar esta possibilidade de ficar rico. Fica mesmo rico. Milenário, ele garo 761, 250. É o número fácil de memorizar até. Eu guardava no Telemão, porque isto mês dá jeito. 761, 250 e pensar. E agora? Vou ganhar 500 mil euros. O que vou fazer com eles? O que vou entender? Quer comprar logo uma casa? Tá feito. Um carro tá feito. Dara volta ao mundo, dá para tudo. 500 mil euros dá um para tudo. E mais alguma coisa. Só","pode dar esta possibilidade de ficar rico. Fica mesmo rico. Milenário, ele garo 761, 250. É o número fácil de memorizar até. Eu guardava no Telemão, porque isto mês dá jeito. 761, 250 e pensar. E agora? Vou ganhar 500 mil euros. O que vou fazer com eles? O que vou entender? Quer comprar logo uma casa? Tá feito. Um carro tá feito. Dara volta ao mundo, dá para tudo. 500 mil euros dá um para tudo. E mais alguma coisa. Só"
106,Other/Unknown,60.0,1.0,60.0,1.0,3,,,,78,"pode dar esta possibilidade de ficar rico. Fica mesmo rico. Milenário, ele garo 761, 250. É o número fácil de memorizar até. Eu guardava no Telemão, porque isto mês dá jeito. 761, 250 e pensar. E agora? Vou ganhar 500 mil euros. O que vou fazer com eles? O que vou entender? Quer comprar logo uma casa? Tá feito. Um carro tá feito. Dara volta ao mundo, dá para tudo. 500 mil euros dá um para tudo. E mais alguma coisa. Só precisa de ligar. Se não ligar, não ganha. Eu não ficava de fora. É que meio milhão de euros não receba assim do momento para outro. Diga lá. Onde é que foi? Um euro maisiva que é o custo da chamada. E ele pode andar meio milhão de euros. Enlá de nenhum. Só que na sua TV, é preciso ligar, é preciso tentar. É preciso acreditar. 761, 250 e depois é pensar na sua família. Pensarem em si. E o que podem fazer com este meio milhão de euros? É verdade. Às vezes ainda parece que é assim o eluzão, não é? Como é que é possível? Até vem estar a dar meio milhão de euros. Está mesmo. E só precisa de fazer uma chamada. Uma. Pode ser que eu seja o seu dia de sorte. Vá lá. Vamos todos juntos. Ligar. 761, 250 e boa sorte. Vamos especiar.","pode dar esta possibilidade de ficar rico. Fica mesmo rico. Milenário, ele garo 761, 250. É o número fácil de memorizar até. Eu guardava no Telemão, porque isto mês dá jeito. 761, 250 e pensar. E agora? Vou ganhar 500 mil euros. O que vou fazer com eles? O que vou entender? Quer comprar logo uma casa? Tá feito. Um carro tá feito. Dara volta ao mundo, dá para tudo. 500 mil euros dá um para tudo. E mais alguma coisa. Só precisa de ligar. Se não ligar, não ganha. Eu não ficava de fora. É que meio milhão de euros não receba assim do momento para outro. Diga lá. Onde é que foi? Um euro maisiva que é o custo da chamada. E ele pode andar meio milhão de euros. Enlá de nenhum. Só que na sua TV, é pre..."
107,Other/Unknown,6.0,1.0,6.0,1.0,1,,,,78,"com este meio milhão de euros? É verdade. Às vezes ainda parece que é assim o eluzão, não é? Como é que é possível? Até vem estar a dar meio milhão de euros. Está mesmo. E só precisa de fazer uma chamada. Uma. Pode ser que eu seja o seu dia de sorte. Vá lá. Vamos todos juntos. Ligar. 761, 250 e boa sorte. Vamos especiar.","com este meio milhão de euros? É verdade. Às vezes ainda parece que é assim o eluzão, não é? Como é que é possível? Até vem estar a dar meio milhão de euros. Está mesmo. E só precisa de fazer uma chamada. Uma. Pode ser que eu seja o seu dia de sorte. Vá lá. Vamos todos juntos. Ligar. 761, 250 e boa sorte. Vamos especiar."
