block_id,ocr_start_sec,ocr_end_sec,ocr_start_time,ocr_end_time,ocr_duration_sec,ocr_duration_min,window_id,speech_start_sec,speech_end_sec,speech_start_time,speech_end_time,speech_duration_sec,overlap_sec,overlap_ratio_of_ocr_block,overlap_ratio_of_speech_window,ocr_theme,ocr_themes_present,ocr_text,speech_theme,speech_themes_present,speech_candidates_present,speech_parties_present,speech_text,speech_source_segments,speech_transition_reason
2,33.0,66.0,00:33,01:06,33.0,0.55,1,60.0,90.0,01:00,01:30,30.0,6.0,0.18181818181818182,0.2,Other/Unknown,,acusam mp de fazer contas de merceeiro | tvi 19 54 | 19 54 | tvi | acusam mp de fazer contas de merceeirc | 1 865 | não dormir bem tem consequências graves | jornal nagonal,Other/Unknown,,,,"O objetivo é desmantelar uma organização criminosa, responsável pelo menos por 50 à salto de hipermercados, em diversos locais",1,
3,66.0,72.0,01:06,01:12,6.0,0.1,1,60.0,90.0,01:00,01:30,30.0,6.0,1.0,0.2,Other/Unknown,,tvi 19 55 | 19 55 | jornal nacional,Other/Unknown,,,,"O objetivo é desmantelar uma organização criminosa, responsável pelo menos por 50 à salto de hipermercados, em diversos locais",1,
4,72.0,75.0,01:12,01:15,3.0,0.05,1,60.0,90.0,01:00,01:30,30.0,3.0,1.0,0.1,Other/Unknown,,19 55,Other/Unknown,,,,"O objetivo é desmantelar uma organização criminosa, responsável pelo menos por 50 à salto de hipermercados, em diversos locais",1,
5,75.0,120.0,01:15,02:00,45.0,0.75,1,60.0,90.0,01:00,01:30,30.0,15.0,0.3333333333333333,0.5,Other/Unknown,,19 55 | a state of the party of the party of the party of the party of the party of the party of the party of the party of the party of the party of the party of the party of the party of the party of the party of the party of the | showing | roubos de milhares em supermercados | jornal nacional | tvi | todas as imagens para ver mais à frente neste jornal | todas as imagens para ver mais à frente neste jorna,Other/Unknown,,,,"O objetivo é desmantelar uma organização criminosa, responsável pelo menos por 50 à salto de hipermercados, em diversos locais",1,
5,75.0,120.0,01:15,02:00,45.0,0.75,2,90.0,120.0,01:30,02:00,30.0,30.0,0.6666666666666666,1.0,Other/Unknown,,19 55 | a state of the party of the party of the party of the party of the party of the party of the party of the party of the party of the party of the party of the party of the party of the party of the party of the party of the | showing | roubos de milhares em supermercados | jornal nacional | tvi | todas as imagens para ver mais à frente neste jornal | todas as imagens para ver mais à frente neste jorna,Other/Unknown,,,,do país. Os supeitos roubavam produtos de grandes especificis e depois vendiam-nos no mercado paralel. Chegavam levar para telelas inteiras como mostram as imagens de vídeo e a vigilância que tivemos acesso.,1,
6,120.0,204.0,02:00,03:24,84.0,1.4,3,120.0,150.0,02:00,02:30,30.0,30.0,0.35714285714285715,1.0,Other/Unknown,,0 754 | 19 56 | a segu | ozempic 0 5 mg | semaglutido | solução injetável em caneta pre cheja | uma vez por semana | via subcutânea,Justiça/Segurança,"Governo/Partidos, Justiça/Segurança",,,"Há um desenvolvimento surpreendente no processo de influência que levou à queda do Governo. O Ministério Público manteu durante cinco anos, escutas telefónicas envolvendo o António Costa sem as enviar ao Tribunal, a pesar de aler e obrigar",2,
6,120.0,204.0,02:00,03:24,84.0,1.4,4,150.0,180.0,02:30,03:00,30.0,30.0,0.35714285714285715,1.0,Other/Unknown,,0 754 | 19 56 | a segu | ozempic 0 5 mg | semaglutido | solução injetável em caneta pre cheja | uma vez por semana | via subcutânea,Justiça/Segurança,"Governo/Partidos, Justiça/Segurança",,,"a sua validação no práso máximo de 48 horas. As gravações incluem 22 conversas entre o então primeiro-ministro e três dos visados do operação em fluência. De acordo com o diário de notícias, as infeciações ocorreram entre 2020 e 2022, mas só foram entregues ao Supremo Tribunal de Justiça em outubro, o que faz com que possam vida ser consideradas prova proibida. A operação em fluência não investiga a ligada de escrimos de corrupção, tráfico de influência",2,
6,120.0,204.0,02:00,03:24,84.0,1.4,5,180.0,210.0,03:00,03:30,30.0,24.0,0.2857142857142857,0.8,Other/Unknown,,0 754 | 19 56 | a segu | ozempic 0 5 mg | semaglutido | solução injetável em caneta pre cheja | uma vez por semana | via subcutânea,Justiça/Segurança,"Governo/Partidos, Justiça/Segurança",,,"e pervaricação, relacionado com os projetos de letio hidrogênio e o data centre de cinas, o caso, como sabemos, levou à queda do Governo de António, o António Costa, que mais de dois anos depois não foi constituído para o guiido e continua sem ter acesso ao processo. A justiça está no topo da atualidade, José só que desvolta em forcer-se com a juiza da operação Marqueja. Depois de sosa","2, 3",
7,204.0,330.0,03:24,05:30,126.0,2.1,5,180.0,210.0,03:00,03:30,30.0,6.0,0.047619047619047616,0.2,Justiça/Segurança,"Justiça/Segurança, Ambiente/Meteorologia/Proteção Civil, Governo/Partidos",19 57 | tvi sócrates ataca a juíza | sócrates ataca a juíza | jornal nacional | tvi 19 57 | antigo governante acusa susana seca de mentir | 19 58 | antigo governante acusa susana seca de mentip,Justiça/Segurança,"Governo/Partidos, Justiça/Segurança",,,"e pervaricação, relacionado com os projetos de letio hidrogênio e o data centre de cinas, o caso, como sabemos, levou à queda do Governo de António, o António Costa, que mais de dois anos depois não foi constituído para o guiido e continua sem ter acesso ao processo. A justiça está no topo da atualidade, José só que desvolta em forcer-se com a juiza da operação Marqueja. Depois de sosa","2, 3",
7,204.0,330.0,03:24,05:30,126.0,2.1,6,210.0,240.0,03:30,04:00,30.0,30.0,0.23809523809523808,1.0,Justiça/Segurança,"Justiça/Segurança, Ambiente/Meteorologia/Proteção Civil, Governo/Partidos",19 57 | tvi sócrates ataca a juíza | sócrates ataca a juíza | jornal nacional | tvi 19 57 | antigo governante acusa susana seca de mentir | 19 58 | antigo governante acusa susana seca de mentip,Justiça/Segurança,"Governo/Partidos, Justiça/Segurança, Ambiente/Meteorologia/Proteção Civil",,,"na seca ter classificado a renúncia do advogado que sempre o defendeu, peda-se lile como uma manobra de elatoria para atrasar os ligamentos, o antigo PM Ministro escreveu-lo mais uma carta. Nela diz que foi o Estado e não ele queimar-se usou manobras de elatorias para o prejudicar. e resposta de José Sócrates, a João Sosa Naseca, que o acusou de manobras dilatorias por causa da renúncia do seu advogado. Numa carta enviada a","3, 4",
7,204.0,330.0,03:24,05:30,126.0,2.1,7,240.0,270.0,04:00,04:30,30.0,30.0,0.23809523809523808,1.0,Justiça/Segurança,"Justiça/Segurança, Ambiente/Meteorologia/Proteção Civil, Governo/Partidos",19 57 | tvi sócrates ataca a juíza | sócrates ataca a juíza | jornal nacional | tvi 19 57 | antigo governante acusa susana seca de mentir | 19 58 | antigo governante acusa susana seca de mentip,Governo/Partidos,Governo/Partidos,,,"João Sosa Naseca, do processo de operação marquês, o antigo primeiro ministro diz o offendido, porque é falso e injusto que a renúncia tenha sido uma manobra dilatoria e acusou a João Sosa de Parcialidade. João Sosa<|pt|> Commission, grande que ele é a decisão de Pedro de Lille, porque diz, perde-se com a saída do seu advogado, porque é difícil substituí-lo dado o conhecimento que tem do processo. O antigo chefe do governo devolve as acusações",4,
7,204.0,330.0,03:24,05:30,126.0,2.1,8,270.0,300.0,04:30,05:00,30.0,30.0,0.23809523809523808,1.0,Justiça/Segurança,"Justiça/Segurança, Ambiente/Meteorologia/Proteção Civil, Governo/Partidos",19 57 | tvi sócrates ataca a juíza | sócrates ataca a juíza | jornal nacional | tvi 19 57 | antigo governante acusa susana seca de mentir | 19 58 | antigo governante acusa susana seca de mentip,Justiça/Segurança,Justiça/Segurança,,,"e acusou estado de ter promovido, ao longo dos últimos dez anos, várias manobras dilatorias que o prejudicaram. E por isso, peda que o tribunal não atropelam os seus direitos, em nome do que diz ser uma pressa que ele tenha sido imposta pelas manobras dilatorias. Sócrates critica ainda os esclarcimentos do tribunal via com o seu superior da magistratura aos jornalistas sobre os crimes de corrupção ativa, relativos a Valdo Lobo, que vão prescrever no primeiro",4,
7,204.0,330.0,03:24,05:30,126.0,2.1,9,300.0,330.0,05:00,05:30,30.0,30.0,0.23809523809523808,1.0,Justiça/Segurança,"Justiça/Segurança, Ambiente/Meteorologia/Proteção Civil, Governo/Partidos",19 57 | tvi sócrates ataca a juíza | sócrates ataca a juíza | jornal nacional | tvi 19 57 | antigo governante acusa susana seca de mentir | 19 58 | antigo governante acusa susana seca de mentip,Governo/Partidos,"Governo/Partidos, Justiça/Segurança",,,"semestre de 2006. Fala, num comportamento afrontoso aos direitos da defesa, por não ter sido discutido, este tema em audiência de julgamento e acrescenta que o mesmo não se faz nos jornais. Sócrates, pedo por isso, a juiza que ele seja entrega os esclarcimentos dado pelo tribunal aos jornalistas. O julgamento da opressão marquês está suspensu até dezembro até o antigo primeiro ministro, nomear o novo advogado.",4,
8,330.0,363.0,05:30,06:03,33.0,0.55,10,330.0,360.0,05:30,06:00,30.0,30.0,0.9090909090909091,1.0,Saúde,Saúde,tvi acesso a exames no privado | acesso a exames no privado | 19 59 | jornal nacional | registadas quase 100 queixas de utentes do sns | tvi 20 00 | 20 00 | tvi,Saúde,Saúde,,,"Os autentes do serviço nacional de saúde estão a caixar-se cada vez mais da discriminação quando têm de recorrer a serviços de saúde privados. Este é nos reclamações, esperaram. Vão a caminho de uma centena as caixas feitas à RES, a entidade reguladora da saúde. No ano passado",5,
8,330.0,363.0,05:30,06:03,33.0,0.55,11,360.0,390.0,06:00,06:30,30.0,3.0,0.09090909090909091,0.1,Saúde,Saúde,tvi acesso a exames no privado | acesso a exames no privado | 19 59 | jornal nacional | registadas quase 100 queixas de utentes do sns | tvi 20 00 | 20 00 | tvi,Saúde,Saúde,,,"foram registadas 77 reclamações no total do ano. As caixas têm a ver com acesso a exames, análises e tratamentos a centros privados. Segundo a RES, a dificuldades na marcação e realização de exames como oicografias, mamografias, ressonâncias, tac, tratamentos de reablitação como o fisiotrapia. As vagas e assistentes nos centros privados para os autentes do SNS podem levar a uma espera de três a quatro meses. A entidade reguladora da saúde lançou um alerta em outubro ao hospitador",5,
9,363.0,366.0,06:03,06:06,3.0,0.05,11,360.0,390.0,06:00,06:30,30.0,3.0,1.0,0.1,Other/Unknown,,tvi 20 00,Saúde,Saúde,,,"foram registadas 77 reclamações no total do ano. As caixas têm a ver com acesso a exames, análises e tratamentos a centros privados. Segundo a RES, a dificuldades na marcação e realização de exames como oicografias, mamografias, ressonâncias, tac, tratamentos de reablitação como o fisiotrapia. As vagas e assistentes nos centros privados para os autentes do SNS podem levar a uma espera de três a quatro meses. A entidade reguladora da saúde lançou um alerta em outubro ao hospitador",5,
10,366.0,522.0,06:06,08:42,156.0,2.6,11,360.0,390.0,06:00,06:30,30.0,24.0,0.15384615384615385,0.8,Justiça/Segurança,"Saúde, Justiça/Segurança",35 1 | philips | tedas pressões | zero praesac | zerz | 20 00 | a passar | acesso a exames no privado,Saúde,Saúde,,,"foram registadas 77 reclamações no total do ano. As caixas têm a ver com acesso a exames, análises e tratamentos a centros privados. Segundo a RES, a dificuldades na marcação e realização de exames como oicografias, mamografias, ressonâncias, tac, tratamentos de reablitação como o fisiotrapia. As vagas e assistentes nos centros privados para os autentes do SNS podem levar a uma espera de três a quatro meses. A entidade reguladora da saúde lançou um alerta em outubro ao hospitador",5,
10,366.0,522.0,06:06,08:42,156.0,2.6,12,390.0,420.0,06:30,07:00,30.0,30.0,0.19230769230769232,1.0,Justiça/Segurança,"Saúde, Justiça/Segurança",35 1 | philips | tedas pressões | zero praesac | zerz | 20 00 | a passar | acesso a exames no privado,Other/Unknown,,,,de serviços convencionados a lembrar que a discriminação de autentes é a prohibida a resposta do presidente da Associação Pressogeza da Hospitalização Privada. Foi feita por escrito.,5,
10,366.0,522.0,06:06,08:42,156.0,2.6,13,420.0,450.0,07:00,07:30,30.0,30.0,0.19230769230769232,1.0,Justiça/Segurança,"Saúde, Justiça/Segurança",35 1 | philips | tedas pressões | zero praesac | zerz | 20 00 | a passar | acesso a exames no privado,Justiça/Segurança,Justiça/Segurança,,,A médica de tida por fraude na prescrição,6,
10,366.0,522.0,06:06,08:42,156.0,2.6,14,450.0,480.0,07:30,08:00,30.0,30.0,0.19230769230769232,1.0,Justiça/Segurança,"Saúde, Justiça/Segurança",35 1 | philips | tedas pressões | zero praesac | zerz | 20 00 | a passar | acesso a exames no privado,Justiça/Segurança,Justiça/Segurança,,,"de milhares de receitas de aos MPC, saiu do Tribunal em liberdade, com uma caução de 500 mil euros. Graça Vargas cobrava 140 euros por consulta e trausado o Estado em cerca de 3 milhões. O esquema que passava por perque severo, um medicamento para diabetes, é o tentas que criam apenas perder peso, envolvia também o seu companheiro de devogado, de profissão e outra médica. O Toque mágico para perder peso estava só a distância","6, 7",
10,366.0,522.0,06:06,08:42,156.0,2.6,15,480.0,510.0,08:00,08:30,30.0,30.0,0.19230769230769232,1.0,Justiça/Segurança,"Saúde, Justiça/Segurança",35 1 | philips | tedas pressões | zero praesac | zerz | 20 00 | a passar | acesso a exames no privado,Justiça/Segurança,Justiça/Segurança,,,"de uma chamada, de acordo com o jornal observador que teve acesso ao despacho de indiciação de o Ministério Público, o telefone tocava na clínica essência do outro lado da linha, a busca por uma consulta com endocrinologista Graça Vargas. Mas a primeira seria, com uma outra médica também envolvida no esquema, com a garantia mesmo assim de que o paciente teria acesso à medicação para emagrecer. No caso, aos impic, truliceti ou victosa. Nessa mesma",7,
10,366.0,522.0,06:06,08:42,156.0,2.6,16,510.0,540.0,08:30,09:00,30.0,12.0,0.07692307692307693,0.4,Justiça/Segurança,"Saúde, Justiça/Segurança",35 1 | philips | tedas pressões | zero praesac | zerz | 20 00 | a passar | acesso a exames no privado,Saúde,"Saúde, Economia/Proteção Social",,,"chamada, o aviso, o pagamento da consulta teria de ser feito em numerário ou cheque, as autoridades terão percebido através de escutas que não havia sequer multibenco. Mas vemos aos preços de uma primeira consulta, custava ao paciente 160 euros, as que viriam a seguir 140. Tudo para aceleram medicamento, o que custa 120 euros sem comparticipação, mas nem 11 euros se for prescrito por um médico. E já que estamos nos números, os que",7,
11,522.0,531.0,08:42,08:51,9.0,0.15,16,510.0,540.0,08:30,09:00,30.0,9.0,1.0,0.3,Other/Unknown,,tvi 20 03 | 20 03 | tvi | jornal nacional,Saúde,"Saúde, Economia/Proteção Social",,,"chamada, o aviso, o pagamento da consulta teria de ser feito em numerário ou cheque, as autoridades terão percebido através de escutas que não havia sequer multibenco. Mas vemos aos preços de uma primeira consulta, custava ao paciente 160 euros, as que viriam a seguir 140. Tudo para aceleram medicamento, o que custa 120 euros sem comparticipação, mas nem 11 euros se for prescrito por um médico. E já que estamos nos números, os que",7,
12,531.0,615.0,08:51,10:15,84.0,1.4,16,510.0,540.0,08:30,09:00,30.0,9.0,0.10714285714285714,0.3,Saúde,"Saúde, Justiça/Segurança",ozempic det 101 | tvi 20 03 | ozempic det | 20 03 | ozempic design | ozempic den | jornal nacional | ozempic para todos,Saúde,"Saúde, Economia/Proteção Social",,,"chamada, o aviso, o pagamento da consulta teria de ser feito em numerário ou cheque, as autoridades terão percebido através de escutas que não havia sequer multibenco. Mas vemos aos preços de uma primeira consulta, custava ao paciente 160 euros, as que viriam a seguir 140. Tudo para aceleram medicamento, o que custa 120 euros sem comparticipação, mas nem 11 euros se for prescrito por um médico. E já que estamos nos números, os que",7,
12,531.0,615.0,08:51,10:15,84.0,1.4,17,540.0,570.0,09:00,09:30,30.0,30.0,0.35714285714285715,1.0,Saúde,"Saúde, Justiça/Segurança",ozempic det 101 | tvi 20 03 | ozempic det | 20 03 | ozempic design | ozempic den | jornal nacional | ozempic para todos,Saúde,"Saúde, Justiça/Segurança",,,"a Madagraça Vargas, terá começado em 2014, foram 11 anos que resultaram em 66 mil em balagens pela médica prescritas, a quase 2 milutentes. Leça no despacho que ao todo foram mais de 6 milhões de euros comparticipados pelo serviço nacional de saúde, no que aos trasmidicamente os diz os peito. Mais de metade dos pacientes não aparentam ser diabéticos, e por isso, a investigação ainda em curso, estima que a Graça Vargas terá de fraude",7,
12,531.0,615.0,08:51,10:15,84.0,1.4,18,570.0,600.0,09:30,10:00,30.0,30.0,0.35714285714285715,1.0,Saúde,"Saúde, Justiça/Segurança",ozempic det 101 | tvi 20 03 | ozempic det | 20 03 | ozempic design | ozempic den | jornal nacional | ozempic para todos,Justiça/Segurança,"Justiça/Segurança, Internacional",,,"à do estado em polo menos 3 milhões de euros. Graça Vargas está indiciada dos crimes de burla qualificada e falsidade informática, mas há mais argoídos entre-les o companheiro. Que é devogado. Os dois serão suspeitos de guardar o dinheiro, que a médica recebia das consultas na própria casa, em matosinhos, e depois de positá-lo em França, país onde tem residência declarada. Em investigação, não tem dúvidas, Graça Vargas é a maior pesquitora anivando a",7,
12,531.0,615.0,08:51,10:15,84.0,1.4,19,600.0,630.0,10:00,10:30,30.0,15.0,0.17857142857142858,0.5,Saúde,"Saúde, Justiça/Segurança",ozempic det 101 | tvi 20 03 | ozempic det | 20 03 | ozempic design | ozempic den | jornal nacional | ozempic para todos,Justiça/Segurança,Justiça/Segurança,,,"sinal de medicamentos para diabéticos. Agora a médica vai ter de pagar uma caução de meio-milhão de euros, fica ainda proibida de contactar com as testimonhas, frequentar a clínica e exercer a profissão.",7,
13,615.0,618.0,10:15,10:18,3.0,0.05,19,600.0,630.0,10:00,10:30,30.0,3.0,1.0,0.1,Other/Unknown,,medicamento sujesto a reco | solução injetável e via subcutânea | uma vez por sema | tvi 20 04 | 0 754 | a segu,Justiça/Segurança,Justiça/Segurança,,,"sinal de medicamentos para diabéticos. Agora a médica vai ter de pagar uma caução de meio-milhão de euros, fica ainda proibida de contactar com as testimonhas, frequentar a clínica e exercer a profissão.",7,
14,618.0,849.0,10:18,14:09,231.0,3.85,19,600.0,630.0,10:00,10:30,30.0,12.0,0.05194805194805195,0.4,Justiça/Segurança,Justiça/Segurança,tvi 20 04 | mumereedenboron | mulher detida por mandar matar ex marido | 20 04 | 24 horas todos os dia | jornal nacional | nep 3 01 06 de 04nov16 | 24 horas todos os dias,Justiça/Segurança,Justiça/Segurança,,,"sinal de medicamentos para diabéticos. Agora a médica vai ter de pagar uma caução de meio-milhão de euros, fica ainda proibida de contactar com as testimonhas, frequentar a clínica e exercer a profissão.",7,
14,618.0,849.0,10:18,14:09,231.0,3.85,22,690.0,720.0,11:30,12:00,30.0,30.0,0.12987012987012986,1.0,Justiça/Segurança,Justiça/Segurança,tvi 20 04 | mumereedenboron | mulher detida por mandar matar ex marido | 20 04 | 24 horas todos os dia | jornal nacional | nep 3 01 06 de 04nov16 | 24 horas todos os dias,Other/Unknown,,,,Não saia a estilana nunca mais. O marido de Fernanda era cliente habitual,8,
14,618.0,849.0,10:18,14:09,231.0,3.85,23,720.0,750.0,12:00,12:30,30.0,30.0,0.12987012987012986,1.0,Justiça/Segurança,Justiça/Segurança,tvi 20 04 | mumereedenboron | mulher detida por mandar matar ex marido | 20 04 | 24 horas todos os dia | jornal nacional | nep 3 01 06 de 04nov16 | 24 horas todos os dias,Justiça/Segurança,Justiça/Segurança,,,"da barbaria de Carlos Pinae. No dia do crime, o casal estava na loja quando Fernanda o silva, disparou a matar. Esta quinta-feira ouviram se tepoei mentos e motivos dos familiares. O tribunal tentou ainda apurar as iluminações atribuirás vítimas. As algações finais estão marcadas para daqui a um mês.",8,
14,618.0,849.0,10:18,14:09,231.0,3.85,24,750.0,780.0,12:30,13:00,30.0,30.0,0.12987012987012986,1.0,Justiça/Segurança,Justiça/Segurança,tvi 20 04 | mumereedenboron | mulher detida por mandar matar ex marido | 20 04 | 24 horas todos os dia | jornal nacional | nep 3 01 06 de 04nov16 | 24 horas todos os dias,Other/Unknown,,,,"A história parece digna de um filme. Acabou a relação e abril e começou o interesse. A mulher de 46 anos, nacionalidade brasileira, percebeu que iria perder bons patrimoniais e dinheiro com que estados durante a união de facto, que durou 8 anos. E por isso, o ijulho planeou matar o esmarito. Mas como não tinha curagem de eu fazer ela, para a aprear e recorrer",9,
14,618.0,849.0,10:18,14:09,231.0,3.85,25,780.0,810.0,13:00,13:30,30.0,30.0,0.12987012987012986,1.0,Justiça/Segurança,Justiça/Segurança,tvi 20 04 | mumereedenboron | mulher detida por mandar matar ex marido | 20 04 | 24 horas todos os dia | jornal nacional | nep 3 01 06 de 04nov16 | 24 horas todos os dias,Justiça/Segurança,Justiça/Segurança,,,"aos serviços de um amigo dos dois, alguém com antecedentes por crimes contra pessoas. E com ele engendrou um plano, escolheram o dia, a hora, mas a forma como tu diria acontecer tinha, na verdade, um pedido especial de esta mulher. Ela queria que o eixo, antes de morrer, sofre-se ao máximo. Investigação fala mesmo num crime que seria executado com contornos macabros. Com a morte de dois marido, a sua espéita ficaria com a casa e com o negócio dos dois, um espaço de diversão na turna. O que",9,
14,618.0,849.0,10:18,14:09,231.0,3.85,26,810.0,840.0,13:30,14:00,30.0,30.0,0.12987012987012986,1.0,Justiça/Segurança,Justiça/Segurança,tvi 20 04 | mumereedenboron | mulher detida por mandar matar ex marido | 20 04 | 24 horas todos os dia | jornal nacional | nep 3 01 06 de 04nov16 | 24 horas todos os dias,Justiça/Segurança,Justiça/Segurança,,,"a espéita não esperava era ser traída pelo alegado assassino contratado, que contou a vítima que é a ex-mulher planeava, matá-lo. Depois de estar a par do plano, o homem de 43 anos dirigiu-se então a GN e a que te visse o cidadon do ex-casal murava e trabalhava e apresentou caixa. A investigação passou para a alçada da Polícia Judiciária do Centro e esta terça-feira a sua espéita foi detida. Está agora indiciada por um missídeo colificado na forma tentada e presenta a juías no Tribunal de Visio, esta",9,
14,618.0,849.0,10:18,14:09,231.0,3.85,27,840.0,870.0,14:00,14:30,30.0,9.0,0.03896103896103896,0.3,Justiça/Segurança,Justiça/Segurança,tvi 20 04 | mumereedenboron | mulher detida por mandar matar ex marido | 20 04 | 24 horas todos os dia | jornal nacional | nep 3 01 06 de 04nov16 | 24 horas todos os dias,Economia/Proteção Social,"Governo/Partidos, Economia/Proteção Social",,"CHEGA, PS","quinta-feira foi lidecretada à medida de coação mais gravosa, vai aguardar julgamento a imprisão preventiva. PS se chega anularam-se no Parlamento e não conseguiram aprovar o aumento permanente das pensões mais baixas que ambos","9, 10",
15,849.0,864.0,14:09,14:24,15.0,0.25,27,840.0,870.0,14:00,14:30,30.0,15.0,1.0,0.5,Other/Unknown,,tvi 20 08 | ale | motoristas públicos fazem horas a mais | 1vi 20 08 | ac97po | 20 08 | jornal nacional | a097p0,Economia/Proteção Social,"Governo/Partidos, Economia/Proteção Social",,"CHEGA, PS","quinta-feira foi lidecretada à medida de coação mais gravosa, vai aguardar julgamento a imprisão preventiva. PS se chega anularam-se no Parlamento e não conseguiram aprovar o aumento permanente das pensões mais baixas que ambos","9, 10",
16,864.0,1206.0,14:24,20:06,342.0,5.7,27,840.0,870.0,14:00,14:30,30.0,6.0,0.017543859649122806,0.2,Eleições/Campanha,"Economia/Proteção Social, Governo/Partidos, Transportes/Mobilidade, Eleições/Campanha",det | tvi 20 08 | pensões não vão aumentar | 20 08 | jornal nacional | tvi | bónus aprovado mas aumento permanente chumbado | 20 09,Economia/Proteção Social,"Governo/Partidos, Economia/Proteção Social",,"CHEGA, PS","quinta-feira foi lidecretada à medida de coação mais gravosa, vai aguardar julgamento a imprisão preventiva. PS se chega anularam-se no Parlamento e não conseguiram aprovar o aumento permanente das pensões mais baixas que ambos","9, 10",
16,864.0,1206.0,14:24,20:06,342.0,5.7,28,870.0,900.0,14:30,15:00,30.0,30.0,0.08771929824561403,1.0,Eleições/Campanha,"Economia/Proteção Social, Governo/Partidos, Transportes/Mobilidade, Eleições/Campanha",det | tvi 20 08 | pensões não vão aumentar | 20 08 | jornal nacional | tvi | bónus aprovado mas aumento permanente chumbado | 20 09,Economia/Proteção Social,"Governo/Partidos, Economia/Proteção Social",,PSD/AD,"defendiam. A vitória nas propostas de alteração ao Orçamento está devolta a ficar do lado do Governo. O PSD conseguiu vilizar a medida que os celistas tento criam a evitar. Para o ano, haverá apenas um suplemento extraordinário das pensões com muitos cês. O aumento do permanente das pensões mais baixas era a meiaça da oposição, às contas do orçamento para o próximo ano.","10, 11",
16,864.0,1206.0,14:24,20:06,342.0,5.7,29,900.0,930.0,15:00,15:30,30.0,30.0,0.08771929824561403,1.0,Eleições/Campanha,"Economia/Proteção Social, Governo/Partidos, Transportes/Mobilidade, Eleições/Campanha",det | tvi 20 08 | pensões não vão aumentar | 20 08 | jornal nacional | tvi | bónus aprovado mas aumento permanente chumbado | 20 09,Governo/Partidos,Governo/Partidos,,"CHEGA, PS","Mas PS se chega, não se entenderam, e as propostas dos dois melhores partidos da oposição acabaram chumbadas graças a votações cruzadas. Fica na lei o que pretendia o governo, um aumento extraordinário, se o saldo orçamental assim o permitir. A votação das mais de 2 mil propostas de alteração parece assim a seguir o vio do governo. Se constância de 2016, se dar uma concentração à voltada de impréstimos perra e erra... Retira qualquer magia de acomodação","11, 12",
16,864.0,1206.0,14:24,20:06,342.0,5.7,30,930.0,960.0,15:30,16:00,30.0,30.0,0.08771929824561403,1.0,Eleições/Campanha,"Economia/Proteção Social, Governo/Partidos, Transportes/Mobilidade, Eleições/Campanha",det | tvi 20 08 | pensões não vão aumentar | 20 08 | jornal nacional | tvi | bónus aprovado mas aumento permanente chumbado | 20 09,Economia/Proteção Social,"Economia/Proteção Social, Transportes/Mobilidade",,,"de novas propostas, a menos que queramos votar o país a regressa um passado de déficit. Estos três pontos, impostos indiretos, impostos e obos combustíveis, o adicional do IUC e as portagens são um símbolo maior de que no essencial, no grosso, este orçamento não é muito diferente dos orçamentos diantónicos. Os não-vens virlizar.",12,
16,864.0,1206.0,14:24,20:06,342.0,5.7,31,960.0,990.0,16:00,16:30,30.0,30.0,0.08771929824561403,1.0,Eleições/Campanha,"Economia/Proteção Social, Governo/Partidos, Transportes/Mobilidade, Eleições/Campanha",det | tvi 20 08 | pensões não vão aumentar | 20 08 | jornal nacional | tvi | bónus aprovado mas aumento permanente chumbado | 20 09,Economia/Proteção Social,"Economia/Proteção Social, Transportes/Mobilidade",,CHEGA,"Mas o chega que votou contra o orçamento do Estado insistem fazer passar uma medida gravosa para as contas públicas. Leiam os meus lábios. As portagens vão mesmo acabar onde tiverem que acabar em Portugal. Quem vai deixar passar a medida não sabe, neste primeiro dia só foram aprovadas, propostas com um pouco ou no lo impacto orçamental. A votação final do bala é",13,
16,864.0,1206.0,14:24,20:06,342.0,5.7,32,990.0,1020.0,16:30,17:00,30.0,30.0,0.08771929824561403,1.0,Eleições/Campanha,"Economia/Proteção Social, Governo/Partidos, Transportes/Mobilidade, Eleições/Campanha",det | tvi 20 08 | pensões não vão aumentar | 20 08 | jornal nacional | tvi | bónus aprovado mas aumento permanente chumbado | 20 09,Economia/Proteção Social,Economia/Proteção Social,,PS,"de 28, e a abstensão do PS se garantar a aprovação do orçamento.",13,
16,864.0,1206.0,14:24,20:06,342.0,5.7,33,1020.0,1050.0,17:00,17:30,30.0,30.0,0.08771929824561403,1.0,Eleições/Campanha,"Economia/Proteção Social, Governo/Partidos, Transportes/Mobilidade, Eleições/Campanha",det | tvi 20 08 | pensões não vão aumentar | 20 08 | jornal nacional | tvi | bónus aprovado mas aumento permanente chumbado | 20 09,Eleições/Campanha,Eleições/Campanha,,"PSD/AD, PS","Nós estamos no Eduardo do Arçamento do Estado, eu gostava de acinular isso, vou ficar bem em coisas que acham mesmo importantes. Agora, como candidato o evento, o ar aprova, caso raro, ultimamente, uma decisão do atual presidente da República. Nós, durante muitos anos, não tivemos coragem na parte do PSD do PS. Tornar 25 novembro de uma data sul- ano. Acho que sendo, e",14,
16,864.0,1206.0,14:24,20:06,342.0,5.7,34,1050.0,1080.0,17:30,18:00,30.0,30.0,0.08771929824561403,1.0,Eleições/Campanha,"Economia/Proteção Social, Governo/Partidos, Transportes/Mobilidade, Eleições/Campanha",det | tvi 20 08 | pensões não vão aumentar | 20 08 | jornal nacional | tvi | bónus aprovado mas aumento permanente chumbado | 20 09,Other/Unknown,,,,"que ele é no último mesmo mês de mandato de Marçal do Balçosa, acho que ele fica bem acinando a lárea esta data. Já o devia ter feito no passado aliás, e não o fez. Nós andamos só assim na Lára 25 de Abril, e esquecemos que no 25 novembro é que nós mantivemos essa liberdade. O agendado contacto com a população lá se faz com os poucos que vão aparecer no",14,
16,864.0,1206.0,14:24,20:06,342.0,5.7,36,1110.0,1140.0,18:30,19:00,30.0,30.0,0.08771929824561403,1.0,Eleições/Campanha,"Economia/Proteção Social, Governo/Partidos, Transportes/Mobilidade, Eleições/Campanha",det | tvi 20 08 | pensões não vão aumentar | 20 08 | jornal nacional | tvi | bónus aprovado mas aumento permanente chumbado | 20 09,Eleições/Campanha,"Eleições/Campanha, Educação",,,"Obrigada, obrigada. Em plenora de almoço, marques mentes entre a placantina, mesa a mesa vai distribuindo cumprimentos. Nós temos muita ideia de olhar para o passado, mas eu acho que o fundamental é o futuro. E por isso, uma boa relação sobre tudo constante e permanente com os estudantes, acho que é útil para construir o futuro. O candidato que acaba de receber o apoio formal do CDSPP, retribui.",15,
16,864.0,1206.0,14:24,20:06,342.0,5.7,37,1140.0,1170.0,19:00,19:30,30.0,30.0,0.08771929824561403,1.0,Eleições/Campanha,"Economia/Proteção Social, Governo/Partidos, Transportes/Mobilidade, Eleições/Campanha",det | tvi 20 08 | pensões não vão aumentar | 20 08 | jornal nacional | tvi | bónus aprovado mas aumento permanente chumbado | 20 09,Eleições/Campanha,Eleições/Campanha,,,"Entre os períodos das eleições e de presidência nada possa. Quanto ao 25 de novembro que se aproxima... O que coméramos data,",16,
16,864.0,1206.0,14:24,20:06,342.0,5.7,38,1170.0,1200.0,19:30,20:00,30.0,30.0,0.08771929824561403,1.0,Eleições/Campanha,"Economia/Proteção Social, Governo/Partidos, Transportes/Mobilidade, Eleições/Campanha",det | tvi 20 08 | pensões não vão aumentar | 20 08 | jornal nacional | tvi | bónus aprovado mas aumento permanente chumbado | 20 09,Other/Unknown,,,,"é que seja um momento de união do país e não o momento em que uns aproveitam para combater os outros. O 25 de abril de 1974 ficará sempre, sempre na história, como um momento inicial da nossa liberdade. É o chamado Chota Precante. Dá pra tudo.",16,
17,1206.0,1272.0,20:06,21:12,66.0,1.1,40,1230.0,1260.0,20:30,21:00,30.0,30.0,0.45454545454545453,1.0,Ambiente/Meteorologia/Proteção Civil,"Ambiente/Meteorologia/Proteção Civil, Justiça/Segurança",20 14 | jornal nacional | tvi chamas lançaram o pânico | chamas lançaram o pânico | tvi 20 14 | incêndio deflagrou num pavilhão da cimeira do clima | tvi | chamas lançaram o pânico incêndio deflagrou num pavilhão da cimeira do clima,Internacional,Internacional,,,"Pranta a violência do fogo que deflagrou perto do pavilhão da China, instalou-se com a confusão e o pânico na apelidada Zona Azul. Milhas de pessoas foram retiradas da aula crítica do recinto e a pressar um saceiro plasona de acesso rastrito dedicado às negociações oficiais. Tem alguns amigos que estão lá, eu tomando a gente para a Cato Dinho, mas o que aconteceu mesmo foi o fogo, que está se exalando muito fácil, porque isso aqui é muito frágil, entendeu?",17,
17,1206.0,1272.0,20:06,21:12,66.0,1.1,41,1260.0,1290.0,21:00,21:30,30.0,12.0,0.18181818181818182,0.4,Ambiente/Meteorologia/Proteção Civil,"Ambiente/Meteorologia/Proteção Civil, Justiça/Segurança",20 14 | jornal nacional | tvi chamas lançaram o pânico | chamas lançaram o pânico | tvi 20 14 | incêndio deflagrou num pavilhão da cimeira do clima | tvi | chamas lançaram o pânico incêndio deflagrou num pavilhão da cimeira do clima,Governo/Partidos,Governo/Partidos,,,"Suspeita lançada pelo Ministro, que",18,
18,1272.0,2475.0,21:12,41:15,1203.0,20.05,41,1260.0,1290.0,21:00,21:30,30.0,18.0,0.014962593516209476,0.6,Internacional,"Governo/Partidos, Justiça/Segurança, Internacional, Ambiente/Meteorologia/Proteção Civil, Desporto, Transportes/Mobilidade",não há feridos mas várias pessoas foram assistidas | celso sabino i ministro do turismo do brasil | incêndio na cop30 | tvi 20 15 | 20 15 | jornal nacional | não há feridos mas várias pessoas foram assistidas celso sabino i ministro do turismo do brasil | som,Governo/Partidos,Governo/Partidos,,,"Suspeita lançada pelo Ministro, que",18,
18,1272.0,2475.0,21:12,41:15,1203.0,20.05,42,1290.0,1320.0,21:30,22:00,30.0,30.0,0.02493765586034913,1.0,Internacional,"Governo/Partidos, Justiça/Segurança, Internacional, Ambiente/Meteorologia/Proteção Civil, Desporto, Transportes/Mobilidade",não há feridos mas várias pessoas foram assistidas | celso sabino i ministro do turismo do brasil | incêndio na cop30 | tvi 20 15 | 20 15 | jornal nacional | não há feridos mas várias pessoas foram assistidas celso sabino i ministro do turismo do brasil | som,Other/Unknown,,,,"assegurou que foram respeitados todos os critérios técnicos na construção do recinto. O fogo foi dominado em cerca de 15 minutos, não a referidos a registar mas mostriou a várias pessoas foram assistidas devido à inalação de fume. Vários representantes portugueses deixaram o retrato de uma tarde para esquecer.",18,
18,1272.0,2475.0,21:12,41:15,1203.0,20.05,43,1320.0,1350.0,22:00,22:30,30.0,30.0,0.02493765586034913,1.0,Internacional,"Governo/Partidos, Justiça/Segurança, Internacional, Ambiente/Meteorologia/Proteção Civil, Desporto, Transportes/Mobilidade",não há feridos mas várias pessoas foram assistidas | celso sabino i ministro do turismo do brasil | incêndio na cop30 | tvi 20 15 | 20 15 | jornal nacional | não há feridos mas várias pessoas foram assistidas celso sabino i ministro do turismo do brasil | som,Other/Unknown,,,,Estabilizada? O evento permanece interrompido por questões de segurança e organização ainda está avaliar se há ou não condições para serem retumadas as negociações esta noite.,19,
18,1272.0,2475.0,21:12,41:15,1203.0,20.05,44,1350.0,1380.0,22:30,23:00,30.0,30.0,0.02493765586034913,1.0,Internacional,"Governo/Partidos, Justiça/Segurança, Internacional, Ambiente/Meteorologia/Proteção Civil, Desporto, Transportes/Mobilidade",não há feridos mas várias pessoas foram assistidas | celso sabino i ministro do turismo do brasil | incêndio na cop30 | tvi 20 15 | 20 15 | jornal nacional | não há feridos mas várias pessoas foram assistidas celso sabino i ministro do turismo do brasil | som,Internacional,Internacional,,,São os écros de uma visita que veio mocher com muita gente. A admiração de Cristiano Ronaldo por Donald J. Trump já tinha deixado no,20,
18,1272.0,2475.0,21:12,41:15,1203.0,20.05,45,1380.0,1410.0,23:00,23:30,30.0,30.0,0.02493765586034913,1.0,Internacional,"Governo/Partidos, Justiça/Segurança, Internacional, Ambiente/Meteorologia/Proteção Civil, Desporto, Transportes/Mobilidade",não há feridos mas várias pessoas foram assistidas | celso sabino i ministro do turismo do brasil | incêndio na cop30 | tvi 20 15 | 20 15 | jornal nacional | não há feridos mas várias pessoas foram assistidas celso sabino i ministro do turismo do brasil | som,Internacional,"Eleições/Campanha, Internacional, Ambiente/Meteorologia/Proteção Civil, Desporto",,,"ar muitas críticas ao jogador que na companhia de Georgina Valdríguez, acabou recebido pelo presidente dos Estados Unidos da América. A Casa Branca, a extensão de publicar um vídeo, para terado também por Cristiano Ronaldo nas suas redes sociais, onde os três caminhavam em ambiente de grande complicidade pelo passeio da fama presidencial. A espada de","20, 21",
18,1272.0,2475.0,21:12,41:15,1203.0,20.05,46,1410.0,1440.0,23:30,24:00,30.0,30.0,0.02493765586034913,1.0,Internacional,"Governo/Partidos, Justiça/Segurança, Internacional, Ambiente/Meteorologia/Proteção Civil, Desporto, Transportes/Mobilidade",não há feridos mas várias pessoas foram assistidas | celso sabino i ministro do turismo do brasil | incêndio na cop30 | tvi 20 15 | 20 15 | jornal nacional | não há feridos mas várias pessoas foram assistidas celso sabino i ministro do turismo do brasil | som,Internacional,"Internacional, Desporto",,,"uma traca não devorou muito para reagir. No TikTok, os democratas utilizaram imagens do grande rival de Cristiano Ronaldo, mas duas últimas épocas, o Dio Dio del Messi, para marcar a posição. O argentino é a imagem da resposta democrata a mais uma troca de mimos com o Trump, que indifrente ao que Deus se diz ou escreve, continuá a fazer publicações. Já esta quinta-feira escreveu que Cristiano Ronaldo é uma grande pessoa que adorou conhecer o jogador que considera experto e porra. As imagens","21, 22",
18,1272.0,2475.0,21:12,41:15,1203.0,20.05,47,1440.0,1470.0,24:00,24:30,30.0,30.0,0.02493765586034913,1.0,Internacional,"Governo/Partidos, Justiça/Segurança, Internacional, Ambiente/Meteorologia/Proteção Civil, Desporto, Transportes/Mobilidade",não há feridos mas várias pessoas foram assistidas | celso sabino i ministro do turismo do brasil | incêndio na cop30 | tvi 20 15 | 20 15 | jornal nacional | não há feridos mas várias pessoas foram assistidas celso sabino i ministro do turismo do brasil | som,Internacional,Internacional,,,"foram criadas com recurso e inteligência artificial e mostram ser recétil presidente do Estado de Unidos da América, Donald J. Trump, numa amimada pelabinha, entre o ele na sal ao vál, na casa branca e termina contra o N.",22,
18,1272.0,2475.0,21:12,41:15,1203.0,20.05,48,1470.0,1500.0,24:30,25:00,30.0,30.0,0.02493765586034913,1.0,Internacional,"Governo/Partidos, Justiça/Segurança, Internacional, Ambiente/Meteorologia/Proteção Civil, Desporto, Transportes/Mobilidade",não há feridos mas várias pessoas foram assistidas | celso sabino i ministro do turismo do brasil | incêndio na cop30 | tvi 20 15 | 20 15 | jornal nacional | não há feridos mas várias pessoas foram assistidas celso sabino i ministro do turismo do brasil | som,Other/Unknown,,,,"E o turro nós nos precisamos de política fundamental, foi a desamplítica de assiguar o financiamento das necessidades do crânio, inclusive as necessidades militais do crânio para os próximos anos. E sem o protéremos? Sim, muito confiante que em desemboro teremos uma decisão final sobre esta matéria. E aquilo que está acontecendo no crânio",23,
18,1272.0,2475.0,21:12,41:15,1203.0,20.05,49,1500.0,1530.0,25:00,25:30,30.0,30.0,0.02493765586034913,1.0,Internacional,"Governo/Partidos, Justiça/Segurança, Internacional, Ambiente/Meteorologia/Proteção Civil, Desporto, Transportes/Mobilidade",não há feridos mas várias pessoas foram assistidas | celso sabino i ministro do turismo do brasil | incêndio na cop30 | tvi 20 15 | 20 15 | jornal nacional | não há feridos mas várias pessoas foram assistidas celso sabino i ministro do turismo do brasil | som,Other/Unknown,,,,"é algo que eu acho que é muito importante e significativo, é que é pesado. De estar no edição de guerra, terrible como está, o crânio está conseguido ir introduzindo os refórmios. Vem instalar dos mucarijos.",23,
18,1272.0,2475.0,21:12,41:15,1203.0,20.05,53,1620.0,1650.0,27:00,27:30,30.0,30.0,0.02493765586034913,1.0,Internacional,"Governo/Partidos, Justiça/Segurança, Internacional, Ambiente/Meteorologia/Proteção Civil, Desporto, Transportes/Mobilidade",não há feridos mas várias pessoas foram assistidas | celso sabino i ministro do turismo do brasil | incêndio na cop30 | tvi 20 15 | 20 15 | jornal nacional | não há feridos mas várias pessoas foram assistidas celso sabino i ministro do turismo do brasil | som,Justiça/Segurança,"Justiça/Segurança, Transportes/Mobilidade",,,"é a Quinta Coluna do Miguel, Souza Tavares, bonita. Começamos pela investigação a TAP, que levou a buscas esta semana, com estes peitas de que os aviões erbas foram comparados... O melhor. A cima do preço,",24,
18,1272.0,2475.0,21:12,41:15,1203.0,20.05,54,1650.0,1680.0,27:30,28:00,30.0,30.0,0.02493765586034913,1.0,Internacional,"Governo/Partidos, Justiça/Segurança, Internacional, Ambiente/Meteorologia/Proteção Civil, Desporto, Transportes/Mobilidade",não há feridos mas várias pessoas foram assistidas | celso sabino i ministro do turismo do brasil | incêndio na cop30 | tvi 20 15 | 20 15 | jornal nacional | não há feridos mas várias pessoas foram assistidas celso sabino i ministro do turismo do brasil | som,Justiça/Segurança,Justiça/Segurança,,,"o mercado, e que a empresa foi comparada com o dinheiro dela própria pelos privados que conclueram a privatização em 2015. Já não há nenhuma novidade nisso. Se há 10 anos, que se falou disso. Esta investigação tem 10 anos e mais especificamente.",24,
18,1272.0,2475.0,21:12,41:15,1203.0,20.05,55,1680.0,1710.0,28:00,28:30,30.0,30.0,0.02493765586034913,1.0,Internacional,"Governo/Partidos, Justiça/Segurança, Internacional, Ambiente/Meteorologia/Proteção Civil, Desporto, Transportes/Mobilidade",não há feridos mas várias pessoas foram assistidas | celso sabino i ministro do turismo do brasil | incêndio na cop30 | tvi 20 15 | 20 15 | jornal nacional | não há feridos mas várias pessoas foram assistidas celso sabino i ministro do turismo do brasil | som,Governo/Partidos,Governo/Partidos,,,"e é muito provável que acabe mal, o de 2015. O 2015 todo o processo, o 2015 começa mal, primeiro, a etapa é privatizada, pelo Governo de Estão, quase do final, de que os dossiers que havia ficado para o Governo de Sguinte não ficam, era ministro, era ministro Miguel Pintluz que agora continuou a ser ministro, que também é uma bizarria, digamos. Continuam mal porque depois veio o",25,
18,1272.0,2475.0,21:12,41:15,1203.0,20.05,56,1710.0,1740.0,28:30,29:00,30.0,30.0,0.02493765586034913,1.0,Internacional,"Governo/Partidos, Justiça/Segurança, Internacional, Ambiente/Meteorologia/Proteção Civil, Desporto, Transportes/Mobilidade",não há feridos mas várias pessoas foram assistidas | celso sabino i ministro do turismo do brasil | incêndio na cop30 | tvi 20 15 | 20 15 | jornal nacional | não há feridos mas várias pessoas foram assistidas celso sabino i ministro do turismo do brasil | som,Governo/Partidos,"Eleições/Campanha, Governo/Partidos, Justiça/Segurança",,,"Governo da Antônio, ou na das criaturas, tá? Depois veio o Governo do Partido de Sialista da Antônio Costa resolve comprar a maioria do capital, injetando lá os nossos 3,2 mil milhões de euros dos contribuintes e vai acabar mal porque sou o facto desta ação da Polícia Judicial e Ministério Policêra, que terá acontecido quattias antes de terminar o pranço, para que os candidatos acumpra a d'a etapa, apresentasse suas propostas, é uma coisa que me capra que a mença tem ganho.",25,
18,1272.0,2475.0,21:12,41:15,1203.0,20.05,57,1740.0,1770.0,29:00,29:30,30.0,30.0,0.02493765586034913,1.0,Internacional,"Governo/Partidos, Justiça/Segurança, Internacional, Ambiente/Meteorologia/Proteção Civil, Desporto, Transportes/Mobilidade",não há feridos mas várias pessoas foram assistidas | celso sabino i ministro do turismo do brasil | incêndio na cop30 | tvi 20 15 | 20 15 | jornal nacional | não há feridos mas várias pessoas foram assistidas celso sabino i ministro do turismo do brasil | som,Justiça/Segurança,"Eleições/Campanha, Justiça/Segurança",,,"Este é o que eles gostava para quater. Mas isso começa a ser recorrente com o Ministério Público. Sim, eleições ou vedas do Estado? É quando o Ministério Público intervém e eu produito-me. Se o Procredor no Geraldo da República não controla isto, por que serve o Procredor no Geraldo da República? Porque ela não se mete desprese e devido a isso não quero. Acho que vai ferir a independência, a autonomia dos magistrados. Mas uma opração destas, como a empresa que está",26,
18,1272.0,2475.0,21:12,41:15,1203.0,20.05,58,1770.0,1800.0,29:30,30:00,30.0,30.0,0.02493765586034913,1.0,Internacional,"Governo/Partidos, Justiça/Segurança, Internacional, Ambiente/Meteorologia/Proteção Civil, Desporto, Transportes/Mobilidade",não há feridos mas várias pessoas foram assistidas | celso sabino i ministro do turismo do brasil | incêndio na cop30 | tvi 20 15 | 20 15 | jornal nacional | não há feridos mas várias pessoas foram assistidas celso sabino i ministro do turismo do brasil | som,Justiça/Segurança,Justiça/Segurança,,,"tão grande que está a ser privatizada, não é dado conhecimento do timing. Eu não sabia, eu fui apanhar como nós todos surpreendidos e se sabia autorizou. Isso que eu digo, se o Procredor de Geraldo da República não intervém nestas coisas, o que é que ele sabe de fazer? O que ele sabe de fazer naquele palácio do Oat? Nada. Quero se adivinhará algum pensamento, alguma reação à antici, que demos a polícia. Deixa-me só dizer ainda que eu","26, 27",
18,1272.0,2475.0,21:12,41:15,1203.0,20.05,59,1800.0,1830.0,30:00,30:30,30.0,30.0,0.02493765586034913,1.0,Internacional,"Governo/Partidos, Justiça/Segurança, Internacional, Ambiente/Meteorologia/Proteção Civil, Desporto, Transportes/Mobilidade",não há feridos mas várias pessoas foram assistidas | celso sabino i ministro do turismo do brasil | incêndio na cop30 | tvi 20 15 | 20 15 | jornal nacional | não há feridos mas várias pessoas foram assistidas celso sabino i ministro do turismo do brasil | som,Justiça/Segurança,Justiça/Segurança,,,"laço a última coisa. Eu laço a vez, não, não, não, não, não, não, não, não, não, não, não, não, não, não, não, não, não. Estamos a verificar uma tendência para se fazer em buscas nos escritas desadvocados. Era uma coisa que era privita, se advocar de seu protestivo, se jue o profissional das relações com os seus coedentes. O que é que necessário publictar a fazer? Então usarmos o expediente, que considerar os advogados arquidos. E assim já pode ter acesso a correspondência privada a Deus, o","27, 28",
18,1272.0,2475.0,21:12,41:15,1203.0,20.05,60,1830.0,1860.0,30:30,31:00,30.0,30.0,0.02493765586034913,1.0,Internacional,"Governo/Partidos, Justiça/Segurança, Internacional, Ambiente/Meteorologia/Proteção Civil, Desporto, Transportes/Mobilidade",não há feridos mas várias pessoas foram assistidas | celso sabino i ministro do turismo do brasil | incêndio na cop30 | tvi 20 15 | 20 15 | jornal nacional | não há feridos mas várias pessoas foram assistidas celso sabino i ministro do turismo do brasil | som,Justiça/Segurança,Justiça/Segurança,,,"que é uma manobra, o que é uma manobra de batota, que é ser batota processual, porque de facto, só depois direi a ver a correspondência, que os podem saber se tenho ou não indícios de algum crime contra o advogado, mas não constituem logo o arquido para poder avançar. Eu acho que ordem dos advogados e isso manifestar sobre isso, porque manifestamente as relações dos advogados, que os seus clientes estão protegidas pelo secreto de profissional, e a",28,
18,1272.0,2475.0,21:12,41:15,1203.0,20.05,61,1860.0,1890.0,31:00,31:30,30.0,30.0,0.02493765586034913,1.0,Internacional,"Governo/Partidos, Justiça/Segurança, Internacional, Ambiente/Meteorologia/Proteção Civil, Desporto, Transportes/Mobilidade",não há feridos mas várias pessoas foram assistidas | celso sabino i ministro do turismo do brasil | incêndio na cop30 | tvi 20 15 | 20 15 | jornal nacional | não há feridos mas várias pessoas foram assistidas celso sabino i ministro do turismo do brasil | som,Justiça/Segurança,Justiça/Segurança,,,"secreto profissional é essencial, pois o exercício da advocacia e dos geretos de fãs das pessoas. Ou seja, há algum abuso? Há algum abuso a assistir? Perdue a dar-se que eu vou fazer algo muito comentário sobre esta notícia que divulgamos há pouco aqui no jornal de que soubs hoje? A talha, eu gosto. O que António Costa esteve a ser escutado durante cinco anos, e que há 22 gravações, que foram escondidas do supremo tribunal, que sendo o",28,
18,1272.0,2475.0,21:12,41:15,1203.0,20.05,62,1890.0,1920.0,31:30,32:00,30.0,30.0,0.02493765586034913,1.0,Internacional,"Governo/Partidos, Justiça/Segurança, Internacional, Ambiente/Meteorologia/Proteção Civil, Desporto, Transportes/Mobilidade",não há feridos mas várias pessoas foram assistidas | celso sabino i ministro do turismo do brasil | incêndio na cop30 | tvi 20 15 | 20 15 | jornal nacional | não há feridos mas várias pessoas foram assistidas celso sabino i ministro do turismo do brasil | som,Governo/Partidos,Governo/Partidos,,,"António Costa na altura primeiro ministro, é o único entidade que pode pronunciar-se judicialmente sobre ele. E se ficaram escondidas? Desculpa, é que a gravação é que ser apresentada",28,
18,1272.0,2475.0,21:12,41:15,1203.0,20.05,63,1920.0,1950.0,32:00,32:30,30.0,30.0,0.02493765586034913,1.0,Internacional,"Governo/Partidos, Justiça/Segurança, Internacional, Ambiente/Meteorologia/Proteção Civil, Desporto, Transportes/Mobilidade",não há feridos mas várias pessoas foram assistidas | celso sabino i ministro do turismo do brasil | incêndio na cop30 | tvi 20 15 | 20 15 | jornal nacional | não há feridos mas várias pessoas foram assistidas celso sabino i ministro do turismo do brasil | som,Justiça/Segurança,Justiça/Segurança,,,"que a João Galamba, que ainda não deu em nada, porque ele também ainda não foi ouvido. E quando há tempos, outra vez, o Procador Jal da República disse que ainda havia matéria para investigar o politimento anterior e o coste. E que não sabia quando é que estava pronto? Se haver... se haver inquérito, se não haver inquérito. Eu acho isto, de verdade, realmente surreal, completamente surreal. Nós,",29,
18,1272.0,2475.0,21:12,41:15,1203.0,20.05,64,1950.0,1980.0,32:30,33:00,30.0,30.0,0.02493765586034913,1.0,Internacional,"Governo/Partidos, Justiça/Segurança, Internacional, Ambiente/Meteorologia/Proteção Civil, Desporto, Transportes/Mobilidade",não há feridos mas várias pessoas foram assistidas | celso sabino i ministro do turismo do brasil | incêndio na cop30 | tvi 20 15 | 20 15 | jornal nacional | não há feridos mas várias pessoas foram assistidas celso sabino i ministro do turismo do brasil | som,Governo/Partidos,Governo/Partidos,,,"de facto, está se tornar perigoso, é porque estamos a falar do ministro, estamos a falar do primeiro ministro que estão emos sob escuta.",29,
18,1272.0,2475.0,21:12,41:15,1203.0,20.05,65,1980.0,2010.0,33:00,33:30,30.0,30.0,0.02493765586034913,1.0,Internacional,"Governo/Partidos, Justiça/Segurança, Internacional, Ambiente/Meteorologia/Proteção Civil, Desporto, Transportes/Mobilidade",não há feridos mas várias pessoas foram assistidas | celso sabino i ministro do turismo do brasil | incêndio na cop30 | tvi 20 15 | 20 15 | jornal nacional | não há feridos mas várias pessoas foram assistidas celso sabino i ministro do turismo do brasil | som,Internacional,Internacional,,,"O reescoño de pleno de paz que está a ser discutido e divulgado nas últimas 24 horas, ainda com uma enorme incerteza sobre o que ele consta para a Ucrania, mas que, em que aparentemente foi negociado pelo Estado dos Unidos com a Rússia, mas",30,
18,1272.0,2475.0,21:12,41:15,1203.0,20.05,66,2010.0,2040.0,33:30,34:00,30.0,30.0,0.02493765586034913,1.0,Internacional,"Governo/Partidos, Justiça/Segurança, Internacional, Ambiente/Meteorologia/Proteção Civil, Desporto, Transportes/Mobilidade",não há feridos mas várias pessoas foram assistidas | celso sabino i ministro do turismo do brasil | incêndio na cop30 | tvi 20 15 | 20 15 | jornal nacional | não há feridos mas várias pessoas foram assistidas celso sabino i ministro do turismo do brasil | som,Internacional,Internacional,,,"não com a Ucrania, nem com os aliados europeus.",30,
18,1272.0,2475.0,21:12,41:15,1203.0,20.05,67,2040.0,2070.0,34:00,34:30,30.0,30.0,0.02493765586034913,1.0,Internacional,"Governo/Partidos, Justiça/Segurança, Internacional, Ambiente/Meteorologia/Proteção Civil, Desporto, Transportes/Mobilidade",não há feridos mas várias pessoas foram assistidas | celso sabino i ministro do turismo do brasil | incêndio na cop30 | tvi 20 15 | 20 15 | jornal nacional | não há feridos mas várias pessoas foram assistidas celso sabino i ministro do turismo do brasil | som,Internacional,Internacional,,,"garantir só o crânio. Aquilo que o crânio tem direito, demigadamente, a sua sua ordemia e viu uma variedade das suas fronteiras, acaba a prestandar inovitável, uma solução à força, pior para o crânio. Foi isso que aconteceu. Das pessoas é uma coisa, há uma diferença agora, há várias tentativas, trampos de se chegar a um acordo. Esta parece mais séria, porque está lá a culpa da militar das Estados Unidos. Está toda lá a acompanhar o Inocenciado",31,
18,1272.0,2475.0,21:12,41:15,1203.0,20.05,68,2070.0,2100.0,34:30,35:00,30.0,30.0,0.02493765586034913,1.0,Internacional,"Governo/Partidos, Justiça/Segurança, Internacional, Ambiente/Meteorologia/Proteção Civil, Desporto, Transportes/Mobilidade",não há feridos mas várias pessoas foram assistidas | celso sabino i ministro do turismo do brasil | incêndio na cop30 | tvi 20 15 | 20 15 | jornal nacional | não há feridos mas várias pessoas foram assistidas celso sabino i ministro do turismo do brasil | som,Other/Unknown,,,,"do Estebo Edcoff e não está o departamento do Estado, não está a marco-rúbio, que é conhecido por ter uma televisão mais próxima da o crânia do Estebo Edcoff, que tem da Ogucia. Portanto, parece que isto é uma tentativa séria, os ocranianos estão a dizer que estão a ser pressionados para aceitar e o que esteio? O dono base fica para a Ogucia. Embora é uma sua atirca, considerando as horas de militarizada, mas o exército do ocraniano atira-se, portanto, aqui, para todos os infétis práticos, fica...",31,
18,1272.0,2475.0,21:12,41:15,1203.0,20.05,69,2100.0,2130.0,35:00,35:30,30.0,30.0,0.02493765586034913,1.0,Internacional,"Governo/Partidos, Justiça/Segurança, Internacional, Ambiente/Meteorologia/Proteção Civil, Desporto, Transportes/Mobilidade",não há feridos mas várias pessoas foram assistidas | celso sabino i ministro do turismo do brasil | incêndio na cop30 | tvi 20 15 | 20 15 | jornal nacional | não há feridos mas várias pessoas foram assistidas celso sabino i ministro do turismo do brasil | som,Internacional,Internacional,,,"Donde os russos disseram que se retirariam como compensação de alguma das partes. É bom para o grande, porque sempre estive convencido que os russos criam de chegar às apórias e ficar com a religia. A cremeia é reconhecida pelos Estados Unidos como parte integrante da Gúcia. Embora não obria a o Cranha a fazer o mesmo, por tanto é só os Estados Unidos. O exército da Ocranha é reduzida a 400 mil pessoas.",32,
18,1272.0,2475.0,21:12,41:15,1203.0,20.05,70,2130.0,2160.0,35:30,36:00,30.0,30.0,0.02493765586034913,1.0,Internacional,"Governo/Partidos, Justiça/Segurança, Internacional, Ambiente/Meteorologia/Proteção Civil, Desporto, Transportes/Mobilidade",não há feridos mas várias pessoas foram assistidas | celso sabino i ministro do turismo do brasil | incêndio na cop30 | tvi 20 15 | 20 15 | jornal nacional | não há feridos mas várias pessoas foram assistidas celso sabino i ministro do turismo do brasil | som,Internacional,Internacional,,,"Hoje, a Hover chefe da diplomacia europeia. Caem a calas, dizer que isto... É um plano",33,
18,1272.0,2475.0,21:12,41:15,1203.0,20.05,71,2160.0,2190.0,36:00,36:30,30.0,30.0,0.02493765586034913,1.0,Internacional,"Governo/Partidos, Justiça/Segurança, Internacional, Ambiente/Meteorologia/Proteção Civil, Desporto, Transportes/Mobilidade",não há feridos mas várias pessoas foram assistidas | celso sabino i ministro do turismo do brasil | incêndio na cop30 | tvi 20 15 | 20 15 | jornal nacional | não há feridos mas várias pessoas foram assistidas celso sabino i ministro do turismo do brasil | som,Justiça/Segurança,Justiça/Segurança,,,"que trata por igual ao agressor e a vítima. E que é um plano que não pode ser aceito e que não teve a participação da Europa. E eu digo, olha, meu senhor, o que é que é que é dar ao fazer até aqui? Só? Vamos lá, ver. Só o facto... Mas é... É, mesmo que basta e possível avançar com um plano tão draconiano, para o crânio, como isto. Sem conversar com os alinhados europeus. Mas quais alinhados europeus? O peido... Aliás, este queim. Está-se bonidos? Aliás, este queim. Estou tratado de uma prenação. Aliás, este é um canação.","33, 34",
18,1272.0,2475.0,21:12,41:15,1203.0,20.05,72,2190.0,2220.0,36:30,37:00,30.0,30.0,0.02493765586034913,1.0,Internacional,"Governo/Partidos, Justiça/Segurança, Internacional, Ambiente/Meteorologia/Proteção Civil, Desporto, Transportes/Mobilidade",não há feridos mas várias pessoas foram assistidas | celso sabino i ministro do turismo do brasil | incêndio na cop30 | tvi 20 15 | 20 15 | jornal nacional | não há feridos mas várias pessoas foram assistidas celso sabino i ministro do turismo do brasil | som,Internacional,Internacional,,,"Estou tratado de uma prenação. Estou tratado de uma prenação. Estou tratado de uma prenação. Só que o problema é que eu já que tenho dit várias vezes. É que a Europa poste fora de qualquer solução de paz. E hoje quando a Caia Calda dizer isto, deixe-me só dizer, só escolha da Caia Calda, para dizer que conduzir a política esterna europeia. Uma pessoa que tem razões pessoais e familiares, pode dar a Rússia e contou a dar a gasão. Só esta escolha é absurda que é se contestar um conflito entre duas partes. E se quer.",34,
18,1272.0,2475.0,21:12,41:15,1203.0,20.05,73,2220.0,2250.0,37:00,37:30,30.0,30.0,0.02493765586034913,1.0,Internacional,"Governo/Partidos, Justiça/Segurança, Internacional, Ambiente/Meteorologia/Proteção Civil, Desporto, Transportes/Mobilidade",não há feridos mas várias pessoas foram assistidas | celso sabino i ministro do turismo do brasil | incêndio na cop30 | tvi 20 15 | 20 15 | jornal nacional | não há feridos mas várias pessoas foram assistidas celso sabino i ministro do turismo do brasil | som,Internacional,"Justiça/Segurança, Internacional",,,"Mas, dito isso, a Europa nunca fez uma tentativa para chegar à paz da Ucrania. O problema de tudo isto. E a Ucrania que está apagado é que a Europa convenceu os elencios que que ele podia dar a voltar à Russia, desde o início. Go apoio, gozar-mas dos europeus. Como dizia o presidente do México, o Pérez do Exano, é o obrador, dizia, nós dootamos a Russia, com os vossos mortos o Carineanos e as nossas armas ocidentais,",35,
18,1272.0,2475.0,21:12,41:15,1203.0,20.05,74,2250.0,2280.0,37:30,38:00,30.0,30.0,0.02493765586034913,1.0,Internacional,"Governo/Partidos, Justiça/Segurança, Internacional, Ambiente/Meteorologia/Proteção Civil, Desporto, Transportes/Mobilidade",não há feridos mas várias pessoas foram assistidas | celso sabino i ministro do turismo do brasil | incêndio na cop30 | tvi 20 15 | 20 15 | jornal nacional | não há feridos mas várias pessoas foram assistidas celso sabino i ministro do turismo do brasil | som,Justiça/Segurança,Justiça/Segurança,,,"convenceram os elencios que dizem e ele lembram-nos-se nisso. E agora, ele vê que não pode ganhar a guerra, a guerra é uma coisa que se percebia desde o início. E a própria, os<|pt|> e quando se está numa posição péssima para noficiar, não se consegue uma negociação justa, consegue ser negociação possível. Estar nas mãos de élense que escolher, se quer continuar a ter mortos o Carineanos, ou se quer chegar a um mal acordo. ele deveria muito para debater, mas vamos para o","35, 36",
18,1272.0,2475.0,21:12,41:15,1203.0,20.05,75,2280.0,2310.0,38:00,38:30,30.0,30.0,0.02493765586034913,1.0,Internacional,"Governo/Partidos, Justiça/Segurança, Internacional, Ambiente/Meteorologia/Proteção Civil, Desporto, Transportes/Mobilidade",não há feridos mas várias pessoas foram assistidas | celso sabino i ministro do turismo do brasil | incêndio na cop30 | tvi 20 15 | 20 15 | jornal nacional | não há feridos mas várias pessoas foram assistidas celso sabino i ministro do turismo do brasil | som,Internacional,"Internacional, Transportes/Mobilidade",,,"último tema que pode parecer um pouco mais mundano, mas... É um estrada mundano, não é? Não é um estrada mundano. Que é a visita de Cristiano Ronaldo à Casa Branca e o Jantar com os milionários tecnológicos e a Comitiva da Árbia Saudita na Casa Branca, na Saloval e, enfim, a simpatia, que já se conhecia, de Cristiano Ronaldo por Trump. O que é que está um problema ou não é um não problema? O que é que a gente não é a questão da mundana, por isso, de Cristiano Ronaldo é capitando",36,
18,1272.0,2475.0,21:12,41:15,1203.0,20.05,76,2310.0,2340.0,38:30,39:00,30.0,30.0,0.02493765586034913,1.0,Internacional,"Governo/Partidos, Justiça/Segurança, Internacional, Ambiente/Meteorologia/Proteção Civil, Desporto, Transportes/Mobilidade",não há feridos mas várias pessoas foram assistidas | celso sabino i ministro do turismo do brasil | incêndio na cop30 | tvi 20 15 | 20 15 | jornal nacional | não há feridos mas várias pessoas foram assistidas celso sabino i ministro do turismo do brasil | som,Internacional,Internacional,,,"as leções, e ela é a que lhes enche. E ele foi a casa branca, não é representação de persão, é representação da Árábia Saudita. E por que? Porque é evidente que o Cébrano, o que recebe de 1 milhão","36, 37",
18,1272.0,2475.0,21:12,41:15,1203.0,20.05,77,2340.0,2370.0,39:00,39:30,30.0,30.0,0.02493765586034913,1.0,Internacional,"Governo/Partidos, Justiça/Segurança, Internacional, Ambiente/Meteorologia/Proteção Civil, Desporto, Transportes/Mobilidade",não há feridos mas várias pessoas foram assistidas | celso sabino i ministro do turismo do brasil | incêndio na cop30 | tvi 20 15 | 20 15 | jornal nacional | não há feridos mas várias pessoas foram assistidas celso sabino i ministro do turismo do brasil | som,Other/Unknown,,,,"de euro, a cada triste de semanas, para jogar no mal na cerca, um clube espiciano, e para jogar para entre as mil pessoas da Árábia Saudita, recebe, para ser, de facto, um embaixador e um propaganda de sábado, o Gimpsódita.",37,
18,1272.0,2475.0,21:12,41:15,1203.0,20.05,78,2370.0,2400.0,39:30,40:00,30.0,30.0,0.02493765586034913,1.0,Internacional,"Governo/Partidos, Justiça/Segurança, Internacional, Ambiente/Meteorologia/Proteção Civil, Desporto, Transportes/Mobilidade",não há feridos mas várias pessoas foram assistidas | celso sabino i ministro do turismo do brasil | incêndio na cop30 | tvi 20 15 | 20 15 | jornal nacional | não há feridos mas várias pessoas foram assistidas celso sabino i ministro do turismo do brasil | som,Transportes/Mobilidade,Transportes/Mobilidade,,,"O ópto leiro, digamos assim, do avião em que eu viajo, o preenço Moramad, do Bênico Salzálam, que é o tal que mandou-os cortejar. Um jornalista americano do óxente reposto aos focados, né, é baixado o consulado, o consulado da Saudita, a instamul. Exatamente. E portanto, é este senhor, com quem Christiane Cristiano Ronaldo acompanhou, não sei se é a pedido do preenço, se se é a pedido do próprio Cristiano, se encontrou de vontade entre os dois. E Christiane Sevali já não, a representar Portugal,",38,
18,1272.0,2475.0,21:12,41:15,1203.0,20.05,79,2400.0,2430.0,40:00,40:30,30.0,30.0,0.02493765586034913,1.0,Internacional,"Governo/Partidos, Justiça/Segurança, Internacional, Ambiente/Meteorologia/Proteção Civil, Desporto, Transportes/Mobilidade",não há feridos mas várias pessoas foram assistidas | celso sabino i ministro do turismo do brasil | incêndio na cop30 | tvi 20 15 | 20 15 | jornal nacional | não há feridos mas várias pessoas foram assistidas celso sabino i ministro do turismo do brasil | som,Desporto,Desporto,,,"embora fosse português, mas a representar um regime, o possível, não é só o facto do cachorro e ter sido custados de pecados, é tudo o resto na rabia saudita. Esteve a ser parte de uma negociação. Eu acho que não devia ter estado todo. Se quero um estatuto representante do país, que a pintando a seleção nacional,","38, 39",
18,1272.0,2475.0,21:12,41:15,1203.0,20.05,80,2430.0,2460.0,40:30,41:00,30.0,30.0,0.02493765586034913,1.0,Internacional,"Governo/Partidos, Justiça/Segurança, Internacional, Ambiente/Meteorologia/Proteção Civil, Desporto, Transportes/Mobilidade",não há feridos mas várias pessoas foram assistidas | celso sabino i ministro do turismo do brasil | incêndio na cop30 | tvi 20 15 | 20 15 | jornal nacional | não há feridos mas várias pessoas foram assistidas celso sabino i ministro do turismo do brasil | som,Other/Unknown,,,,"ser reconhecido como tal alímito, a atuação pública, eu acho que é o ultrapassou esses alimentos. Mas o principal aqui para mim ainda foi a atitude do trâmbito, o trâmbito que eles limparam, o passado caixogue, e virou-se violentamente contra as jornalistas que traserem uma suntaclaça, e incluindo com insultos pessoais, pigue, pigue, tá bem boa, pâncer, e coisas assim. E, na che tudo isto, é prazer o envio. O trâmbito é um comerciante de um diplomata. No fim, é o que é do gosto dos Arabais Audentas. E foi o que aconteceu,",39,
18,1272.0,2475.0,21:12,41:15,1203.0,20.05,81,2460.0,2490.0,41:00,41:30,30.0,15.0,0.012468827930174564,0.5,Internacional,"Governo/Partidos, Justiça/Segurança, Internacional, Ambiente/Meteorologia/Proteção Civil, Desporto, Transportes/Mobilidade",não há feridos mas várias pessoas foram assistidas | celso sabino i ministro do turismo do brasil | incêndio na cop30 | tvi 20 15 | 20 15 | jornal nacional | não há feridos mas várias pessoas foram assistidas celso sabino i ministro do turismo do brasil | som,Other/Unknown,,,,"e a Cristiano Anal também. E é isso, é o Estado Unidos e no Avenue.",39,
19,2475.0,2859.0,41:15,47:39,384.0,6.4,81,2460.0,2490.0,41:00,41:30,30.0,15.0,0.0390625,0.5,Justiça/Segurança,"Justiça/Segurança, Saúde, Educação, Economia/Proteção Social",tvi 20 35 | a sec | 1 865 | a segu | roubos de milhares em supe | 20 35 | roubos de milhares em supermercados | tanqueray,Other/Unknown,,,,"e a Cristiano Anal também. E é isso, é o Estado Unidos e no Avenue.",39,
19,2475.0,2859.0,41:15,47:39,384.0,6.4,84,2550.0,2580.0,42:30,43:00,30.0,30.0,0.078125,1.0,Justiça/Segurança,"Justiça/Segurança, Saúde, Educação, Economia/Proteção Social",tvi 20 35 | a sec | 1 865 | a segu | roubos de milhares em supe | 20 35 | roubos de milhares em supermercados | tanqueray,Justiça/Segurança,Justiça/Segurança,,,"Segundo dados da PSP e NR, em cada um dos últimos seis anos, o OVMaios de 450 troplamentos com fuga em Portugal, dos quais resultaram 40 mortes.",40,
19,2475.0,2859.0,41:15,47:39,384.0,6.4,85,2580.0,2610.0,43:00,43:30,30.0,30.0,0.078125,1.0,Justiça/Segurança,"Justiça/Segurança, Saúde, Educação, Economia/Proteção Social",tvi 20 35 | a sec | 1 865 | a segu | roubos de milhares em supe | 20 35 | roubos de milhares em supermercados | tanqueray,Justiça/Segurança,"Saúde, Justiça/Segurança",,,"E no total de 151.647 cd, registados pela PSP desde 2022, em 20% o fuga do condutor. Esta quinta-feira, as autoridades ainda tentavam localizar a condutor no atroplamento na guia. A vítima, uma mulher de 74 anos, foi transportada ao hospital de Faro com ferimentos nas pernas considerados lichens. há também números alarmantes no que se refera à violência doméstica. Só nos","40, 41",
19,2475.0,2859.0,41:15,47:39,384.0,6.4,86,2610.0,2640.0,43:30,44:00,30.0,30.0,0.078125,1.0,Justiça/Segurança,"Justiça/Segurança, Saúde, Educação, Economia/Proteção Social",tvi 20 35 | a sec | 1 865 | a segu | roubos de milhares em supe | 20 35 | roubos de milhares em supermercados | tanqueray,Justiça/Segurança,Justiça/Segurança,,,"fomeiros 9 meses o NAPS, PIAG, e RG estarão mais de 25 mil casos. Ora, isso significa que a cada hora que passam, que passa aliás, acontecem 4 crimes. Mas se olharmos melhor ainda para esses números z, vemos que esta realidade ainda é ainda mais dramática.",41,
19,2475.0,2859.0,41:15,47:39,384.0,6.4,87,2640.0,2670.0,44:00,44:30,30.0,30.0,0.078125,1.0,Justiça/Segurança,"Justiça/Segurança, Saúde, Educação, Economia/Proteção Social",tvi 20 35 | a sec | 1 865 | a segu | roubos de milhares em supe | 20 35 | roubos de milhares em supermercados | tanqueray,Justiça/Segurança,Justiça/Segurança,,,"Nos primeiros novos meses do ano foram registadas pelas autoridades mais de 25 mil ocorrenças de violência doméstica. É o valor mais alto os últimos sete anos que dá em média quatro ocorrenças por hora. Os números cruzam a análise da Unificidade Nova baseada no inquérito sobre segurança nos passe público e privado. E ainda há deseuropêus sobre violência de gênero, que vai dizer que quase metade da população no nosso país já foi",42,
19,2475.0,2859.0,41:15,47:39,384.0,6.4,88,2670.0,2700.0,44:30,45:00,30.0,30.0,0.078125,1.0,Justiça/Segurança,"Justiça/Segurança, Saúde, Educação, Economia/Proteção Social",tvi 20 35 | a sec | 1 865 | a segu | roubos de milhares em supe | 20 35 | roubos de milhares em supermercados | tanqueray,Justiça/Segurança,Justiça/Segurança,,,"vítima de algum tipo de violência ao longo da vida. As mulheres são as mais afetadas. 22,5% sofreram violência na intimidade fácil a 17,1% dos homens. E 6,4% foram vítimas de violência sexual contra 2,2% do sexo masculino. Saps e agora que a violência física e sexual repets com maior frequência entre mulheres com 19,7% a relatar a episódios recorrentes. É a de facto uma grande desigualdade de gênero, porque as minhas são mais vezes vítimas de",42,
19,2475.0,2859.0,41:15,47:39,384.0,6.4,89,2700.0,2730.0,45:00,45:30,30.0,30.0,0.078125,1.0,Justiça/Segurança,"Justiça/Segurança, Saúde, Educação, Economia/Proteção Social",tvi 20 35 | a sec | 1 865 | a segu | roubos de milhares em supe | 20 35 | roubos de milhares em supermercados | tanqueray,Justiça/Segurança,Justiça/Segurança,,,"violência, são mais vezes vítimas de violência repetidas, são mais vezes vítimas de tipos de violência, mais gravos, por exemplo, no caso da violência que deixa danos físiques e limitações funcionais. E depois tem reflexo, obviamente, o domínio do trabalho e o domínio da representação das minhas encargos de poder corporativo, mediática e política, etc. No contexto laboral, também são as mulheres que mais reportam a sédio persistente e a sédio sexual e a pesar de Portugal",42,
19,2475.0,2859.0,41:15,47:39,384.0,6.4,90,2730.0,2760.0,45:30,46:00,30.0,30.0,0.078125,1.0,Justiça/Segurança,"Justiça/Segurança, Saúde, Educação, Economia/Proteção Social",tvi 20 35 | a sec | 1 865 | a segu | roubos de milhares em supe | 20 35 | roubos de milhares em supermercados | tanqueray,Justiça/Segurança,Justiça/Segurança,,,"registar níveis de violência e friores à medeuropeia, diz o relatório que as taxas de denúncia também são mais baixas e indica o que o estigma social e a desconfiança nas instituições continuam a dificultar a proteção das vítimas.",42,
19,2475.0,2859.0,41:15,47:39,384.0,6.4,91,2760.0,2790.0,46:00,46:30,30.0,30.0,0.078125,1.0,Justiça/Segurança,"Justiça/Segurança, Saúde, Educação, Economia/Proteção Social",tvi 20 35 | a sec | 1 865 | a segu | roubos de milhares em supe | 20 35 | roubos de milhares em supermercados | tanqueray,Ambiente/Meteorologia/Proteção Civil,Ambiente/Meteorologia/Proteção Civil,,,"A parte superior do poste de iluminação foi retirada e uma fita dos bombairos assinala ainda ao local do incidente. Este sábado depois do temporal, uma cadela morreu eletrocutada após ser contáctico ou piso-mulhado junto ao poste do luz no parque das nações em Lisboa. Os bombairos e a empresa REDs foram chamados e segundo o diário de notícias",43,
19,2475.0,2859.0,41:15,47:39,384.0,6.4,92,2790.0,2820.0,46:30,47:00,30.0,30.0,0.078125,1.0,Justiça/Segurança,"Justiça/Segurança, Saúde, Educação, Economia/Proteção Social",tvi 20 35 | a sec | 1 865 | a segu | roubos de milhares em supe | 20 35 | roubos de milhares em supermercados | tanqueray,Other/Unknown,,,,"o relatório detectou o rente elétrica no chão, possivelmente devido a um cabo em mais condições no subsólio. Esta manhã, uma equipa técnica verificava as condições de segurança. Imagina uma criança, porque também há muitas crianças pequeninas que de brúsos sobre as coisas, abrem cari e podia ter sido muito grave mesmo, podia ser ter sido uma tragédia. Se bem que um contamei é de uma tragédia, após os próprios donos, claro,",43,
19,2475.0,2859.0,41:15,47:39,384.0,6.4,93,2820.0,2850.0,47:00,47:30,30.0,30.0,0.078125,1.0,Justiça/Segurança,"Justiça/Segurança, Saúde, Educação, Economia/Proteção Social",tvi 20 35 | a sec | 1 865 | a segu | roubos de milhares em supe | 20 35 | roubos de milhares em supermercados | tanqueray,Economia/Proteção Social,Economia/Proteção Social,,,"pence na minha cadela. Outros dois cães perderam a vida da mesma forma na passada sexta-feira em patameiras ou divelas. Iletrocutados junto a um candidiero público, onde o chão estava molhado. A autarquia de Lisboa respondeu-nos que está a ser feito a uma britagem junto com REDs para averiguar as causas distincidente. Já o Conselho de Odyvelas diz que a iluminação pública é de exclusiva responsabilidade em empresas REDs. Enhememos os",43,
19,2475.0,2859.0,41:15,47:39,384.0,6.4,94,2850.0,2880.0,47:30,48:00,30.0,9.0,0.0234375,0.3,Justiça/Segurança,"Justiça/Segurança, Saúde, Educação, Economia/Proteção Social",tvi 20 35 | a sec | 1 865 | a segu | roubos de milhares em supe | 20 35 | roubos de milhares em supermercados | tanqueray,Justiça/Segurança,Justiça/Segurança,,,casos foram apresentadas caixas na PSP e os processos seguiram para o Ministério Público. A Polícia Esdiciária anunciou a,"43, 44",
20,2859.0,2880.0,47:39,48:00,21.0,0.35,94,2850.0,2880.0,47:30,48:00,30.0,21.0,1.0,0.7,Other/Unknown,,2 976 | tvi 20 42 | beijar assim há 21 milhões de anos | 20 42 | jornal iacional | jornal nacional | há 21 milhões de anos | 1 vi 20 42,Justiça/Segurança,Justiça/Segurança,,,casos foram apresentadas caixas na PSP e os processos seguiram para o Ministério Público. A Polícia Esdiciária anunciou a,"43, 44",
21,2880.0,3204.0,48:00,53:24,324.0,5.4,95,2880.0,2910.0,48:00,48:30,30.0,30.0,0.09259259259259259,1.0,Justiça/Segurança,Justiça/Segurança,fraude milionária em palmela | tvi 20 42 | 20 42 | jornal nacional | empresário detido por orquestrar burla imobiliária | empresário detido por orquestrar burla imobiliár | tvi | 20 43,Other/Unknown,,,,"detenção de um empresário de 48 anos, suspeito de orquestrar um plano de burla imobliária, em que enganou pelo menos uma centena de pessoas em Palomela. Desde 2017, construiu três condominhos de luz, com várias irregularidades, tendo a vender o mesmo imóvel a diversos clientes. Santa Trezinha, Alcai de Vila e Palmelha de Rims, três mutamentos separados por poucos minutos de distância e","44, 45",
21,2880.0,3204.0,48:00,53:24,324.0,5.4,96,2910.0,2940.0,48:30,49:00,30.0,30.0,0.09259259259259259,1.0,Justiça/Segurança,Justiça/Segurança,fraude milionária em palmela | tvi 20 42 | 20 42 | jornal nacional | empresário detido por orquestrar burla imobiliária | empresário detido por orquestrar burla imobiliár | tvi | 20 43,Justiça/Segurança,Justiça/Segurança,,,"unidos no mesmo em redo de burla imobiliária que deixou famílias inteiras sem dinheiro e sem casa. Segundo a Polícia Esviciária, o esquema foi montado por Rumeus-Juelmar, saldo da Silva, socios gerente, da diagrama motriz empresa criada em 2007. Era através dela que o empresário prometia casas modernas, projetos ambiciosos e vendas rápidas. Para ganhar credibilidade, recorriam agências imobiliárias de renome e amediadores. Alguns chegaram a intermediar",45,
21,2880.0,3204.0,48:00,53:24,324.0,5.4,97,2940.0,2970.0,49:00,49:30,30.0,30.0,0.09259259259259259,1.0,Justiça/Segurança,Justiça/Segurança,fraude milionária em palmela | tvi 20 42 | 20 42 | jornal nacional | empresário detido por orquestrar burla imobiliária | empresário detido por orquestrar burla imobiliár | tvi | 20 43,Justiça/Segurança,Justiça/Segurança,,,"vendas, mas já se demarcaram publicamente do esquema. A investigação revoou que várias moradias foram vendidas a compradores distintos e algumas obras perseguiram sem licenças nem alvarás. No total, entre sinais, reforços de pagamento e adiantamentos quase integrais o empresário terá recadado perto de 3 milhões de euros, um prejuízo devastador para famílias que investiram poupanças de décadas. O empresário foi detido e sujoico a termo de",45,
21,2880.0,3204.0,48:00,53:24,324.0,5.4,98,2970.0,3000.0,49:30,50:00,30.0,30.0,0.09259259259259259,1.0,Justiça/Segurança,Justiça/Segurança,fraude milionária em palmela | tvi 20 42 | 20 42 | jornal nacional | empresário detido por orquestrar burla imobiliária | empresário detido por orquestrar burla imobiliár | tvi | 20 43,Justiça/Segurança,Justiça/Segurança,,,"identidade e residência, a investigação de polícia esviciária persegue e acredita que podem surgir mais lasados.",45,
21,2880.0,3204.0,48:00,53:24,324.0,5.4,99,3000.0,3030.0,50:00,50:30,30.0,30.0,0.09259259259259259,1.0,Justiça/Segurança,Justiça/Segurança,fraude milionária em palmela | tvi 20 42 | 20 42 | jornal nacional | empresário detido por orquestrar burla imobiliária | empresário detido por orquestrar burla imobiliár | tvi | 20 43,Other/Unknown,,,,"No passado sábado, pelas 12 horas, da turno de aparentemente calme, estava a buscar a casa depois de umas compras e fui surpreendido com uma visita a inspirada no nosso jardim de casa. Minha reação foi logo fechar as portas",46,
21,2880.0,3204.0,48:00,53:24,324.0,5.4,100,3030.0,3060.0,50:30,51:00,30.0,30.0,0.09259259259259259,1.0,Justiça/Segurança,Justiça/Segurança,fraude milionária em palmela | tvi 20 42 | 20 42 | jornal nacional | empresário detido por orquestrar burla imobiliária | empresário detido por orquestrar burla imobiliár | tvi | 20 43,Justiça/Segurança,Justiça/Segurança,,,"todas, tem duas crianças lá dentro e chamar rapidamente a polícia. A felizmente não é conselhada grave. Foi através deste vídeo. Foi a primeira","46, 47",
21,2880.0,3204.0,48:00,53:24,324.0,5.4,101,3060.0,3090.0,51:00,51:30,30.0,30.0,0.09259259259259259,1.0,Justiça/Segurança,Justiça/Segurança,fraude milionária em palmela | tvi 20 42 | 20 42 | jornal nacional | empresário detido por orquestrar burla imobiliária | empresário detido por orquestrar burla imobiliár | tvi | 20 43,Other/Unknown,,,,"vez que eles comparam-lhe. Partiram um vidro, entraram, me serem nas coisas. Provavelmente tiraram algumas vidas, nós não temos bem a noção. Abriam a caixa e tiveram tempo de ir ao lado, lado a loja, e tirar um pouco o dinheiro que tinha na caixa com os trocos. A metros de distância e um estabelecimento comporta as abertas há 30 anos, os donos já perderam a conta às vezes que foram assaltados.",47,
21,2880.0,3204.0,48:00,53:24,324.0,5.4,103,3120.0,3150.0,52:00,52:30,30.0,30.0,0.09259259259259259,1.0,Justiça/Segurança,Justiça/Segurança,fraude milionária em palmela | tvi 20 42 | 20 42 | jornal nacional | empresário detido por orquestrar burla imobiliária | empresário detido por orquestrar burla imobiliár | tvi | 20 43,Other/Unknown,,,,é o fim de uma associação criminosa de furos massivos em hipermercados. Sabe a TVXN e em,48,
21,2880.0,3204.0,48:00,53:24,324.0,5.4,104,3150.0,3180.0,52:30,53:00,30.0,30.0,0.09259259259259259,1.0,Justiça/Segurança,Justiça/Segurança,fraude milionária em palmela | tvi 20 42 | 20 42 | jornal nacional | empresário detido por orquestrar burla imobiliária | empresário detido por orquestrar burla imobiliár | tvi | 20 43,Justiça/Segurança,Justiça/Segurança,,,"Portugal que foram detidas para o menos das pessoas? São responsáveis por mais de 50 saltos de norte a sul do país. O grupo rouba de tudo um pouco desde bebidas alcoólicas abenys alimentares e cosméticos, OT e letra domésticos. A Unidade Especial da Guarda Nacional República na Investigou e avançou para a te reenunha a articulação com o departamento de investigação e a sumpanau de Lisboa através da Unidade Especial de combate ao crime violento. Estas redes criminosas há muito questão",48,
21,2880.0,3204.0,48:00,53:24,324.0,5.4,105,3180.0,3210.0,53:00,53:30,30.0,24.0,0.07407407407407407,0.8,Justiça/Segurança,Justiça/Segurança,fraude milionária em palmela | tvi 20 42 | 20 42 | jornal nacional | empresário detido por orquestrar burla imobiliária | empresário detido por orquestrar burla imobiliár | tvi | 20 43,Other/Unknown,,,,"na mira das autoridades. Os criminosos entram nas grandes superficies e roubam muitas vezes para toleiras inteiras, como mostram as imagens de vídeo a vigilância a redevência a nênia no Portugal tiveram acesso. Depois, através de um esquema organizado fazem revêndo a num mercado paralelo. Para escapar aos netetores de segurança, usam diferentes maios de dissimulação, comparata no fundo das malas.",48,
22,3204.0,3207.0,53:24,53:27,3.0,0.05,105,3180.0,3210.0,53:00,53:30,30.0,3.0,1.0,0.1,Other/Unknown,,tvi 20 47 | senhoras de 40 e tal anos,Other/Unknown,,,,"na mira das autoridades. Os criminosos entram nas grandes superficies e roubam muitas vezes para toleiras inteiras, como mostram as imagens de vídeo a vigilância a redevência a nênia no Portugal tiveram acesso. Depois, através de um esquema organizado fazem revêndo a num mercado paralelo. Para escapar aos netetores de segurança, usam diferentes maios de dissimulação, comparata no fundo das malas.",48,
23,3207.0,3252.0,53:27,54:12,45.0,0.75,105,3180.0,3210.0,53:00,53:30,30.0,3.0,0.06666666666666667,0.1,Other/Unknown,,homens de 60 anos | 20 47 | jornal nacional | e havia um que até fui eu | que o apanhei | youghay | e havia um que até fui eu que o apanhei | tvi 20 47,Other/Unknown,,,,"na mira das autoridades. Os criminosos entram nas grandes superficies e roubam muitas vezes para toleiras inteiras, como mostram as imagens de vídeo a vigilância a redevência a nênia no Portugal tiveram acesso. Depois, através de um esquema organizado fazem revêndo a num mercado paralelo. Para escapar aos netetores de segurança, usam diferentes maios de dissimulação, comparata no fundo das malas.",48,
23,3207.0,3252.0,53:27,54:12,45.0,0.75,107,3240.0,3270.0,54:00,54:30,30.0,12.0,0.26666666666666666,0.4,Other/Unknown,,homens de 60 anos | 20 47 | jornal nacional | e havia um que até fui eu | que o apanhei | youghay | e havia um que até fui eu que o apanhei | tvi 20 47,Other/Unknown,,,,"Esta noite revelamos os documentos confidenciais da operação Picoas, que estão a provocar uma autêntica guerra entre",49,
24,3252.0,3270.0,54:12,54:30,18.0,0.3,107,3240.0,3270.0,54:00,54:30,30.0,18.0,1.0,0.6,Other/Unknown,,tvi 20 48 | 20 48 | tvi | 6800 | exclusivo,Other/Unknown,,,,"Esta noite revelamos os documentos confidenciais da operação Picoas, que estão a provocar uma autêntica guerra entre",49,
25,3270.0,3273.0,54:30,54:33,3.0,0.05,108,3270.0,3300.0,54:30,55:00,30.0,3.0,1.0,0.1,Other/Unknown,,tvi 20 48,Economia/Proteção Social,Economia/Proteção Social,,,"o mestério público e a defesa. O procurador do de Siape Rosalita e Xeirin, um esfete retributário paul Silva, garantem que a teia de empresas controlada por Hernan e Vasantunes, que foram colocadas ao serviço de Althys por Hermen do Pereira, cofondador da empresa, desfrautaram o estado em mais de 150 milhões de euros. Mas a defesa diz que este valor é simplesmente absurdo. Mais, o advogado, o rei patrício, escreve que o inspector paul",49,
26,3273.0,3327.0,54:33,55:27,54.0,0.9,108,3270.0,3300.0,54:30,55:00,30.0,27.0,0.5,0.9,Other/Unknown,,e clusivo | operação | tvi 20 48 | exclusivo | excensivo | tvi 20 49 | altice | oper one,Economia/Proteção Social,Economia/Proteção Social,,,"o mestério público e a defesa. O procurador do de Siape Rosalita e Xeirin, um esfete retributário paul Silva, garantem que a teia de empresas controlada por Hernan e Vasantunes, que foram colocadas ao serviço de Althys por Hermen do Pereira, cofondador da empresa, desfrautaram o estado em mais de 150 milhões de euros. Mas a defesa diz que este valor é simplesmente absurdo. Mais, o advogado, o rei patrício, escreve que o inspector paul",49,
26,3273.0,3327.0,54:33,55:27,54.0,0.9,109,3300.0,3330.0,55:00,55:30,30.0,27.0,0.5,0.9,Other/Unknown,,e clusivo | operação | tvi 20 48 | exclusivo | excensivo | tvi 20 49 | altice | oper one,Other/Unknown,,,,Silva está a fazer contas de Marciero Aldrabá.,49,
27,3327.0,3339.0,55:27,55:39,12.0,0.2,109,3300.0,3330.0,55:00,55:30,30.0,3.0,0.25,0.1,Other/Unknown,,no of street or other persons and street or other persons and street or other persons and street or other persons and street or other persons and street or other persons and street or other persons and street or o | tvi 20 49 | 20 49 | tvi | os documentos confidenciais da operação picoas | escândalo altice | 1 vi 20 49 | os confidenciais da operação picoas,Other/Unknown,,,,Silva está a fazer contas de Marciero Aldrabá.,49,
29,3357.0,3369.0,55:57,56:09,12.0,0.2,111,3360.0,3390.0,56:00,56:30,30.0,9.0,0.75,0.3,Other/Unknown,,portanto não há contactos | tvi 20 50 | 20 50 | exclusivo,Other/Unknown,,,,"Até a ex-doministerio público é que o Armando Pereira canalizava compras da Altice, para o amigo e outros empresários, em troca de comissões, que em perdia eram os acionistas da",50,
30,3369.0,3378.0,56:09,56:18,9.0,0.15,111,3360.0,3390.0,56:00,56:30,30.0,9.0,1.0,0.3,Other/Unknown,,tvi 20 50 | eu não queria falar | muito sobre isso | 20 50 | tvi | porque está no processo | mas posso dizer | que não é verdade,Other/Unknown,,,,"Até a ex-doministerio público é que o Armando Pereira canalizava compras da Altice, para o amigo e outros empresários, em troca de comissões, que em perdia eram os acionistas da",50,
31,3378.0,3387.0,56:18,56:27,9.0,0.15,111,3360.0,3390.0,56:00,56:30,30.0,9.0,1.0,0.3,Other/Unknown,Justiça/Segurança,principais arguidos proibidos de manter contactos | 20 50 | escândalo altice | exclusivo | tvi 20 50 | cb eyr ext exp 2002 | sold fred proposition of the proposition of the proposition of the proposition of the proposition of the proposition of the proposition of the proposition of the proposition of the proposition of the proposition of the pro,Other/Unknown,,,,"Até a ex-doministerio público é que o Armando Pereira canalizava compras da Altice, para o amigo e outros empresários, em troca de comissões, que em perdia eram os acionistas da",50,
32,3387.0,3390.0,56:27,56:30,3.0,0.05,111,3360.0,3390.0,56:00,56:30,30.0,3.0,1.0,0.1,Other/Unknown,Economia/Proteção Social,ce ecb ezb ekt ekp 2002 | tvi 20 50 | ce ecb ezb ekt ekd 2002 | bce ecb elb ent ent and,Other/Unknown,,,,"Até a ex-doministerio público é que o Armando Pereira canalizava compras da Altice, para o amigo e outros empresários, em troca de comissões, que em perdia eram os acionistas da",50,
33,3390.0,3420.0,56:30,57:00,30.0,0.5,112,3390.0,3420.0,56:30,57:00,30.0,30.0,1.0,1.0,Other/Unknown,,20 50 | exclusivo | contratos em troca de comissões | escândalo altice | tvi 20 50 | tvi | tvi 20 51 | 20 51,Internacional,"Justiça/Segurança, Internacional",,,"empresa. Armando Pereira é um descreto milionário português, em migrantem França, mesmo depois da compra da PT pela Altice, poucas palavras cheviram em público. Nós nos voamos política, nós somos industriais e só vemos uma coisa que é importante, é fazer um trabalho e dar trabalho ao futuro do mesmo dia. Dois anos, após as primeiras buscas, agora a operação picou-as de o lugar a uma guerra judicial advogados de",50,
34,3420.0,3426.0,57:00,57:06,6.0,0.1,113,3420.0,3450.0,57:00,57:30,30.0,6.0,1.0,0.2,Other/Unknown,,tvi 20 51 | 20 51,Justiça/Segurança,"Economia/Proteção Social, Justiça/Segurança",,,"defesa contra o Ministério Público e a autoridade tributária que calculou as perdas para o Estado. Ao todo, os 154 milhões de euros que devem ter subido com mais juros, aludados","50, 51",
35,3426.0,3429.0,57:06,57:09,3.0,0.05,113,3420.0,3450.0,57:00,57:30,30.0,3.0,1.0,0.1,Other/Unknown,,tvi 20 51 | elle,Justiça/Segurança,"Economia/Proteção Social, Justiça/Segurança",,,"defesa contra o Ministério Público e a autoridade tributária que calculou as perdas para o Estado. Ao todo, os 154 milhões de euros que devem ter subido com mais juros, aludados","50, 51",
36,3429.0,3432.0,57:09,57:12,3.0,0.05,113,3420.0,3450.0,57:00,57:30,30.0,3.0,1.0,0.1,Other/Unknown,Economia/Proteção Social,intercalar que atingia fundamentadamente pelos dados até aquela data conhecidos pelo | menos de cerca de 108 milhões de euros de impostos em falta | pereira hernâni antunes e jessica antunes nos termos expostos no referido relatório | rate en faror uma neturalização dos valores de impostos em falta | à data foi apurada uma vantagem patrimonial ilegítima atribuída aos suspeitos armando | 20 51 | de sociedades com sede em vários territórios parte das quais com um carácter meramente | falsificação ,Justiça/Segurança,"Economia/Proteção Social, Justiça/Segurança",,,"defesa contra o Ministério Público e a autoridade tributária que calculou as perdas para o Estado. Ao todo, os 154 milhões de euros que devem ter subido com mais juros, aludados","50, 51",
37,3432.0,3444.0,57:12,57:24,12.0,0.2,113,3420.0,3450.0,57:00,57:30,30.0,12.0,1.0,0.4,Other/Unknown,,20 51 | exclusivo | tvi 20 51 | aya,Justiça/Segurança,"Economia/Proteção Social, Justiça/Segurança",,,"defesa contra o Ministério Público e a autoridade tributária que calculou as perdas para o Estado. Ao todo, os 154 milhões de euros que devem ter subido com mais juros, aludados","50, 51",
38,3444.0,3468.0,57:24,57:48,24.0,0.4,113,3420.0,3450.0,57:00,57:30,30.0,6.0,0.25,0.2,Other/Unknown,,lhoes para o estado | tvi 20 51 | inspeção tributária reclama 154 milhões para o estado | 20 51 | exclusivo | operação picoas | tvi 20 52 | 20 52,Justiça/Segurança,"Economia/Proteção Social, Justiça/Segurança",,,"defesa contra o Ministério Público e a autoridade tributária que calculou as perdas para o Estado. Ao todo, os 154 milhões de euros que devem ter subido com mais juros, aludados","50, 51",
38,3444.0,3468.0,57:24,57:48,24.0,0.4,114,3450.0,3480.0,57:30,58:00,30.0,18.0,0.75,0.6,Other/Unknown,,lhoes para o estado | tvi 20 51 | inspeção tributária reclama 154 milhões para o estado | 20 51 | exclusivo | operação picoas | tvi 20 52 | 20 52,Justiça/Segurança,"Economia/Proteção Social, Justiça/Segurança, Internacional",,,"crimes de fraude fiscal, branquiamente capitais e falsificação de documentos. Mateia complexa de empresas em vários países, França, onde fica a Sede de Altice, mas também nos emirados a Arabes Unidos, Luxemburgo, República Dominicana, Estados Unidos e Malta, a defesa contesta com palavras pouco comuns nos tribunais, as contas de mais de 150 milhões de euros, de impostos sem falta.",51,
39,3468.0,3486.0,57:48,58:06,18.0,0.3,114,3450.0,3480.0,57:30,58:00,30.0,12.0,0.6666666666666666,0.4,Justiça/Segurança,Justiça/Segurança,defesa contesta artimanhas numéricas da investigação | tvi 20 52 | operação picoas | 20 52 | exclusivo | defesa contesta artimanhas numéricas da investigaçã | tvi | name and address of the party of the party of the party of the party of the party of the party of the party of the party of the party of the party of the party of the party of the party of the party of the party of the par,Justiça/Segurança,"Economia/Proteção Social, Justiça/Segurança, Internacional",,,"crimes de fraude fiscal, branquiamente capitais e falsificação de documentos. Mateia complexa de empresas em vários países, França, onde fica a Sede de Altice, mas também nos emirados a Arabes Unidos, Luxemburgo, República Dominicana, Estados Unidos e Malta, a defesa contesta com palavras pouco comuns nos tribunais, as contas de mais de 150 milhões de euros, de impostos sem falta.",51,
39,3468.0,3486.0,57:48,58:06,18.0,0.3,115,3480.0,3510.0,58:00,58:30,30.0,6.0,0.3333333333333333,0.2,Justiça/Segurança,Justiça/Segurança,defesa contesta artimanhas numéricas da investigação | tvi 20 52 | operação picoas | 20 52 | exclusivo | defesa contesta artimanhas numéricas da investigaçã | tvi | name and address of the party of the party of the party of the party of the party of the party of the party of the party of the party of the party of the party of the party of the party of the party of the party of the par,Other/Unknown,,,,"O inspeitor da autoridade tributar em causa está habituado em investigações financeiras de grande complexidade. Paulo Silva esteve na operação Marques, BPN,",52,
40,3486.0,3489.0,58:06,58:09,3.0,0.05,115,3480.0,3510.0,58:00,58:30,30.0,3.0,1.0,0.1,Other/Unknown,,20 52 | exclusivo | percha diguis de la facilita en volo de ministrativo pom | periodes deposit or federal and union the distribution of pass,Other/Unknown,,,,"O inspeitor da autoridade tributar em causa está habituado em investigações financeiras de grande complexidade. Paulo Silva esteve na operação Marques, BPN,",52,
41,3489.0,3501.0,58:09,58:21,12.0,0.2,115,3480.0,3510.0,58:00,58:30,30.0,12.0,1.0,0.4,Other/Unknown,,20 52 | of high de segment or arise other size a quantification do insert | tvi 20 52,Other/Unknown,,,,"O inspeitor da autoridade tributar em causa está habituado em investigações financeiras de grande complexidade. Paulo Silva esteve na operação Marques, BPN,",52,
42,3501.0,3519.0,58:21,58:39,18.0,0.3,115,3480.0,3510.0,58:00,58:30,30.0,9.0,0.5,0.3,Other/Unknown,,20 52 | exclusivo | defesa acusa inspetor de ser merceeiro aldrabão | escândalo altice | tvi | tvi 20 52 | state of the state of the state of the state of the state of the state of the state of the state of the state of the state of the state of the state of the state of the state of the state of the state of the state of the s | defesa acusa inspetor de ser merceeiro aldrabã,Other/Unknown,,,,"O inspeitor da autoridade tributar em causa está habituado em investigações financeiras de grande complexidade. Paulo Silva esteve na operação Marques, BPN,",52,
42,3501.0,3519.0,58:21,58:39,18.0,0.3,116,3510.0,3540.0,58:30,59:00,30.0,9.0,0.5,0.3,Other/Unknown,,20 52 | exclusivo | defesa acusa inspetor de ser merceeiro aldrabão | escândalo altice | tvi | tvi 20 52 | state of the state of the state of the state of the state of the state of the state of the state of the state of the state of the state of the state of the state of the state of the state of the state of the state of the s | defesa acusa inspetor de ser merceeiro aldrabã,Other/Unknown,,,,"Furacão e Montenbranco, a defesa compara o inspeitor tributário a um mercíero aldrabão. Se necessitá-semos de sintizar imagéticamente aquilo com que nos disparamos, recorriamos ao exemplo típico do mercíero que matia descaradamente o dedo na própria avalança. A defesa diz que existem situações em que o inspector tributário quadroplica ou quinto plica o mesmo valor, por tendrar a","52, 53",
43,3519.0,3528.0,58:39,58:48,9.0,0.15,116,3510.0,3540.0,58:30,59:00,30.0,9.0,1.0,0.3,Other/Unknown,,20 53,Other/Unknown,,,,"Furacão e Montenbranco, a defesa compara o inspeitor tributário a um mercíero aldrabão. Se necessitá-semos de sintizar imagéticamente aquilo com que nos disparamos, recorriamos ao exemplo típico do mercíero que matia descaradamente o dedo na própria avalança. A defesa diz que existem situações em que o inspector tributário quadroplica ou quinto plica o mesmo valor, por tendrar a","52, 53",
44,3528.0,3531.0,58:48,58:51,3.0,0.05,116,3510.0,3540.0,58:30,59:00,30.0,3.0,1.0,0.1,Other/Unknown,,20 53 | exclusivo | the owner when de | the column two,Other/Unknown,,,,"Furacão e Montenbranco, a defesa compara o inspeitor tributário a um mercíero aldrabão. Se necessitá-semos de sintizar imagéticamente aquilo com que nos disparamos, recorriamos ao exemplo típico do mercíero que matia descaradamente o dedo na própria avalança. A defesa diz que existem situações em que o inspector tributário quadroplica ou quinto plica o mesmo valor, por tendrar a","52, 53",
45,3531.0,3534.0,58:51,58:54,3.0,0.05,116,3510.0,3540.0,58:30,59:00,30.0,3.0,1.0,0.1,Other/Unknown,,tvi 20 53,Other/Unknown,,,,"Furacão e Montenbranco, a defesa compara o inspeitor tributário a um mercíero aldrabão. Se necessitá-semos de sintizar imagéticamente aquilo com que nos disparamos, recorriamos ao exemplo típico do mercíero que matia descaradamente o dedo na própria avalança. A defesa diz que existem situações em que o inspector tributário quadroplica ou quinto plica o mesmo valor, por tendrar a","52, 53",
46,3534.0,3561.0,58:54,59:21,27.0,0.45,116,3510.0,3540.0,58:30,59:00,30.0,6.0,0.2222222222222222,0.2,Other/Unknown,,tvi 20 53 | os documentos confidenciais da operação picoas | 20 53 | escândalo altice | tvi | exclusivo | mp e empresários relatam indícios de extorsã | mp e empresários relatam indícios de extorsão,Other/Unknown,,,,"Furacão e Montenbranco, a defesa compara o inspeitor tributário a um mercíero aldrabão. Se necessitá-semos de sintizar imagéticamente aquilo com que nos disparamos, recorriamos ao exemplo típico do mercíero que matia descaradamente o dedo na própria avalança. A defesa diz que existem situações em que o inspector tributário quadroplica ou quinto plica o mesmo valor, por tendrar a","52, 53",
46,3534.0,3561.0,58:54,59:21,27.0,0.45,117,3540.0,3570.0,59:00,59:30,30.0,21.0,0.7777777777777778,0.7,Other/Unknown,,tvi 20 53 | os documentos confidenciais da operação picoas | 20 53 | escândalo altice | tvi | exclusivo | mp e empresários relatam indícios de extorsã | mp e empresários relatam indícios de extorsão,Justiça/Segurança,"Economia/Proteção Social, Justiça/Segurança",,,"cobrar impostos de forma ilegal e com Lativa argumenta os advogados para o infinito e mais além. No outro lado, os investigadores da opração picouas ouviram muitas desmunhas, várias relatam negócios feitos com a intermediação do amigo do fundador da Altice, um empresário e o Ministério Público, além de entender indícios de instrução.",53,
47,3561.0,3567.0,59:21,59:27,6.0,0.1,117,3540.0,3570.0,59:00,59:30,30.0,6.0,1.0,0.2,Other/Unknown,,tvi 20 53 | a total property of the party of the party of the party of the party of the party of the party of the party of the party of the party of the party of the party of the party of the party of the party of the party of the par | 14788 | comparison comparison of manifestation of the comparison of the comparison of the comparison of the comparison of the comparison of the comparison of the comparison of the comparison of the comparison of the comparison of | name and address of taxable par,Justiça/Segurança,"Economia/Proteção Social, Justiça/Segurança",,,"cobrar impostos de forma ilegal e com Lativa argumenta os advogados para o infinito e mais além. No outro lado, os investigadores da opração picouas ouviram muitas desmunhas, várias relatam negócios feitos com a intermediação do amigo do fundador da Altice, um empresário e o Ministério Público, além de entender indícios de instrução.",53,
48,3567.0,3582.0,59:27,59:42,15.0,0.25,117,3540.0,3570.0,59:00,59:30,30.0,3.0,0.2,0.1,Other/Unknown,,20 53 | exclusivo | no 400 20075 no 20175 | name and post office address of the party named in column 2 in column 2 in column 2 in column 2 in column 2 in column 2 in column 2 in column 2 in column 2 in column 2 in column 2 in column 2 in column 2 in column 2 in col | 20 54 | tvi 20 54,Justiça/Segurança,"Economia/Proteção Social, Justiça/Segurança",,,"cobrar impostos de forma ilegal e com Lativa argumenta os advogados para o infinito e mais além. No outro lado, os investigadores da opração picouas ouviram muitas desmunhas, várias relatam negócios feitos com a intermediação do amigo do fundador da Altice, um empresário e o Ministério Público, além de entender indícios de instrução.",53,
48,3567.0,3582.0,59:27,59:42,15.0,0.25,118,3570.0,3600.0,59:30,01:00:00,30.0,12.0,0.8,0.4,Other/Unknown,,20 53 | exclusivo | no 400 20075 no 20175 | name and post office address of the party named in column 2 in column 2 in column 2 in column 2 in column 2 in column 2 in column 2 in column 2 in column 2 in column 2 in column 2 in column 2 in column 2 in column 2 in col | 20 54 | tvi 20 54,Justiça/Segurança,"Justiça/Segurança, Desporto",,,"A Sábio Seg não é uma empresa qualquer, é uma das maiores corretoras de seguros em Portugal e já patrocinou a segunda liga de futebol. O Ministério Público admitem mesmo que podem ter assistido crimes de extorsão contra vários empresários. O pagavam as comissões, ou ficavam sem negócio com uma dona da mel. Osepoend ficou com","54, 55",
49,3582.0,3597.0,59:42,59:57,15.0,0.25,118,3570.0,3600.0,59:30,01:00:00,30.0,15.0,1.0,0.5,Other/Unknown,,20 54 | segl | sabseg | pagam comissão ou perdem negócios | exclusivo | operação picoas | portugal | ortugal,Justiça/Segurança,"Justiça/Segurança, Desporto",,,"A Sábio Seg não é uma empresa qualquer, é uma das maiores corretoras de seguros em Portugal e já patrocinou a segunda liga de futebol. O Ministério Público admitem mesmo que podem ter assistido crimes de extorsão contra vários empresários. O pagavam as comissões, ou ficavam sem negócio com uma dona da mel. Osepoend ficou com","54, 55",
50,3597.0,3600.0,59:57,01:00:00,3.0,0.05,118,3570.0,3600.0,59:30,01:00:00,30.0,3.0,1.0,0.1,Other/Unknown,,20 54 | exclusivo | 14788 | description of the party named in | names of taxable party of taxable party | the second second second second second second second second second second second second second second second second second second second second second second second second second second second second second second second s,Justiça/Segurança,"Justiça/Segurança, Desporto",,,"A Sábio Seg não é uma empresa qualquer, é uma das maiores corretoras de seguros em Portugal e já patrocinou a segunda liga de futebol. O Ministério Público admitem mesmo que podem ter assistido crimes de extorsão contra vários empresários. O pagavam as comissões, ou ficavam sem negócio com uma dona da mel. Osepoend ficou com","54, 55",
51,3600.0,3651.0,01:00:00,01:00:51,51.0,0.85,119,3600.0,3630.0,01:00:00,01:00:30,30.0,30.0,0.5882352941176471,1.0,Other/Unknown,,20 54 | exclusivo | tvi 20 54 | antónio josé vilela sandra felgueiras jornalistas | miguel freitas editor de imagem | 20 55 | tvi 20 55,Other/Unknown,,,,"a convicção de que eram essas três pessoas que condicionavam as decisões a produzir na altice, em sede de seguros e que bastaria um telefonema do Hernani, para que os seguros fossem retirados a a Sape Sega, porque voltou a ser procurado uma solução no sentido da utilização de um dia-dor de seguros a quem fosse empagas às comissões.",55,
52,3651.0,3717.0,01:00:51,01:01:57,66.0,1.1,121,3660.0,3690.0,01:01:00,01:01:30,30.0,30.0,0.45454545454545453,1.0,Transportes/Mobilidade,"Transportes/Mobilidade, Cultura, Economia/Proteção Social, Governo/Partidos",tvi perigo na autoestrada | perigo na autoestrada | tvi 20 55 | 20 55 | nacional | jornal nacional | motoristas conduzem expressos nos dias de descanso | tv i 20 55,Economia/Proteção Social,Economia/Proteção Social,,,"A violação dos tempos de descansso obrigatório é um modo de vida para desenas de profissionais do volante da carriz, empresas",56,
52,3651.0,3717.0,01:00:51,01:01:57,66.0,1.1,122,3690.0,3720.0,01:01:30,01:02:00,30.0,27.0,0.4090909090909091,0.9,Transportes/Mobilidade,"Transportes/Mobilidade, Cultura, Economia/Proteção Social, Governo/Partidos",tvi perigo na autoestrada | perigo na autoestrada | tvi 20 55 | 20 55 | nacional | jornal nacional | motoristas conduzem expressos nos dias de descanso | tv i 20 55,Justiça/Segurança,"Justiça/Segurança, Transportes/Mobilidade",,,"de transportes da Câmara de Lisboa e, sobretudo, da STCP que pertence a seis municípios do grande porto. Os passageiros não sabem, mas pagam ambilhete para embarcar reguaremente em bombas relógio sobre rodas ao tocar os do longo curso que ligam às principais cidades do país. Uma investigação do jornal nascer do Sol, esta sexta-feira nas",56,
53,3717.0,3720.0,01:01:57,01:02:00,3.0,0.05,122,3690.0,3720.0,01:01:30,01:02:00,30.0,3.0,1.0,0.1,Other/Unknown,Justiça/Segurança,conduzem sem dormir | 20 56 | en engert e | há locais | isboa | iá não tem | latra | m munique,Justiça/Segurança,"Justiça/Segurança, Transportes/Mobilidade",,,"de transportes da Câmara de Lisboa e, sobretudo, da STCP que pertence a seis municípios do grande porto. Os passageiros não sabem, mas pagam ambilhete para embarcar reguaremente em bombas relógio sobre rodas ao tocar os do longo curso que ligam às principais cidades do país. Uma investigação do jornal nascer do Sol, esta sexta-feira nas",56,
54,3720.0,3774.0,01:02:00,01:02:54,54.0,0.9,123,3720.0,3750.0,01:02:00,01:02:30,30.0,30.0,0.5555555555555556,1.0,Economia/Proteção Social,"Economia/Proteção Social, Internacional, Transportes/Mobilidade",conduzem sem dormir | dias de descanso | trabalham nos | 20 56 | ater o excesso de | pôs medidas tec | stas de pesados | de camiões do lixo,Transportes/Mobilidade,Transportes/Mobilidade,,,bancas revela que o problema foi denunciado em 2023 pela redespreços do grupo barracairo sem quaisquer resultados práticos. STCP e carriz levavam a mão de responsabilidades. A autoridade nacional para as condições do trabalho invoca confidência ilidade para revelar que ter instalado nos últimos anos apenas cinco processos. O Instituto da Mobilidade e dos Transportes nem,56,
54,3720.0,3774.0,01:02:00,01:02:54,54.0,0.9,124,3750.0,3780.0,01:02:30,01:03:00,30.0,24.0,0.4444444444444444,0.8,Economia/Proteção Social,"Economia/Proteção Social, Internacional, Transportes/Mobilidade",conduzem sem dormir | dias de descanso | trabalham nos | 20 56 | ater o excesso de | pôs medidas tec | stas de pesados | de camiões do lixo,Economia/Proteção Social,Economia/Proteção Social,,,"sequer respondeu as perguntas que lhe foram dirigidas. A Flickspus, a empresa Alomã que relucionou o mercado, garante boas práticas, acentes nos contratos de 15 micro e pequenas empresas subcontratadas e dos contratos destas com os motoristas.",56,
55,3774.0,3852.0,01:02:54,01:04:12,78.0,1.3,124,3750.0,3780.0,01:02:30,01:03:00,30.0,6.0,0.07692307692307693,0.2,Other/Unknown,,0 754 | tvi 20 57 | a segu | não dormir bem tem consequências graves | 20 57 | jornal nacional | a televisão feita por si | 1 s,Economia/Proteção Social,Economia/Proteção Social,,,"sequer respondeu as perguntas que lhe foram dirigidas. A Flickspus, a empresa Alomã que relucionou o mercado, garante boas práticas, acentes nos contratos de 15 micro e pequenas empresas subcontratadas e dos contratos destas com os motoristas.",56,
56,3852.0,3987.0,01:04:12,01:06:27,135.0,2.25,128,3870.0,3900.0,01:04:30,01:05:00,30.0,30.0,0.2222222222222222,1.0,Saúde,Saúde,tvi 21 14 | 21 14 | jornal nacional | problemas de sono | não dormir pode estar na origem de várias doenças | tvi | não dormir pode estar na origem de várias doença | 6 rightarrow,Other/Unknown,,,,"É variável de pessoa para a pessoa, mas que para um adulto é",57,
56,3852.0,3987.0,01:04:12,01:06:27,135.0,2.25,129,3900.0,3930.0,01:05:00,01:05:30,30.0,30.0,0.2222222222222222,1.0,Saúde,Saúde,tvi 21 14 | 21 14 | jornal nacional | problemas de sono | não dormir pode estar na origem de várias doenças | tvi | não dormir pode estar na origem de várias doença | 6 rightarrow,Other/Unknown,,,,"em seta ou 8 horas. A qualidade do sonho tem que ser boa e a pessoa tem que sentir bem quando acordar. Ah, em Portugal, três em cada destes pessoas sofrem de insônia. Quando uma insônia dura mais que três vezes personada e três durante três meses passa a ser crônica e ao mesmo ao risco de pressão. Fez doenças médicas são alteradas pelo sonho e vão alterações do sonho. Quaseiro, isso tem que ser considerado numa insônia e a",57,
56,3852.0,3987.0,01:04:12,01:06:27,135.0,2.25,130,3930.0,3960.0,01:05:30,01:06:00,30.0,30.0,0.2222222222222222,1.0,Saúde,Saúde,tvi 21 14 | 21 14 | jornal nacional | problemas de sono | não dormir pode estar na origem de várias doenças | tvi | não dormir pode estar na origem de várias doença | 6 rightarrow,Other/Unknown,,,,"probabilidade de ver uma doença médica e levadíssima. Tira de o sonho, com sonhos de perseguido.","57, 58",
56,3852.0,3987.0,01:04:12,01:06:27,135.0,2.25,131,3960.0,3990.0,01:06:00,01:06:30,30.0,27.0,0.2,0.9,Saúde,Saúde,tvi 21 14 | 21 14 | jornal nacional | problemas de sono | não dormir pode estar na origem de várias doenças | tvi | não dormir pode estar na origem de várias doença | 6 rightarrow,Other/Unknown,,,,"A los anos de perseguido não tira, porque se o seu dormir mal, não estraga também. Portanto, o meu não tira, mas preocupa muito, começamos a vida muito cero. E acabamos muito tarde. Portanto, quer que fica reduzida ou sou o nome de anel, não? Nós temos genos relógio, que são regienos, que só funcionam em períodos de 24 horas. E tudo no nosso corpo, tanto se está se incronizado pelo dia e pela noite, o que o cliente não fazia isso, é uma",58,
57,3987.0,3999.0,01:06:27,01:06:39,12.0,0.2,131,3960.0,3990.0,01:06:00,01:06:30,30.0,3.0,0.25,0.1,Other/Unknown,,tvi 21 16 | 21 16 | jornal nacional | maria marujo i jornalista | david luz i repórter de imagem | joão pedro ferreira i editor de imagem,Other/Unknown,,,,"A los anos de perseguido não tira, porque se o seu dormir mal, não estraga também. Portanto, o meu não tira, mas preocupa muito, começamos a vida muito cero. E acabamos muito tarde. Portanto, quer que fica reduzida ou sou o nome de anel, não? Nós temos genos relógio, que são regienos, que só funcionam em períodos de 24 horas. E tudo no nosso corpo, tanto se está se incronizado pelo dia e pela noite, o que o cliente não fazia isso, é uma",58,
57,3987.0,3999.0,01:06:27,01:06:39,12.0,0.2,132,3990.0,4020.0,01:06:30,01:07:00,30.0,9.0,0.75,0.3,Other/Unknown,,tvi 21 16 | 21 16 | jornal nacional | maria marujo i jornalista | david luz i repórter de imagem | joão pedro ferreira i editor de imagem,Other/Unknown,,,,"coisa completamente esperantrada. O sonho é bom, considero e o melhor conselho para quase todos os malos.",58,
58,3999.0,4338.0,01:06:39,01:12:18,339.0,5.65,132,3990.0,4020.0,01:06:30,01:07:00,30.0,21.0,0.061946902654867256,0.7,Educação,"Saúde, Educação, Governo/Partidos",dormir dá saúde e faz crescer | tvi 21 16 | dormir dá saúde e faz crescep | 21 16 | jornal nacional | crianças do ensino público exaustas por falta de sestas | tvi | dormir dá saúde e faz crescer crianças do ensino público exaustas por falta de sestas,Other/Unknown,,,,"coisa completamente esperantrada. O sonho é bom, considero e o melhor conselho para quase todos os malos.",58,
58,3999.0,4338.0,01:06:39,01:12:18,339.0,5.65,133,4020.0,4050.0,01:07:00,01:07:30,30.0,30.0,0.08849557522123894,1.0,Educação,"Saúde, Educação, Governo/Partidos",dormir dá saúde e faz crescer | tvi 21 16 | dormir dá saúde e faz crescep | 21 16 | jornal nacional | crianças do ensino público exaustas por falta de sestas | tvi | dormir dá saúde e faz crescer crianças do ensino público exaustas por falta de sestas,Educação,Educação,,,"Recalta-me dois filhos e sentiu na pele estas mesmas consequências quando o mais velho aos quatro anos deixou de poder fazer a sexta porque a escola que frequentava assim o imposto. Que eu notava era uma criança muito mais irritada,",59,
58,3999.0,4338.0,01:06:39,01:12:18,339.0,5.65,134,4050.0,4080.0,01:07:30,01:08:00,30.0,30.0,0.08849557522123894,1.0,Educação,"Saúde, Educação, Governo/Partidos",dormir dá saúde e faz crescer | tvi 21 16 | dormir dá saúde e faz crescep | 21 16 | jornal nacional | crianças do ensino público exaustas por falta de sestas | tvi | dormir dá saúde e faz crescer crianças do ensino público exaustas por falta de sestas,Other/Unknown,,,,"uma criança exasta, uma criança com mais dificuldade em se alimentar ao fim do dia. E esses comportamentos que as crianças apresentam ao final do dia são muito típicos que é a maior frustração, maior dificuldade em lidar com a gestão emocional de cair com mais frequência, portanto maior discordinação motor, e o que isto mostra? O que a criança está cansada? Bom só, país dos realidade, as crianças que frequentam para escolar público não fazem sextas e crianças que estão no setor privado o social que",59,
58,3999.0,4338.0,01:06:39,01:12:18,339.0,5.65,135,4080.0,4110.0,01:08:00,01:08:30,30.0,30.0,0.08849557522123894,1.0,Educação,"Saúde, Educação, Governo/Partidos",dormir dá saúde e faz crescer | tvi 21 16 | dormir dá saúde e faz crescep | 21 16 | jornal nacional | crianças do ensino público exaustas por falta de sestas | tvi | dormir dá saúde e faz crescer crianças do ensino público exaustas por falta de sestas,Other/Unknown,,,,"as fazem. O infantinho os quinta do bosque e viseu é uma IPS-S e aqui o período, pós almoço, é dedicado integralmente ao descanso dos mais pequenos. Ora, mora em meio no máximo, só lhes faz bem, pois a seguir vai estar bem a criança, vai estar recetiva, é tudo resto, vai estar mais atenta, vai captar tudo, vai interagir com as outras crianças, vai ser benéfica para todas, para a criança e sim para o grupo, para o educador, para o auxiliar, para quem convive, para",59,
58,3999.0,4338.0,01:06:39,01:12:18,339.0,5.65,136,4110.0,4140.0,01:08:30,01:09:00,30.0,30.0,0.08849557522123894,1.0,Educação,"Saúde, Educação, Governo/Partidos",dormir dá saúde e faz crescer | tvi 21 16 | dormir dá saúde e faz crescep | 21 16 | jornal nacional | crianças do ensino público exaustas por falta de sestas | tvi | dormir dá saúde e faz crescer crianças do ensino público exaustas por falta de sestas,Other/Unknown,,,,"os pais depois que levam a criança, para casa. Mesmo que não durma, porque há crianças que, efetivamente, acabam por não adormecer, mas estão ali na calma, acabam por relaxar, e esse momento faz falta, não fazendo, tá, convirra. Ou não querer fazer, ou bater, ou não, de ser. A maior parte das crianças, e quando eu falo a maior parte, muitas vezes falo, até em percentagens superiores, assistentes a setenta por cento das crianças com três anos, precisam mesmo de dormir a sexta. Ao cinco",59,
58,3999.0,4338.0,01:06:39,01:12:18,339.0,5.65,137,4140.0,4170.0,01:09:00,01:09:30,30.0,30.0,0.08849557522123894,1.0,Educação,"Saúde, Educação, Governo/Partidos",dormir dá saúde e faz crescer | tvi 21 16 | dormir dá saúde e faz crescep | 21 16 | jornal nacional | crianças do ensino público exaustas por falta de sestas | tvi | dormir dá saúde e faz crescer crianças do ensino público exaustas por falta de sestas,Other/Unknown,,,,"anos, a evidência que não já encontramos é que a percentage em caiz, forma drástica, com tudo, poderão continuar assistindo crianças com cinco anos que beneficiam dela. Não só, afiocávo, os estabelecimentos que devem dictar estas regras e muito menos esta dicutumia, e entre a IPS e o serviço público. Isso é que não pode existir uma família que está se araconida pelo serviço público, tem que ter exatamente a mesma oportunidade que aquela família que recorre ao serviço em paciaco público ao privado. Procuremos respostas junto",59,
58,3999.0,4338.0,01:06:39,01:12:18,339.0,5.65,138,4170.0,4200.0,01:09:30,01:10:00,30.0,30.0,0.08849557522123894,1.0,Educação,"Saúde, Educação, Governo/Partidos",dormir dá saúde e faz crescer | tvi 21 16 | dormir dá saúde e faz crescep | 21 16 | jornal nacional | crianças do ensino público exaustas por falta de sestas | tvi | dormir dá saúde e faz crescer crianças do ensino público exaustas por falta de sestas,Educação,"Governo/Partidos, Educação",,,"do Ministério da Educação sobre as diferenças nos vários setores, no que respeita a sexta. Aquilo que nos responderam é que nós íssemos uma regulamentação propriamente específica, até porque as necessidades de sono de cada criança são diferentes. A indifiqui, isto que acaba, cada estelecimento escolar, decidir implementar ou não as testas, ou seja, na prática, no público também as podem fazer. Aquilo que o governo diz é que caso decidam fazê-lo, então a escola tem de garantir, por um lado, um espaço físico, para que se",59,
58,3999.0,4338.0,01:06:39,01:12:18,339.0,5.65,139,4200.0,4230.0,01:10:00,01:10:30,30.0,30.0,0.08849557522123894,1.0,Educação,"Saúde, Educação, Governo/Partidos",dormir dá saúde e faz crescer | tvi 21 16 | dormir dá saúde e faz crescep | 21 16 | jornal nacional | crianças do ensino público exaustas por falta de sestas | tvi | dormir dá saúde e faz crescer crianças do ensino público exaustas por falta de sestas,Educação,Educação,,,"possa acontecer, por outro lado, segurança e vigilância. No agrupamento de escolas de mundial e viseu, todas as educadoras reconhece os benefícios da sexta, e até gostavam de implementar, mas, afinal de contas, haverá condições para isso. As escolas não estão preparadas com equipamento e espaços físicos para fazer aplicação da sexta e de recursos humanos para acompanhar a criança nesse período de tempo, assim como é preciso pensar as outras crianças que não dão ormen, terem também espaços mais calmes com atividades para a leisões",59,
58,3999.0,4338.0,01:06:39,01:12:18,339.0,5.65,140,4230.0,4260.0,01:10:30,01:11:00,30.0,30.0,0.08849557522123894,1.0,Educação,"Saúde, Educação, Governo/Partidos",dormir dá saúde e faz crescer | tvi 21 16 | dormir dá saúde e faz crescep | 21 16 | jornal nacional | crianças do ensino público exaustas por falta de sestas | tvi | dormir dá saúde e faz crescer crianças do ensino público exaustas por falta de sestas,Other/Unknown,,,,"simultânea, para esse dito descanso. Para os especialistas é urgente que se crie em condições, para que as crianças possam dormir, pois as consequências ao longo prazo são alarmantes. A privação de somos os primeiros anos de vida, pode ser consequentes a ditar e a pertenção. Almente ao risco que vou","59, 60",
58,3999.0,4338.0,01:06:39,01:12:18,339.0,5.65,141,4260.0,4290.0,01:11:00,01:11:30,30.0,30.0,0.08849557522123894,1.0,Educação,"Saúde, Educação, Governo/Partidos",dormir dá saúde e faz crescer | tvi 21 16 | dormir dá saúde e faz crescep | 21 16 | jornal nacional | crianças do ensino público exaustas por falta de sestas | tvi | dormir dá saúde e faz crescer crianças do ensino público exaustas por falta de sestas,Educação,Educação,,,"abusar e a cheia de pedaços, a inidade escolar, a nargo, a gente, a idade adulta, ao menos ao risco de ansiedade e de percento também no futuro. As doenças da Toa em Mônus e o sonem portanto para a inmunidade, a mesma as questões infeciódas. Inel, o sono no turno não compensa a falta de cesta, por isso quando teve a segunda filha, a Raquel já tinha uma certeza. Escolher um estabecimento de ensino que lhe garantisse o descanso. Quando vem da cresça, em competimentos disponíveis, vem alegre, beleza e feliz. E, na última",60,
58,3999.0,4338.0,01:06:39,01:12:18,339.0,5.65,142,4290.0,4320.0,01:11:30,01:12:00,30.0,30.0,0.08849557522123894,1.0,Educação,"Saúde, Educação, Governo/Partidos",dormir dá saúde e faz crescer | tvi 21 16 | dormir dá saúde e faz crescep | 21 16 | jornal nacional | crianças do ensino público exaustas por falta de sestas | tvi | dormir dá saúde e faz crescer crianças do ensino público exaustas por falta de sestas,Governo/Partidos,"Governo/Partidos, Educação",,,"criança, muito mais calma, muito mais tranquila. Em 2017, a sociedade presquisa de pedia-tria já havia alertado para o impacto da privação de sonunas crianças. Passado os dois anos, a Assembleia da República chegou mesmo a pedir ao então Governo que assegurasse o descanso em todas as escolas, seis anos depois, nada foi feito e as crianças é que pagam-se. Então, cada vez mais exaustas e o desenvolvimento está com o prometido. O beijo é um dos estes mais íntimos e talvez o que melhor se pressa","60, 61",
58,3999.0,4338.0,01:06:39,01:12:18,339.0,5.65,143,4320.0,4350.0,01:12:00,01:12:30,30.0,18.0,0.05309734513274336,0.6,Educação,"Saúde, Educação, Governo/Partidos",dormir dá saúde e faz crescer | tvi 21 16 | dormir dá saúde e faz crescep | 21 16 | jornal nacional | crianças do ensino público exaustas por falta de sestas | tvi | dormir dá saúde e faz crescer crianças do ensino público exaustas por falta de sestas,Other/Unknown,,,,"o amor. Mas está longe de ser exclusivo dos humanos. O que não sabíamos e foi revelado agora por um estudo de Nestle de Geográfico, é que o beijo já era uma troca de carinho entre os Jantisímios, há, imaginaem, 21 milhões de anos. Por esta altura, deverá estar a questionar-se sobre o porquê de ver estas imagens de uma peça. A resposta é simples o estudo recente publicado na National","61, 62",
59,4338.0,4461.0,01:12:18,01:14:21,123.0,2.05,143,4320.0,4350.0,01:12:00,01:12:30,30.0,12.0,0.0975609756097561,0.4,Other/Unknown,,tvi 21 22 | o poder do beijo | 21 22 | jornal nacional | tvi | estudo sugere que surgiu há mais de 21 milhões de anos | 1 22 | estudo sugere que surgiu há mais de 21 milhões de ano,Other/Unknown,,,,"o amor. Mas está longe de ser exclusivo dos humanos. O que não sabíamos e foi revelado agora por um estudo de Nestle de Geográfico, é que o beijo já era uma troca de carinho entre os Jantisímios, há, imaginaem, 21 milhões de anos. Por esta altura, deverá estar a questionar-se sobre o porquê de ver estas imagens de uma peça. A resposta é simples o estudo recente publicado na National","61, 62",
59,4338.0,4461.0,01:12:18,01:14:21,123.0,2.05,144,4350.0,4380.0,01:12:30,01:13:00,30.0,30.0,0.24390243902439024,1.0,Other/Unknown,,tvi 21 22 | o poder do beijo | 21 22 | jornal nacional | tvi | estudo sugere que surgiu há mais de 21 milhões de anos | 1 22 | estudo sugere que surgiu há mais de 21 milhões de ano,Other/Unknown,,,,"Geographic, diz que beijar na boca não é um gesto exclusivo dos humanos, nem é uma invenção dos tempos modernos, tracomçado a mais de 21 mil e uns dianos precisamente entre os grandes címios como gorilares e chimpanzes. Não sou sobre a humana, mas também muitas espécies, e, mal também, já fez isso. Para, claro, para dar o afeto, mostrar afeto aos esquemas. Por isso, já, muito temos já. Um grupo de investigadores","62, 63",
59,4338.0,4461.0,01:12:18,01:14:21,123.0,2.05,145,4380.0,4410.0,01:13:00,01:13:30,30.0,30.0,0.24390243902439024,1.0,Other/Unknown,,tvi 21 22 | o poder do beijo | 21 22 | jornal nacional | tvi | estudo sugere que surgiu há mais de 21 milhões de anos | 1 22 | estudo sugere que surgiu há mais de 21 milhões de ano,Educação,Educação,,,"do departamento de audiologia da Universidade de Óxida, que comprou ele o que este tipo de contato entre primatas, já existia entre as antiga passadas destes espécies enquanto interaçam dourais e não-adressivas em comportamento social que passou para os humanos, mas com motivações afetivas e com benefícios até porque outros estudos indicam que o beijo reduz os níveis destresse e ansiedades.",63,
