block_id,ocr_start_sec,ocr_end_sec,ocr_start_time,ocr_end_time,ocr_duration_sec,ocr_duration_min,window_id,speech_start_sec,speech_end_sec,speech_start_time,speech_end_time,speech_duration_sec,overlap_sec,overlap_ratio_of_ocr_block,overlap_ratio_of_speech_window,ocr_theme,ocr_themes_present,ocr_text,speech_theme,speech_themes_present,speech_candidates_present,speech_parties_present,speech_text,speech_source_segments,speech_transition_reason
3,12.0,144.0,00:12,02:24,132.0,2.2,1,30.0,60.0,00:30,01:00,30.0,30.0,0.22727272727272727,1.0,Saúde,"Saúde, Ambiente/Meteorologia/Proteção Civil",tvi 19 55 | pressão no sns | 19 55 | jornal nacional | cuidados intensivos com lotação de 80 | 9 55 | jornal iacional | tvi,Other/Unknown,,,,"em que temos uma crescimento de cuidados intensivos por gripa de 7,5% comparativamente a semana anterior, 51.",1,
3,12.0,144.0,00:12,02:24,132.0,2.2,2,60.0,90.0,01:00,01:30,30.0,30.0,0.22727272727272727,1.0,Saúde,"Saúde, Ambiente/Meteorologia/Proteção Civil",tvi 19 55 | pressão no sns | 19 55 | jornal nacional | cuidados intensivos com lotação de 80 | 9 55 | jornal iacional | tvi,Saúde,Saúde,,,"E temos aqui uma taxa de incidência de infeções respiratórias agluda e gravos de 7,9% mil habitantes, tanto aqui uma gravidade relativamente ao número de doentes internados e em faixas etárias acima de tudo.",1,
3,12.0,144.0,00:12,02:24,132.0,2.2,3,90.0,120.0,01:30,02:00,30.0,30.0,0.22727272727272727,1.0,Saúde,"Saúde, Ambiente/Meteorologia/Proteção Civil",tvi 19 55 | pressão no sns | 19 55 | jornal nacional | cuidados intensivos com lotação de 80 | 9 55 | jornal iacional | tvi,Saúde,Saúde,,,"Cancelamento de atividade cirurgica não urgente programada. Nós mantemos neste momento atividade cirurgia dos oncológicos para manteremmos a segurança dos uentes e o comprimento dos sempre máximos a resposta garantida. Reforçamos as equipos de urgência, reforçamos as equipos de prevenção, na turna e de fim de semana, de forma",2,
3,12.0,144.0,00:12,02:24,132.0,2.2,4,120.0,150.0,02:00,02:30,30.0,24.0,0.18181818181818182,0.8,Saúde,"Saúde, Ambiente/Meteorologia/Proteção Civil",tvi 19 55 | pressão no sns | 19 55 | jornal nacional | cuidados intensivos com lotação de 80 | 9 55 | jornal iacional | tvi,Other/Unknown,,,,"também ágilizar e aumentar o acompanhamento destes dos uentes com a mais gravidade. Tivemos uma necessidade de aumentar o número de camas de reta guarda para uma melhor gestão dos uentes e aumentar a resposta da doença aguda nos escorados sobre primários tendo enquanto a que realmente a nossa lutação está acima de 95%. Tende a en conta o número de internamentos e de duentes infectados. Portugal já terá a tigido pico da gripe, mas os especialistas não descartam uma nova",2,
4,144.0,384.0,02:24,06:24,240.0,4.0,4,120.0,150.0,02:00,02:30,30.0,6.0,0.025,0.2,Saúde,"Saúde, Ambiente/Meteorologia/Proteção Civil, Greves/Trabalho",hospital de braga ativa plano de contingência nível 3 | 19 57 | frio faz disparar a gripe | tvi 19 57 | alarms | back | ruto | jornal nacional,Other/Unknown,,,,"também ágilizar e aumentar o acompanhamento destes dos uentes com a mais gravidade. Tivemos uma necessidade de aumentar o número de camas de reta guarda para uma melhor gestão dos uentes e aumentar a resposta da doença aguda nos escorados sobre primários tendo enquanto a que realmente a nossa lutação está acima de 95%. Tende a en conta o número de internamentos e de duentes infectados. Portugal já terá a tigido pico da gripe, mas os especialistas não descartam uma nova",2,
4,144.0,384.0,02:24,06:24,240.0,4.0,5,150.0,180.0,02:30,03:00,30.0,30.0,0.125,1.0,Saúde,"Saúde, Ambiente/Meteorologia/Proteção Civil, Greves/Trabalho",hospital de braga ativa plano de contingência nível 3 | 19 57 | frio faz disparar a gripe | tvi 19 57 | alarms | back | ruto | jornal nacional,Saúde,Saúde,,,vaga da doença. O documento que a Xavier e Senha em Portugal teve acesso dá conta das cálidos médicos deste mês entre os serviços de urgência básica,"2, 3",
4,144.0,384.0,02:24,06:24,240.0,4.0,6,180.0,210.0,03:00,03:30,30.0,30.0,0.125,1.0,Saúde,"Saúde, Ambiente/Meteorologia/Proteção Civil, Greves/Trabalho",hospital de braga ativa plano de contingência nível 3 | 19 57 | frio faz disparar a gripe | tvi 19 57 | alarms | back | ruto | jornal nacional,Saúde,Saúde,,,"no Algarve, Lollé, Alpefeira e Villalde Santantonio, a Curamarela corresponde aos turnos por preencher. Em Alpefeira, registamos parte 20 de Lollé, quase 30. E é precisamente a Lollé, onde se registam dois períodos em que não há no médico escalado. A deste janeiro entre 18 noito e 18 também há, mas também no último dia do mês, entre 18 A questão dos centros de","3, 4",
4,144.0,384.0,02:24,06:24,240.0,4.0,7,210.0,240.0,03:30,04:00,30.0,30.0,0.125,1.0,Saúde,"Saúde, Ambiente/Meteorologia/Proteção Civil, Greves/Trabalho",hospital de braga ativa plano de contingência nível 3 | 19 57 | frio faz disparar a gripe | tvi 19 57 | alarms | back | ruto | jornal nacional,Saúde,Saúde,,,"saúde, o questão dos cultados de milionários, que são a primeira porta para os nossos setentes, que nasou na sul, estamos às vezes aolar de uma percentile de 25% do plasidão, sem médicos de família. A TVC, em Portugal, procurou explicações junto da unidade local do Saúde do Algarve. Neste momento, a unidade local do Saúde do Algarve se pode garantir que não se perspetivam falhas de serviço em nenhuma das unidades de saúde do",4,
4,144.0,384.0,02:24,06:24,240.0,4.0,8,240.0,270.0,04:00,04:30,30.0,30.0,0.125,1.0,Saúde,"Saúde, Ambiente/Meteorologia/Proteção Civil, Greves/Trabalho",hospital de braga ativa plano de contingência nível 3 | 19 57 | frio faz disparar a gripe | tvi 19 57 | alarms | back | ruto | jornal nacional,Saúde,"Saúde, Greves/Trabalho",,,"Algarve. Já o sindicato independentos médicos fala num problema crônico do serviço nacional de saúde e não só no sul, Lisboa e Valdo Tejo em outras das regiões mais afetadas. Há vários hospicanhos, o preenchimento da escala é quase na vez para o dia anterior. É cada vez uma realidade mais frequente desde logo nesta altura. Já deveria ter aberto vários concursos que não estão a","4, 5",
4,144.0,384.0,02:24,06:24,240.0,4.0,9,270.0,300.0,04:30,05:00,30.0,30.0,0.125,1.0,Saúde,"Saúde, Ambiente/Meteorologia/Proteção Civil, Greves/Trabalho",hospital de braga ativa plano de contingência nível 3 | 19 57 | frio faz disparar a gripe | tvi 19 57 | alarms | back | ruto | jornal nacional,Saúde,Saúde,,,"abrir os concursos para consultora. Por outro lado, osítios onde há carências de médicos deviam ter constantemente a vaga e a aberto.",5,
4,144.0,384.0,02:24,06:24,240.0,4.0,10,300.0,330.0,05:00,05:30,30.0,30.0,0.125,1.0,Saúde,"Saúde, Ambiente/Meteorologia/Proteção Civil, Greves/Trabalho",hospital de braga ativa plano de contingência nível 3 | 19 57 | frio faz disparar a gripe | tvi 19 57 | alarms | back | ruto | jornal nacional,Other/Unknown,,,,Tudo isso contribui para um valor que merece reflexão desde a almenes,6,
4,144.0,384.0,02:24,06:24,240.0,4.0,11,330.0,360.0,05:30,06:00,30.0,30.0,0.125,1.0,Saúde,"Saúde, Ambiente/Meteorologia/Proteção Civil, Greves/Trabalho",hospital de braga ativa plano de contingência nível 3 | 19 57 | frio faz disparar a gripe | tvi 19 57 | alarms | back | ruto | jornal nacional,Saúde,Saúde,,,"que morrem mais de 460 as pessoas por dia em Portugal. É um número acima do normal e prolonga-se a várias semanas. Ao sessão nacional de saúde pública, avançar com algumas explicações, o novo vírus da gripe, as temperaturas muito baixas e as condições económicas e o invilcimento da população. Há 26 dias consecutivos que morrem mais de 400 pessoas por dia em Portugal. Os dias 27 de dezembro e 2 de janeiro ultrapassaram os","6, 7",
4,144.0,384.0,02:24,06:24,240.0,4.0,12,360.0,390.0,06:00,06:30,30.0,24.0,0.1,0.8,Saúde,"Saúde, Ambiente/Meteorologia/Proteção Civil, Greves/Trabalho",hospital de braga ativa plano de contingência nível 3 | 19 57 | frio faz disparar a gripe | tvi 19 57 | alarms | back | ruto | jornal nacional,Ambiente/Meteorologia/Proteção Civil,Ambiente/Meteorologia/Proteção Civil,,,"485 óbitos, valores 37% acima do esperado. Um dos problemas prende-se com a pobreza energética. Somos considerado um país conclima a meno, mas no inverno é um dos que se passa mais frio em casa com custos de letra cidade muito altos em comparação com outros países da Europa. Não só por presidência energética, uma tendência só se econômica, mais vulnerable também entre os menores a raziliência, digamos mesmo, de um ponto de vista nutricional,",7,
5,384.0,450.0,06:24,07:30,66.0,1.1,12,360.0,390.0,06:00,06:30,30.0,6.0,0.09090909090909091,0.2,Ambiente/Meteorologia/Proteção Civil,"Saúde, Ambiente/Meteorologia/Proteção Civil",condições económicas e frio são possíveis causas | 20 01 | mortalidade em portugal | tvi | condições económicas e frio são possíveis causas bernardo gomes i pres ass médicos de saúde pública | condições económicas e frio são possíveis causas bernardo gomes pres ass médicos de saúde pública | bernardo gomes i pres ass médicos de saúde pública | jornal nacional,Ambiente/Meteorologia/Proteção Civil,Ambiente/Meteorologia/Proteção Civil,,,"485 óbitos, valores 37% acima do esperado. Um dos problemas prende-se com a pobreza energética. Somos considerado um país conclima a meno, mas no inverno é um dos que se passa mais frio em casa com custos de letra cidade muito altos em comparação com outros países da Europa. Não só por presidência energética, uma tendência só se econômica, mais vulnerable também entre os menores a raziliência, digamos mesmo, de um ponto de vista nutricional,",7,
5,384.0,450.0,06:24,07:30,66.0,1.1,13,390.0,420.0,06:30,07:00,30.0,30.0,0.45454545454545453,1.0,Ambiente/Meteorologia/Proteção Civil,"Saúde, Ambiente/Meteorologia/Proteção Civil",condições económicas e frio são possíveis causas | 20 01 | mortalidade em portugal | tvi | condições económicas e frio são possíveis causas bernardo gomes i pres ass médicos de saúde pública | condições económicas e frio são possíveis causas bernardo gomes pres ass médicos de saúde pública | bernardo gomes i pres ass médicos de saúde pública | jornal nacional,Other/Unknown,,,,"de hábil e a desresuelência crânica e coisas associadas que fazem com pessoas também, também que não são","7, 8",
5,384.0,450.0,06:24,07:30,66.0,1.1,14,420.0,450.0,07:00,07:30,30.0,30.0,0.45454545454545453,1.0,Ambiente/Meteorologia/Proteção Civil,"Saúde, Ambiente/Meteorologia/Proteção Civil",condições económicas e frio são possíveis causas | 20 01 | mortalidade em portugal | tvi | condições económicas e frio são possíveis causas bernardo gomes i pres ass médicos de saúde pública | condições económicas e frio são possíveis causas bernardo gomes pres ass médicos de saúde pública | bernardo gomes i pres ass médicos de saúde pública | jornal nacional,Other/Unknown,,,,"propriamente conhecidas por ter dificuldade da SES. Por exemplo, as serviços são mais uma vez, também estamos fortos nas países especialmente emvelhecidas, juntamente com condições climatéricas mais difíceis, porquarem também nós agravamos que nos vão nos valentejar. E existe também esses fenómenos de vulnerabilidade social, mas também existe também o outro tipo de condições climatéricas que fazem como que não seja tão intenso e estímido, sugo do ligamos neste autor humano. Em 2025, morreram 111.974",8,
6,450.0,474.0,07:30,07:54,24.0,0.4,15,450.0,480.0,07:30,08:00,30.0,24.0,1.0,0.8,Other/Unknown,,tvi 20 02 | 20 02 | jornal nacional | a segu | 2 976 | botija de gás 9 mais cara | tvi 20 03 | cunha automóveis comércio de automóveis tle 251 839 135,Other/Unknown,,,,"pessoas, mais 5 mil, do que as registadas em 2024, dezembro e janeiro foram os mensos onde ocorreram o maior número de óbitos.",8,
7,474.0,477.0,07:54,07:57,3.0,0.05,15,450.0,480.0,07:30,08:00,30.0,3.0,1.0,0.1,Other/Unknown,,20 03 | jornal nacional | tvi 20 03,Other/Unknown,,,,"pessoas, mais 5 mil, do que as registadas em 2024, dezembro e janeiro foram os mensos onde ocorreram o maior número de óbitos.",8,
8,477.0,837.0,07:57,13:57,360.0,6.0,15,450.0,480.0,07:30,08:00,30.0,3.0,0.008333333333333333,0.1,Justiça/Segurança,"Justiça/Segurança, Internacional",tvi acidente mortal em frança | acidente mortal em frança | tvi 20 03 | 20 03 | jornal nacional | duas pessoas morreram e há dezenas de feridos | macronal | tvi,Other/Unknown,,,,"pessoas, mais 5 mil, do que as registadas em 2024, dezembro e janeiro foram os mensos onde ocorreram o maior número de óbitos.",8,
8,477.0,837.0,07:57,13:57,360.0,6.0,16,480.0,510.0,08:00,08:30,30.0,30.0,0.08333333333333333,1.0,Justiça/Segurança,"Justiça/Segurança, Internacional",tvi acidente mortal em frança | acidente mortal em frança | tvi 20 03 | 20 03 | jornal nacional | duas pessoas morreram e há dezenas de feridos | macronal | tvi,Transportes/Mobilidade,"Internacional, Transportes/Mobilidade",,,"São algumas das imagens que nos chegam do choca em cadeia, que aconteceu perto de bordelhos e envolviam cerca de uma centena de viaturas entre elas dois autocarros de matrícula portuguesa. O relógio marcava a sete da manhã em França, quando uma autocarro da Flixbass será travado para evitar o trânsito parado, ao fazer, ele foi atingido por",9,
8,477.0,837.0,07:57,13:57,360.0,6.0,17,510.0,540.0,08:30,09:00,30.0,30.0,0.08333333333333333,1.0,Justiça/Segurança,"Justiça/Segurança, Internacional",tvi acidente mortal em frança | acidente mortal em frança | tvi 20 03 | 20 03 | jornal nacional | duas pessoas morreram e há dezenas de feridos | macronal | tvi,Justiça/Segurança,"Justiça/Segurança, Transportes/Mobilidade, Ambiente/Meteorologia/Proteção Civil",,,"trás por um outro autocarro da empresa Oveniture. Um acidente que provocou pelo menos duas mortes deixou mais de 50 pessoas feridas, algumas com gravidade, uma delas portuguesa. Relátus de cain por lá passou, referem a pouca aderencia da estrada devido ao gelo e à queda de neve. queia uma tempestada pequena, mas com o frio fez com o fijo lá, de tudo. A estrada gelou completamente, viu um pequeno acidente, entre dois carros, e me tiu pê, ligeiramente ao","9, 10",
8,477.0,837.0,07:57,13:57,360.0,6.0,18,540.0,570.0,09:00,09:30,30.0,30.0,0.08333333333333333,1.0,Justiça/Segurança,"Justiça/Segurança, Internacional",tvi acidente mortal em frança | acidente mortal em frança | tvi 20 03 | 20 03 | jornal nacional | duas pessoas morreram e há dezenas de feridos | macronal | tvi,Justiça/Segurança,"Justiça/Segurança, Transportes/Mobilidade",,,"trabalho e o caminhão foi sempre não queria parar. Ora, aí, como os outros também foram enganados, foram, como as todas, apanhadas da surpresa. Em comunicado, a Flixba se confirma a morte de uma das 45 pessoas que o autocar transportava, a outra vítima mortal será um passageiro do autocarro de aovenitur, mas, de acordo com o ministério dos negócios estrangeiros, nenhuma destas vítimas é de nacionalidade portuguesa. A Flixbaça diante ainda que, apesar das condições metrológicas","10, 11",
8,477.0,837.0,07:57,13:57,360.0,6.0,19,570.0,600.0,09:30,10:00,30.0,30.0,0.08333333333333333,1.0,Justiça/Segurança,"Justiça/Segurança, Internacional",tvi acidente mortal em frança | acidente mortal em frança | tvi 20 03 | 20 03 | jornal nacional | duas pessoas morreram e há dezenas de feridos | macronal | tvi,Internacional,"Justiça/Segurança, Internacional, Transportes/Mobilidade",,,"adversas em França, este trouxe da Radovia a 63, não estava abrangido, pelas restrições de trânsito emitidas plas autoridades francesas. Certo é que este acidente Radoviário não foi o único deste amanhã. Os órgãos de comunicação social francesas falam no total a emplumenos três mortes.",11,
8,477.0,837.0,07:57,13:57,360.0,6.0,20,600.0,630.0,10:00,10:30,30.0,30.0,0.08333333333333333,1.0,Justiça/Segurança,"Justiça/Segurança, Internacional",tvi acidente mortal em frança | acidente mortal em frança | tvi 20 03 | 20 03 | jornal nacional | duas pessoas morreram e há dezenas de feridos | macronal | tvi,Governo/Partidos,"Governo/Partidos, Justiça/Segurança",,,"A mais uma surpresa na saga do julgamento do operação Marquês, o novo advogado dos S Sócrates foi hospitalizado e não tem previsão de alta. O Tribunal decidiu manter as reações e chamou-lo duas advogadas oficosas para representarem o antigo primeiro ministro. Ambas recusaram a tarefa, mas a juíza presidente determinou que uma delas garante de facto, a",12,
8,477.0,837.0,07:57,13:57,360.0,6.0,21,630.0,660.0,10:30,11:00,30.0,30.0,0.08333333333333333,1.0,Justiça/Segurança,"Justiça/Segurança, Internacional",tvi acidente mortal em frança | acidente mortal em frança | tvi 20 03 | 20 03 | jornal nacional | duas pessoas morreram e há dezenas de feridos | macronal | tvi,Justiça/Segurança,"Governo/Partidos, Saúde, Justiça/Segurança",,,"defesa de Sócrates e a próxima seção foi agendada para segunda-feira. É até prestado perfeita contra o normal funcionamento da justiça, o julgamento da operação Marqueis, voltou a ser adiado, advogado que representam o antigo Primeiro Ministro, foi internado no hospital de Santa Maria com uma peneumonia. José Preto informou o tribunal, mas não no meu único representante, a juiza tinha duas hipóteses, ou suspendi","12, 13",
8,477.0,837.0,07:57,13:57,360.0,6.0,22,660.0,690.0,11:00,11:30,30.0,30.0,0.08333333333333333,1.0,Justiça/Segurança,"Justiça/Segurança, Internacional",tvi acidente mortal em frança | acidente mortal em frança | tvi 20 03 | 20 03 | jornal nacional | duas pessoas morreram e há dezenas de feridos | macronal | tvi,Other/Unknown,,,,"o julgamento, ou chamava um defensor do Estado foi o que aconteceu. Isso é uma caricatura distisou que está a acontecer, é muito sério e deve ser elevado a série. por uma razão simples e evidente que espera toda a gente compreenda, o processo tem mais de 300 mil páginas. Ainda a","13, 14",
8,477.0,837.0,07:57,13:57,360.0,6.0,23,690.0,720.0,11:30,12:00,30.0,30.0,0.08333333333333333,1.0,Justiça/Segurança,"Justiça/Segurança, Internacional",tvi acidente mortal em frança | acidente mortal em frança | tvi 20 03 | 20 03 | jornal nacional | duas pessoas morreram e há dezenas de feridos | macronal | tvi,Justiça/Segurança,Justiça/Segurança,,CHEGA,"sessão não tinha começado e a advogada oficiosa já se tinha recusado a representar José Sócrates. O motivo é militante do chega. Fui o baita duas vezes veridor por um determinado partido político, do qual, nesta não hábit essas moções, que tem sido bastante crítica, politicamente, de todo este processo e do que está aqui, não hábit o objeto de processo e da própria pessoa avisada. E, portanto, não seria minimamente etique. Antes de ser, do chega, há advogada a potencial",14,
8,477.0,837.0,07:57,13:57,360.0,6.0,24,720.0,750.0,12:00,12:30,30.0,30.0,0.08333333333333333,1.0,Justiça/Segurança,"Justiça/Segurança, Internacional",tvi acidente mortal em frança | acidente mortal em frança | tvi 20 03 | 20 03 | jornal nacional | duas pessoas morreram e há dezenas de feridos | macronal | tvi,Justiça/Segurança,"Governo/Partidos, Justiça/Segurança",,PS,"mesmo partido que Sócrates, o PS, chegou a ser presidenta junto a de fregues e a da Asambúja, pelo Partido Socialista. Nessa altura, em 2011, há um jornal local e elogiu o homem que hoje se recusou a defender. Gustavo de conhecer melhor José Sócrates, tenho como uma pessoa inteligente, competente e como a personalidade forte. Rejeitada à defesa do Antigo I Ministro, é chamada uma nova defensor apaga pro estado desta vez, a navelio que também não se mostrou disposta",14,
8,477.0,837.0,07:57,13:57,360.0,6.0,25,750.0,780.0,12:30,13:00,30.0,30.0,0.08333333333333333,1.0,Justiça/Segurança,"Justiça/Segurança, Internacional",tvi acidente mortal em frança | acidente mortal em frança | tvi 20 03 | 20 03 | jornal nacional | duas pessoas morreram e há dezenas de feridos | macronal | tvi,Justiça/Segurança,"Justiça/Segurança, Ambiente/Meteorologia/Proteção Civil",,,"a representar José Sócrates por não conhecer o processo se usando a seca, a Presidente do Colégio de Juízes, não lhe deu hipóteses e recusou o pedido escusa. Estando de ter bom senso, não continuo a pensar em petits coisas do processo, com tudo ela que nós temos, como é, o ófio também, a juíza fez muito bem portar na lei, e também vou fazer ele que não te compete. Legal me acontecer na próxima terça feira, não sai, não sai,",14,
8,477.0,837.0,07:57,13:57,360.0,6.0,26,780.0,810.0,13:00,13:30,30.0,30.0,0.08333333333333333,1.0,Justiça/Segurança,"Justiça/Segurança, Internacional",tvi acidente mortal em frança | acidente mortal em frança | tvi 20 03 | 20 03 | jornal nacional | duas pessoas morreram e há dezenas de feridos | macronal | tvi,Justiça/Segurança,Justiça/Segurança,,,"não sai. Mas, estamos a falar com José Sócrates, vamos ver... Nós vamos recorrer, nós vamos fazer aquilo que compete fazer, o que estava a pensar, que eu iria fazer, não posso fazer outra coisa, não sei, recorrer da decisão. A navele tem cinco dias para consultar um dos processos mais mediáticos da justiça portuguesa, dia 13 é a data marcada para retomar o julgamento. E aí pode voltar a rejeitar de fender o antigo cobernante.","14, 15",
8,477.0,837.0,07:57,13:57,360.0,6.0,27,810.0,840.0,13:30,14:00,30.0,27.0,0.075,0.9,Justiça/Segurança,"Justiça/Segurança, Internacional",tvi acidente mortal em frança | acidente mortal em frança | tvi 20 03 | 20 03 | jornal nacional | duas pessoas morreram e há dezenas de feridos | macronal | tvi,Saúde,Saúde,,,"Fica também em cognitácia o advogado José Preto já estará com condições de saúde para estar presentes, a intribunal.",15,
9,837.0,873.0,13:57,14:33,36.0,0.6,27,810.0,840.0,13:30,14:00,30.0,3.0,0.08333333333333333,0.1,Economia/Proteção Social,"Economia/Proteção Social, Habitação",gram | 140 | 20 09 | 110 | novas tabelas de irs | tvi 20 09 | jornal nacional | quem ganha até 920 por mês fica isento de descontos,Saúde,Saúde,,,"Fica também em cognitácia o advogado José Preto já estará com condições de saúde para estar presentes, a intribunal.",15,
9,837.0,873.0,13:57,14:33,36.0,0.6,28,840.0,870.0,14:00,14:30,30.0,30.0,0.8333333333333334,1.0,Economia/Proteção Social,"Economia/Proteção Social, Habitação",gram | 140 | 20 09 | 110 | novas tabelas de irs | tvi 20 09 | jornal nacional | quem ganha até 920 por mês fica isento de descontos,Economia/Proteção Social,"Economia/Proteção Social, Greves/Trabalho",,,"O Dia de Reis vem com um presente especial para que enganhem até 920 euros por mês. Agora ficam os entos de RES, todos os trabalhadores e pensionistas que ganham o equivalente ao salário iminho, qualquer",16,
9,837.0,873.0,13:57,14:33,36.0,0.6,29,870.0,900.0,14:30,15:00,30.0,3.0,0.08333333333333333,0.1,Economia/Proteção Social,"Economia/Proteção Social, Habitação",gram | 140 | 20 09 | 110 | novas tabelas de irs | tvi 20 09 | jornal nacional | quem ganha até 920 por mês fica isento de descontos,Economia/Proteção Social,"Economia/Proteção Social, Greves/Trabalho",,,"coisa como 12.880 euros anuais. Deis a insenção para o alívio dos descontos, há descidas das taxas do segundo ao quinto de escalões, bem com uma atualização em cerca de 13,5% dos novos escalões de reinimento. Querem estudiar que com as novas tabelas, um trabalhador com um salário de 1.200 euros brutos solteiro e sem filhos, passa a receber mais 12 euros ao fim do mês, se ganha 1.500 euros brutos, recebe mais",16,
10,873.0,876.0,14:33,14:36,3.0,0.05,29,870.0,900.0,14:30,15:00,30.0,3.0,1.0,0.1,Other/Unknown,,20 09 | jornal nacional,Economia/Proteção Social,"Economia/Proteção Social, Greves/Trabalho",,,"coisa como 12.880 euros anuais. Deis a insenção para o alívio dos descontos, há descidas das taxas do segundo ao quinto de escalões, bem com uma atualização em cerca de 13,5% dos novos escalões de reinimento. Querem estudiar que com as novas tabelas, um trabalhador com um salário de 1.200 euros brutos solteiro e sem filhos, passa a receber mais 12 euros ao fim do mês, se ganha 1.500 euros brutos, recebe mais",16,
11,876.0,885.0,14:36,14:45,9.0,0.15,29,870.0,900.0,14:30,15:00,30.0,9.0,1.0,0.3,Other/Unknown,Economia/Proteção Social,ies declaração anual de informação contabilística e fiscal | imposto municipal sobre imposto municipal sobre | imposto sobre o valor acrescentado iva | modelos dos pedidos de alteração de morada com retroatividade | 20 09 | cidadania fiscal | imposto municipal sobre imércia | informações de suporte,Economia/Proteção Social,"Economia/Proteção Social, Greves/Trabalho",,,"coisa como 12.880 euros anuais. Deis a insenção para o alívio dos descontos, há descidas das taxas do segundo ao quinto de escalões, bem com uma atualização em cerca de 13,5% dos novos escalões de reinimento. Querem estudiar que com as novas tabelas, um trabalhador com um salário de 1.200 euros brutos solteiro e sem filhos, passa a receber mais 12 euros ao fim do mês, se ganha 1.500 euros brutos, recebe mais",16,
12,885.0,891.0,14:45,14:51,6.0,0.1,29,870.0,900.0,14:30,15:00,30.0,6.0,1.0,0.2,Other/Unknown,,tvi 20 09 | 20 10 | jornal nacional | 91111 | maa,Economia/Proteção Social,"Economia/Proteção Social, Greves/Trabalho",,,"coisa como 12.880 euros anuais. Deis a insenção para o alívio dos descontos, há descidas das taxas do segundo ao quinto de escalões, bem com uma atualização em cerca de 13,5% dos novos escalões de reinimento. Querem estudiar que com as novas tabelas, um trabalhador com um salário de 1.200 euros brutos solteiro e sem filhos, passa a receber mais 12 euros ao fim do mês, se ganha 1.500 euros brutos, recebe mais",16,
13,891.0,894.0,14:51,14:54,3.0,0.05,29,870.0,900.0,14:30,15:00,30.0,3.0,1.0,0.1,Other/Unknown,,20 10 | tvi 20 10,Economia/Proteção Social,"Economia/Proteção Social, Greves/Trabalho",,,"coisa como 12.880 euros anuais. Deis a insenção para o alívio dos descontos, há descidas das taxas do segundo ao quinto de escalões, bem com uma atualização em cerca de 13,5% dos novos escalões de reinimento. Querem estudiar que com as novas tabelas, um trabalhador com um salário de 1.200 euros brutos solteiro e sem filhos, passa a receber mais 12 euros ao fim do mês, se ganha 1.500 euros brutos, recebe mais",16,
14,894.0,1095.0,14:54,18:15,201.0,3.35,29,870.0,900.0,14:30,15:00,30.0,6.0,0.029850746268656716,0.2,Economia/Proteção Social,"Economia/Proteção Social, Greves/Trabalho, Internacional, Justiça/Segurança",tvi 20 10 | 20 10 | tvi | salário bruto 2 000 | fonte | fonte ilya | aciona | iornal,Economia/Proteção Social,"Economia/Proteção Social, Greves/Trabalho",,,"coisa como 12.880 euros anuais. Deis a insenção para o alívio dos descontos, há descidas das taxas do segundo ao quinto de escalões, bem com uma atualização em cerca de 13,5% dos novos escalões de reinimento. Querem estudiar que com as novas tabelas, um trabalhador com um salário de 1.200 euros brutos solteiro e sem filhos, passa a receber mais 12 euros ao fim do mês, se ganha 1.500 euros brutos, recebe mais",16,
14,894.0,1095.0,14:54,18:15,201.0,3.35,30,900.0,930.0,15:00,15:30,30.0,30.0,0.14925373134328357,1.0,Economia/Proteção Social,"Economia/Proteção Social, Greves/Trabalho, Internacional, Justiça/Segurança",tvi 20 10 | 20 10 | tvi | salário bruto 2 000 | fonte | fonte ilya | aciona | iornal,Economia/Proteção Social,Economia/Proteção Social,,,"13 e se ganha 2.000 euros brutos, vai ver o salário de quido aumentar mais 17 euros brumês. Os pensionistas também vão sentir o alívio com as novas tabelas de retenção na fonte. Um casal com pensões de 1.300 euros vai ver cada uma destes pensões aumentar 3 euros brumês, no caso das pensões de 1.500 euros, o alívio é de 4 euros e em pensões de 2.000 euros o aumento vai chegar",16,
14,894.0,1095.0,14:54,18:15,201.0,3.35,31,930.0,960.0,15:30,16:00,30.0,30.0,0.14925373134328357,1.0,Economia/Proteção Social,"Economia/Proteção Social, Greves/Trabalho, Internacional, Justiça/Segurança",tvi 20 10 | 20 10 | tvi | salário bruto 2 000 | fonte | fonte ilya | aciona | iornal,Economia/Proteção Social,"Economia/Proteção Social, Greves/Trabalho",,,"aos 8 euros brumês. O despacho com as tabelas de retenção publicado esta terça-feira no portal das finanças, produz efeitos a partir do dia um de janeiro. Para os pensionistas o acerto é automático quanto aos trabalhadores, se as empresas não aplicarem as novas tabelas ainda em janeiro, terão de corrigir os valores no próximo mês.",16,
14,894.0,1095.0,14:54,18:15,201.0,3.35,33,990.0,1020.0,16:30,17:00,30.0,30.0,0.14925373134328357,1.0,Economia/Proteção Social,"Economia/Proteção Social, Greves/Trabalho, Internacional, Justiça/Segurança",tvi 20 10 | 20 10 | tvi | salário bruto 2 000 | fonte | fonte ilya | aciona | iornal,Internacional,Internacional,,CHEGA,e como levamos a mostrar é mesmo assim. Uma botilla de gás botando custa em Portugal 34€ e 3 centimos um valor bem mais elevado que em Espanha onde não chega aos 16€ já para a botilla de gás pro pânio porque há gasta de 32€ e 47 centimos em Espanha pouco mais de 15€,17,
14,894.0,1095.0,14:54,18:15,201.0,3.35,34,1020.0,1050.0,17:00,17:30,30.0,30.0,0.14925373134328357,1.0,Economia/Proteção Social,"Economia/Proteção Social, Greves/Trabalho, Internacional, Justiça/Segurança",tvi 20 10 | 20 10 | tvi | salário bruto 2 000 | fonte | fonte ilya | aciona | iornal,Other/Unknown,,,,"ou seja, com o preço que paga por uma botilla em Portugal no país vizinho, traz duas e ainda ele sobra dinheiro em apenas 5 anos a entidade de remuladora dos serviços inergéticos regista subidas de 36% no caso do boteno e quase 28% no propeno em Portugal. Mas não é só no gás que se registam estas diferenças com os pressilovados dos combustíveis os portugueses continuam abastecêro o carro do outro lado da fronteira.",17,
14,894.0,1095.0,14:54,18:15,201.0,3.35,35,1050.0,1080.0,17:30,18:00,30.0,30.0,0.14925373134328357,1.0,Economia/Proteção Social,"Economia/Proteção Social, Greves/Trabalho, Internacional, Justiça/Segurança",tvi 20 10 | 20 10 | tvi | salário bruto 2 000 | fonte | fonte ilya | aciona | iornal,Internacional,Internacional,,,"Eu que faço bastantes quilômetros por dia, vale a pena, sem dúvida. É a única coisa que vêm fazer a Espanha, se além de passear é mesmo por gasolina. A quem não pensa assim, e até para ir ao supermercado, prefira fazer mais quilômetros. Eu sou de Braque, e realmente vêm muito longe, porque com pensa... Onibel de latissínios, de bolhaios, de",18,
14,894.0,1095.0,14:54,18:15,201.0,3.35,36,1080.0,1110.0,18:00,18:30,30.0,15.0,0.07462686567164178,0.5,Economia/Proteção Social,"Economia/Proteção Social, Greves/Trabalho, Internacional, Justiça/Segurança",tvi 20 10 | 20 10 | tvi | salário bruto 2 000 | fonte | fonte ilya | aciona | iornal,Economia/Proteção Social,"Economia/Proteção Social, Internacional",,LIVRE,"produtos de gênero, faz muita diferença no nosso orçamento familiar. Há várias explicações para a diferença de preços nos combustíveis. Em Espanha, o mercado é tabulado e regulado pelo Estado. Em Portugal, é livre.",18,
15,1095.0,1242.0,18:15,20:42,147.0,2.45,36,1080.0,1110.0,18:00,18:30,30.0,15.0,0.10204081632653061,0.5,Economia/Proteção Social,Economia/Proteção Social,alerta para portugal | 20 13 | jornal nacional | tvi alerta para portugal | tvi 20 13 | ocde pede prudência orçamental | tri | tvi,Economia/Proteção Social,"Economia/Proteção Social, Internacional",,LIVRE,"produtos de gênero, faz muita diferença no nosso orçamento familiar. Há várias explicações para a diferença de preços nos combustíveis. Em Espanha, o mercado é tabulado e regulado pelo Estado. Em Portugal, é livre.",18,
15,1095.0,1242.0,18:15,20:42,147.0,2.45,37,1110.0,1140.0,18:30,19:00,30.0,30.0,0.20408163265306123,1.0,Economia/Proteção Social,Economia/Proteção Social,alerta para portugal | 20 13 | jornal nacional | tvi alerta para portugal | tvi 20 13 | ocde pede prudência orçamental | tri | tvi,Economia/Proteção Social,Economia/Proteção Social,,,"Não há comolhar para o nosso país sem passar por um setor incrível. No relatório do OCD, sobre o panorama português, habita são sures como uma das maiores fragilidades da economia. Para reiras estruturais ao investimento, baixa produtividade na construção, atrazo no licenciamento e o número reduzido de novos fogos estão entre os óbstacles identificados. Algo que pode parecer um paradoxo, uma vez que o Portugal é",19,
15,1095.0,1242.0,18:15,20:42,147.0,2.45,38,1140.0,1170.0,19:00,19:30,30.0,30.0,0.20408163265306123,1.0,Economia/Proteção Social,Economia/Proteção Social,alerta para portugal | 20 13 | jornal nacional | tvi alerta para portugal | tvi 20 13 | ocde pede prudência orçamental | tri | tvi,Other/Unknown,,,,"um dos países do OCD com maior se toque de casas por habitante, ou seja, até a imóveis, mas nascem asessíveis nem têm condições de habitabilidade. Partindo deste problema, surge a primeira solução a aumentar as taxas efetivas sobre imóveis subutilizados e a seguintes. Recumendamos um conjunto de reformos que incluem oumentar a oferta. Por outro lado, reduzir a","19, 20",
15,1095.0,1242.0,18:15,20:42,147.0,2.45,39,1170.0,1200.0,19:30,20:00,30.0,30.0,0.20408163265306123,1.0,Economia/Proteção Social,Economia/Proteção Social,alerta para portugal | 20 13 | jornal nacional | tvi alerta para portugal | tvi 20 13 | ocde pede prudência orçamental | tri | tvi,Governo/Partidos,"Governo/Partidos, Economia/Proteção Social",,,"carga fiscal sobre as transações como EMT e aumentar a tributação sobre a propriedade como EMI. A política fiscal é uma outra preocupação levantada pela OCD. Organização pede prudência orçamental e suger que o governo ponde-a hermedidas expansionistas como novas reduções do IRC e do IRS jovem. O escutivo não tence na cumprir. Redissão do ir a reácido e a receia são medidas estruturantes, são medidas bandeiras deste governo, que estão presentes nas","20, 21",
15,1095.0,1242.0,18:15,20:42,147.0,2.45,40,1200.0,1230.0,20:00,20:30,30.0,30.0,0.20408163265306123,1.0,Economia/Proteção Social,Economia/Proteção Social,alerta para portugal | 20 13 | jornal nacional | tvi alerta para portugal | tvi 20 13 | ocde pede prudência orçamental | tri | tvi,Abertura/Manchetes,"Abertura/Manchetes, Governo/Partidos",,,"programas primeiro-electroídicas e depois do governo, e portanto são medidas que são para implementar e depois farsiar a gestão orcemental necessária. O Sator do trabalho também está em destaque nos estudo da OCD. Portugal tem um mercado robusto, mas a organização pede novamente ou emite gradual das formas e despadas.",21,
15,1095.0,1242.0,18:15,20:42,147.0,2.45,41,1230.0,1260.0,20:30,21:00,30.0,12.0,0.08163265306122448,0.4,Economia/Proteção Social,Economia/Proteção Social,alerta para portugal | 20 13 | jornal nacional | tvi alerta para portugal | tvi 20 13 | ocde pede prudência orçamental | tri | tvi,Eleições/Campanha,Eleições/Campanha,,,"Há mudanças curtas, mas são o suficiente para alguns candidatos de mudar a imposição. Vamos lá ver então. Então, nos ver",22,
16,1242.0,1251.0,20:42,20:51,9.0,0.15,41,1230.0,1260.0,20:30,21:00,30.0,9.0,1.0,0.3,Other/Unknown,,tvi 20 15 | 20 16 | jornal nacional | tvi 20 16,Eleições/Campanha,Eleições/Campanha,,,"Há mudanças curtas, mas são o suficiente para alguns candidatos de mudar a imposição. Vamos lá ver então. Então, nos ver",22,
17,1251.0,1281.0,20:51,21:21,30.0,0.5,41,1230.0,1260.0,20:30,21:00,30.0,9.0,0.3,0.3,Eleições/Campanha,Eleições/Campanha,tvi 20 16 | presidenciais 26 | 20 16 | ais 26 | andre ventura couvera e melo | jornal nacional | 20 7 18 4 18 3 cotrim from 18 3 | widne vehicita,Eleições/Campanha,Eleições/Campanha,,,"Há mudanças curtas, mas são o suficiente para alguns candidatos de mudar a imposição. Vamos lá ver então. Então, nos ver",22,
17,1251.0,1281.0,20:51,21:21,30.0,0.5,42,1260.0,1290.0,21:00,21:30,30.0,21.0,0.7,0.7,Eleições/Campanha,Eleições/Campanha,tvi 20 16 | presidenciais 26 | 20 16 | ais 26 | andre ventura couvera e melo | jornal nacional | 20 7 18 4 18 3 cotrim from 18 3 | widne vehicita,Other/Unknown,,,,"seguro, construída o primeiro lugar só, obligadamente, está nos 20,7 relativamente ao dia de ondas. Mas depois, govei e mel e andréventura trocam de posições. Não porque andréventura tenha subido ele até de cheio, mas govei e mel o cheio mais relativamente ao dia de ondas dos 19.2 para os 18.3. Curiosidade, ficou agora empatado com o 30-figureto, que está aqui numa rampa de lançamento de disputar o terceiro lugar, exatamente os mesmos pontos que o almeirante govei e mel. Outra nota, marques menos, volta a tecer, ele tinha 15,4 ontem passa",22,
18,1281.0,1287.0,21:21,21:27,6.0,0.1,42,1260.0,1290.0,21:00,21:30,30.0,6.0,1.0,0.2,Other/Unknown,,18 9 | 19 2 | otrim figueiredo | 20 16 | 20 7 tvi 9 3 | 118 4 | ant josé seguro | figueiredo,Other/Unknown,,,,"seguro, construída o primeiro lugar só, obligadamente, está nos 20,7 relativamente ao dia de ondas. Mas depois, govei e mel e andréventura trocam de posições. Não porque andréventura tenha subido ele até de cheio, mas govei e mel o cheio mais relativamente ao dia de ondas dos 19.2 para os 18.3. Curiosidade, ficou agora empatado com o 30-figureto, que está aqui numa rampa de lançamento de disputar o terceiro lugar, exatamente os mesmos pontos que o almeirante govei e mel. Outra nota, marques menos, volta a tecer, ele tinha 15,4 ontem passa",22,
19,1287.0,1338.0,21:27,22:18,51.0,0.85,42,1260.0,1290.0,21:00,21:30,30.0,3.0,0.058823529411764705,0.1,Other/Unknown,,18 9 | 120 7 | 20 16 | tvi 19 3 | 19 2 | 18 4 | andre ventura | continue view,Other/Unknown,,,,"seguro, construída o primeiro lugar só, obligadamente, está nos 20,7 relativamente ao dia de ondas. Mas depois, govei e mel e andréventura trocam de posições. Não porque andréventura tenha subido ele até de cheio, mas govei e mel o cheio mais relativamente ao dia de ondas dos 19.2 para os 18.3. Curiosidade, ficou agora empatado com o 30-figureto, que está aqui numa rampa de lançamento de disputar o terceiro lugar, exatamente os mesmos pontos que o almeirante govei e mel. Outra nota, marques menos, volta a tecer, ele tinha 15,4 ontem passa",22,
19,1287.0,1338.0,21:27,22:18,51.0,0.85,43,1290.0,1320.0,21:30,22:00,30.0,30.0,0.5882352941176471,1.0,Other/Unknown,,18 9 | 120 7 | 20 16 | tvi 19 3 | 19 2 | 18 4 | andre ventura | continue view,Eleições/Campanha,Eleições/Campanha,,,"para os 15.1. Isso são apenas dois dias, depois nós vamos olhar para as curvas de cada um, este é apenas duas fotografias que tiramos, vai ser mais interessante quando tivermos várias para perceber ascendências de subida e de chida. Já agora vamos olhar para os restantes candidatos, só para perceber aqui também duas curiosidades a primeira, e ontem dizia que nenhum deles tinha conseguido subir a cima dos 3% dos candidatos que estão mais abaixo nesta tabela, nenhum deles tinha conseguido subir a cima dos 3%, mas a verdade é que",22,
19,1287.0,1338.0,21:27,22:18,51.0,0.85,44,1320.0,1350.0,22:00,22:30,30.0,18.0,0.35294117647058826,0.6,Other/Unknown,,18 9 | 120 7 | 20 16 | tvi 19 3 | 19 2 | 18 4 | andre ventura | continue view,Eleições/Campanha,Eleições/Campanha,Catarina Martins,PCP/CDU,"nessa onda de hoje o candidato do PCP, Antônio Flip consegue 3,5%, ou seja, ultra-passa de catarina martins, que mantém exatamente os mesmos de 2,9 de ontem e depois outra nota, John Spinto. E manuals vão ver, este é um empatadíssimo, um 1,3%, embora hámos-teim um descido relativamente ao dia de ontem esta sonagem. De pita górica para a TVX, CNN, Portugal, JTN e ETSF foi feito nos dias 3, 4 e 5 de janeiro à mostra composta por 68 entrevistas. A margem de erro é de 4,06% para um nível de",22,
20,1338.0,2142.0,22:18,35:42,804.0,13.4,44,1320.0,1350.0,22:00,22:30,30.0,12.0,0.014925373134328358,0.4,Eleições/Campanha,"Eleições/Campanha, Sondagens",2 9 | 20 17 | tvi | plano amostral as entrevistas são recolhidas através de entrevista telefónica cati | computer assisted telephone interviewing | a seleção dos entrevistados foi realizada através de geração aleatória de números de telemóvel mantendo a proporção dos 3 principais operadores móveis sempre que necessário foram selecionados aleatoriamente números fixo | o estudo tem como objetivo avaliar a opinião dos eleitores portugueses sobre temas | relacionados com as eleições presidenciais no,Eleições/Campanha,Eleições/Campanha,Catarina Martins,PCP/CDU,"nessa onda de hoje o candidato do PCP, Antônio Flip consegue 3,5%, ou seja, ultra-passa de catarina martins, que mantém exatamente os mesmos de 2,9 de ontem e depois outra nota, John Spinto. E manuals vão ver, este é um empatadíssimo, um 1,3%, embora hámos-teim um descido relativamente ao dia de ontem esta sonagem. De pita górica para a TVX, CNN, Portugal, JTN e ETSF foi feito nos dias 3, 4 e 5 de janeiro à mostra composta por 68 entrevistas. A margem de erro é de 4,06% para um nível de",22,
20,1338.0,2142.0,22:18,35:42,804.0,13.4,45,1350.0,1380.0,22:30,23:00,30.0,30.0,0.03731343283582089,1.0,Eleições/Campanha,"Eleições/Campanha, Sondagens",2 9 | 20 17 | tvi | plano amostral as entrevistas são recolhidas através de entrevista telefónica cati | computer assisted telephone interviewing | a seleção dos entrevistados foi realizada através de geração aleatória de números de telemóvel mantendo a proporção dos 3 principais operadores móveis sempre que necessário foram selecionados aleatoriamente números fixo | o estudo tem como objetivo avaliar a opinião dos eleitores portugueses sobre temas | relacionados com as eleições presidenciais no,Other/Unknown,,,,"confiança de 95,5%.",22,
20,1338.0,2142.0,22:18,35:42,804.0,13.4,52,1560.0,1590.0,26:00,26:30,30.0,30.0,0.03731343283582089,1.0,Eleições/Campanha,"Eleições/Campanha, Sondagens",2 9 | 20 17 | tvi | plano amostral as entrevistas são recolhidas através de entrevista telefónica cati | computer assisted telephone interviewing | a seleção dos entrevistados foi realizada através de geração aleatória de números de telemóvel mantendo a proporção dos 3 principais operadores móveis sempre que necessário foram selecionados aleatoriamente números fixo | o estudo tem como objetivo avaliar a opinião dos eleitores portugueses sobre temas | relacionados com as eleições presidenciais no,Eleições/Campanha,Eleições/Campanha,André Ventura,,"Não pode haver candidatos títobiantes. Eu estou a falar de um candidato que é uma candidata humana, que é a área socialista que no passado não defendeu a sua própria área, foi para além da troika e não tinha de cidade disso. Mas também há mim nos para os outros adversárias. Eu acho que o Dr. André Ventura nunca será presente na República,",23,
20,1338.0,2142.0,22:18,35:42,804.0,13.4,53,1590.0,1620.0,26:30,27:00,30.0,30.0,0.03731343283582089,1.0,Eleições/Campanha,"Eleições/Campanha, Sondagens",2 9 | 20 17 | tvi | plano amostral as entrevistas são recolhidas através de entrevista telefónica cati | computer assisted telephone interviewing | a seleção dos entrevistados foi realizada através de geração aleatória de números de telemóvel mantendo a proporção dos 3 principais operadores móveis sempre que necessário foram selecionados aleatoriamente números fixo | o estudo tem como objetivo avaliar a opinião dos eleitores portugueses sobre temas | relacionados com as eleições presidenciais no,Eleições/Campanha,Eleições/Campanha,,,"por isso esse prigo não parece um grande prigo. Críticas ainda para marcimentos? Se há uma candidata, candidato é um gasto de Estado.",23,
20,1338.0,2142.0,22:18,35:42,804.0,13.4,57,1710.0,1740.0,28:30,29:00,30.0,30.0,0.03731343283582089,1.0,Eleições/Campanha,"Eleições/Campanha, Sondagens",2 9 | 20 17 | tvi | plano amostral as entrevistas são recolhidas através de entrevista telefónica cati | computer assisted telephone interviewing | a seleção dos entrevistados foi realizada através de geração aleatória de números de telemóvel mantendo a proporção dos 3 principais operadores móveis sempre que necessário foram selecionados aleatoriamente números fixo | o estudo tem como objetivo avaliar a opinião dos eleitores portugueses sobre temas | relacionados com as eleições presidenciais no,Eleições/Campanha,"Eleições/Campanha, Economia/Proteção Social",,,"E o nome é Ismarque Smentos e por isso saiu o ataque sobre um evento al chumo do próximo orçamento. Este é só o Ismarque Smentos, a criada tirava Fumaça, só Fumaça, para não nos petiram as eleições presidenciais. Nós temos que ser liais, quando estamos em cima e embaixo. O Ismarque Smentos, nunca quis falar disso até agora. Agora passou para quinto aos seus nascionagens,",24,
20,1338.0,2142.0,22:18,35:42,804.0,13.4,58,1740.0,1770.0,29:00,29:30,30.0,30.0,0.03731343283582089,1.0,Eleições/Campanha,"Eleições/Campanha, Sondagens",2 9 | 20 17 | tvi | plano amostral as entrevistas são recolhidas através de entrevista telefónica cati | computer assisted telephone interviewing | a seleção dos entrevistados foi realizada através de geração aleatória de números de telemóvel mantendo a proporção dos 3 principais operadores móveis sempre que necessário foram selecionados aleatoriamente números fixo | o estudo tem como objetivo avaliar a opinião dos eleitores portugueses sobre temas | relacionados com as eleições presidenciais no,Economia/Proteção Social,Economia/Proteção Social,André Ventura,CHEGA,"quer falar do orçamento do Estado, e quero para pensar que isso menta-la, por ser líder do chega. Vou dizer uma coisa aos marcos mentos, tem que ser muito pimenta-la, que ser muito politicamente, politicamente, para menta-la. Mas vai mais longe. A contrário do que disse que a vaca se olva na da aventura, garante que nem francisco, sacaneiro, apoiaria marcos mentos e mais de pressa, voltaria na sua candidatura.",24,
20,1338.0,2142.0,22:18,35:42,804.0,13.4,59,1770.0,1800.0,29:30,30:00,30.0,30.0,0.03731343283582089,1.0,Eleições/Campanha,"Eleições/Campanha, Sondagens",2 9 | 20 17 | tvi | plano amostral as entrevistas são recolhidas através de entrevista telefónica cati | computer assisted telephone interviewing | a seleção dos entrevistados foi realizada através de geração aleatória de números de telemóvel mantendo a proporção dos 3 principais operadores móveis sempre que necessário foram selecionados aleatoriamente números fixo | o estudo tem como objetivo avaliar a opinião dos eleitores portugueses sobre temas | relacionados com as eleições presidenciais no,Eleições/Campanha,Eleições/Campanha,,,"Assim segue o trinte figuredo, para já longe das multidões dos comícios ou ruadas, a tarde é dedicada a liga dos combatentes. A verdade é a verdade, muito bem. Então vindo para a dica. É o único candidato que fazer esta visita. Espera também",25,
20,1338.0,2142.0,22:18,35:42,804.0,13.4,60,1800.0,1830.0,30:00,30:30,30.0,30.0,0.03731343283582089,1.0,Eleições/Campanha,"Eleições/Campanha, Sondagens",2 9 | 20 17 | tvi | plano amostral as entrevistas são recolhidas através de entrevista telefónica cati | computer assisted telephone interviewing | a seleção dos entrevistados foi realizada através de geração aleatória de números de telemóvel mantendo a proporção dos 3 principais operadores móveis sempre que necessário foram selecionados aleatoriamente números fixo | o estudo tem como objetivo avaliar a opinião dos eleitores portugueses sobre temas | relacionados com as eleições presidenciais no,Other/Unknown,,,,"ter aqui uma placa, Ricardo Camusão. Essa é a placa, não depende de mim. Estar na função que possa permitir a liga decidir convidar-me, sim.",25,
20,1338.0,2142.0,22:18,35:42,804.0,13.4,61,1830.0,1860.0,30:30,31:00,30.0,30.0,0.03731343283582089,1.0,Eleições/Campanha,"Eleições/Campanha, Sondagens",2 9 | 20 17 | tvi | plano amostral as entrevistas são recolhidas através de entrevista telefónica cati | computer assisted telephone interviewing | a seleção dos entrevistados foi realizada através de geração aleatória de números de telemóvel mantendo a proporção dos 3 principais operadores móveis sempre que necessário foram selecionados aleatoriamente números fixo | o estudo tem como objetivo avaliar a opinião dos eleitores portugueses sobre temas | relacionados com as eleições presidenciais no,Governo/Partidos,"Governo/Partidos, Educação",,,"Eu não vou falar do que não é tolerável para o professor Cavaccileva. Lembra-me também dos seus consolados, que é como Prime Ministro, que é como o Presidente de Aébrica, sobretudo como Prime Ministro, a forte carga reformista que tiveram seus governos, e da forma como Portugal se desenvolveu nessa altura, prefiro guardar a memória desse tempo. E tem a certeza que a memória desse tempo, rapidos, está mais representada na minha quinta-tura do que notra. E para que fique claro, sublinha e avisa.",26,
20,1338.0,2142.0,22:18,35:42,804.0,13.4,62,1860.0,1890.0,31:00,31:30,30.0,30.0,0.03731343283582089,1.0,Eleições/Campanha,"Eleições/Campanha, Sondagens",2 9 | 20 17 | tvi | plano amostral as entrevistas são recolhidas através de entrevista telefónica cati | computer assisted telephone interviewing | a seleção dos entrevistados foi realizada através de geração aleatória de números de telemóvel mantendo a proporção dos 3 principais operadores móveis sempre que necessário foram selecionados aleatoriamente números fixo | o estudo tem como objetivo avaliar a opinião dos eleitores portugueses sobre temas | relacionados com as eleições presidenciais no,Sondagens,Sondagens,,,"O que tem no direto e todos os portugueses têm no direto de escolher as pessoas que os inspiram nos quais se revém, sem se cuidar se isso é usorpar ou não o patrimônio do outro estetidismo, do outro partido, do outro fares da vida, não? Tenho o direito de poder dizer, há coisas na maneira de estar na política, na verticalidade, na frontalidade, na forma arrojada, na falta de medo que sacanertinha, reveja o menino. Em buido nesse espírito combative e embalado pelas sondagens, o trinte figuredo diz não ter dúvidas que",27,
20,1338.0,2142.0,22:18,35:42,804.0,13.4,63,1890.0,1920.0,31:30,32:00,30.0,30.0,0.03731343283582089,1.0,Eleições/Campanha,"Eleições/Campanha, Sondagens",2 9 | 20 17 | tvi | plano amostral as entrevistas são recolhidas através de entrevista telefónica cati | computer assisted telephone interviewing | a seleção dos entrevistados foi realizada através de geração aleatória de números de telemóvel mantendo a proporção dos 3 principais operadores móveis sempre que necessário foram selecionados aleatoriamente números fixo | o estudo tem como objetivo avaliar a opinião dos eleitores portugueses sobre temas | relacionados com as eleições presidenciais no,Eleições/Campanha,Eleições/Campanha,,,a luta vai mesmo ser feita a cinco candidatos.,27,
20,1338.0,2142.0,22:18,35:42,804.0,13.4,64,1920.0,1950.0,32:00,32:30,30.0,30.0,0.03731343283582089,1.0,Eleições/Campanha,"Eleições/Campanha, Sondagens",2 9 | 20 17 | tvi | plano amostral as entrevistas são recolhidas através de entrevista telefónica cati | computer assisted telephone interviewing | a seleção dos entrevistados foi realizada através de geração aleatória de números de telemóvel mantendo a proporção dos 3 principais operadores móveis sempre que necessário foram selecionados aleatoriamente números fixo | o estudo tem como objetivo avaliar a opinião dos eleitores portugueses sobre temas | relacionados com as eleições presidenciais no,Other/Unknown,,,,Eu tava falar assim e não te trazeria ele. tava,28,
20,1338.0,2142.0,22:18,35:42,804.0,13.4,65,1950.0,1980.0,32:30,33:00,30.0,30.0,0.03731343283582089,1.0,Eleições/Campanha,"Eleições/Campanha, Sondagens",2 9 | 20 17 | tvi | plano amostral as entrevistas são recolhidas através de entrevista telefónica cati | computer assisted telephone interviewing | a seleção dos entrevistados foi realizada através de geração aleatória de números de telemóvel mantendo a proporção dos 3 principais operadores móveis sempre que necessário foram selecionados aleatoriamente números fixo | o estudo tem como objetivo avaliar a opinião dos eleitores portugueses sobre temas | relacionados com as eleições presidenciais no,Eleições/Campanha,"Eleições/Campanha, Sondagens",,,"falar de mim. tava e eu gosto muito de ler lá. não me dá bem ao mal, vamos lá. bem. acho que ele vai falar ficar. pra mim ia ficar lá. mesmo com o passadera Vermelha estendida, marqueçamentos de tropeça nas sondagens. agora é mais do que nunca preciso reunir. vou ir leituar do PST. com a disposição de votos, evidentemente, que eu corro riscos de perder ele. com a concentração de fotos. Então, eu ganho, provavelmente, a eleição. A dramatização do discurso é cada vez mais forte. E no toque","28, 29",
20,1338.0,2142.0,22:18,35:42,804.0,13.4,66,1980.0,2010.0,33:00,33:30,30.0,30.0,0.03731343283582089,1.0,Eleições/Campanha,"Eleições/Campanha, Sondagens",2 9 | 20 17 | tvi | plano amostral as entrevistas são recolhidas através de entrevista telefónica cati | computer assisted telephone interviewing | a seleção dos entrevistados foi realizada através de geração aleatória de números de telemóvel mantendo a proporção dos 3 principais operadores móveis sempre que necessário foram selecionados aleatoriamente números fixo | o estudo tem como objetivo avaliar a opinião dos eleitores portugueses sobre temas | relacionados com as eleições presidenciais no,Eleições/Campanha,Eleições/Campanha,,,"reunir, a ultrisséria de campanha. Apoi o estudo de todo lado. Brindemos outro índio, campeão. Está a ver? O está aqui do Arbarroso, todos sabemos de quem era. Sobrinho. Eu tenho os nomes do passado, do presente e do futuro.",29,
20,1338.0,2142.0,22:18,35:42,804.0,13.4,68,2040.0,2070.0,34:00,34:30,30.0,30.0,0.03731343283582089,1.0,Eleições/Campanha,"Eleições/Campanha, Sondagens",2 9 | 20 17 | tvi | plano amostral as entrevistas são recolhidas através de entrevista telefónica cati | computer assisted telephone interviewing | a seleção dos entrevistados foi realizada através de geração aleatória de números de telemóvel mantendo a proporção dos 3 principais operadores móveis sempre que necessário foram selecionados aleatoriamente números fixo | o estudo tem como objetivo avaliar a opinião dos eleitores portugueses sobre temas | relacionados com as eleições presidenciais no,Other/Unknown,,,,Era bom que,30,
20,1338.0,2142.0,22:18,35:42,804.0,13.4,69,2070.0,2100.0,34:30,35:00,30.0,30.0,0.03731343283582089,1.0,Eleições/Campanha,"Eleições/Campanha, Sondagens",2 9 | 20 17 | tvi | plano amostral as entrevistas são recolhidas através de entrevista telefónica cati | computer assisted telephone interviewing | a seleção dos entrevistados foi realizada através de geração aleatória de números de telemóvel mantendo a proporção dos 3 principais operadores móveis sempre que necessário foram selecionados aleatoriamente números fixo | o estudo tem como objetivo avaliar a opinião dos eleitores portugueses sobre temas | relacionados com as eleições presidenciais no,Eleições/Campanha,"Eleições/Campanha, Economia/Proteção Social",,,"ela ganhasse. Eu tenho uma promessa ao Santanto. Mas como ninguém sabe o que o futuro reserva? Acham daagens, não são a primeira volta das eleições. Ainda ninguém, tenho um único voto. O trumfu é relembrar o passado para apular ao voto. A Torne Jéssego revoltou ontem a dizer que, se orgulha de ter apoiado, o corte de subsídio de férios e subsídio de Natal, contra a constituição da República Portuguesa. A minha especinha conhecem.",30,
20,1338.0,2142.0,22:18,35:42,804.0,13.4,70,2100.0,2130.0,35:00,35:30,30.0,30.0,0.03731343283582089,1.0,Eleições/Campanha,"Eleições/Campanha, Sondagens",2 9 | 20 17 | tvi | plano amostral as entrevistas são recolhidas através de entrevista telefónica cati | computer assisted telephone interviewing | a seleção dos entrevistados foi realizada através de geração aleatória de números de telemóvel mantendo a proporção dos 3 principais operadores móveis sempre que necessário foram selecionados aleatoriamente números fixo | o estudo tem como objetivo avaliar a opinião dos eleitores portugueses sobre temas | relacionados com as eleições presidenciais no,Economia/Proteção Social,"Eleições/Campanha, Economia/Proteção Social, Justiça/Segurança",,,"Quando isso aconteceu, eu ajuntei forças, conselistas, para ir ao Tribunal Constitucional e devolver o subsídio de férios e subsídio Natal, que tinha sido cortado. Preocupações, partilhadas pelo adversário António Flip, que preferir desvalorizar os apelos para uma convergência de votos à esquerda.",30,
20,1338.0,2142.0,22:18,35:42,804.0,13.4,71,2130.0,2160.0,35:30,36:00,30.0,12.0,0.014925373134328358,0.4,Eleições/Campanha,"Eleições/Campanha, Sondagens",2 9 | 20 17 | tvi | plano amostral as entrevistas são recolhidas através de entrevista telefónica cati | computer assisted telephone interviewing | a seleção dos entrevistados foi realizada através de geração aleatória de números de telemóvel mantendo a proporção dos 3 principais operadores móveis sempre que necessário foram selecionados aleatoriamente números fixo | o estudo tem como objetivo avaliar a opinião dos eleitores portugueses sobre temas | relacionados com as eleições presidenciais no,Internacional,Internacional,,,Na Venezuela aumenta o receio de que o regime da delas e rodrigas se tainha vendido a Donald Trump. Os,31,
21,2142.0,2157.0,35:42,35:57,15.0,0.25,71,2130.0,2160.0,35:30,36:00,30.0,15.0,1.0,0.5,Other/Unknown,,tvi 20 30 | usa bloco de cimento para matar ama | 20 30 | 20 31 | jornal nacional | tvi 20 31 | 0 754,Internacional,Internacional,,,Na Venezuela aumenta o receio de que o regime da delas e rodrigas se tainha vendido a Donald Trump. Os,31,
22,2157.0,2217.0,35:57,36:57,60.0,1.0,71,2130.0,2160.0,35:30,36:00,30.0,3.0,0.05,0.1,Governo/Partidos,"Internacional, Governo/Partidos",tvi 20 31 | machado agradece a trump | 20 31 | nacional | jornal nacional | tvi machado agradece a trump | tvi 20 31 machado agradece a trump | líder da oposição diz que regressa em breve ao país,Internacional,Internacional,,,Na Venezuela aumenta o receio de que o regime da delas e rodrigas se tainha vendido a Donald Trump. Os,31,
22,2157.0,2217.0,35:57,36:57,60.0,1.0,72,2160.0,2190.0,36:00,36:30,30.0,30.0,0.5,1.0,Governo/Partidos,"Internacional, Governo/Partidos",tvi 20 31 | machado agradece a trump | 20 31 | nacional | jornal nacional | tvi machado agradece a trump | tvi 20 31 machado agradece a trump | líder da oposição diz que regressa em breve ao país,Internacional,"Internacional, Ambiente/Meteorologia/Proteção Civil",,,"opositors derunciam a presença de milícias armadas nas ruas. É neste cenário que Maria Corina Machado anunciou que a tenciona regra-se rápido e da mental país, apesar de Trump inserir que são necessados nítios que agora governam a Venezuela. Em Caracas, o clima do incertez é tanto que uma simples confusão entre os diferentes serviços de segurança fieza Maduro, levaram-nos a acionar as fezes antiérias para combater um drone que final era inofensivo.",31,
22,2157.0,2217.0,35:57,36:57,60.0,1.0,73,2190.0,2220.0,36:30,37:00,30.0,27.0,0.45,0.9,Governo/Partidos,"Internacional, Governo/Partidos",tvi 20 31 | machado agradece a trump | 20 31 | nacional | jornal nacional | tvi machado agradece a trump | tvi 20 31 machado agradece a trump | líder da oposição diz que regressa em breve ao país,Internacional,Internacional,,,"desde a operação militar dos Estados Unidos ou Sábado, que a Venezuela vive em permanente estado de alerta e solução. Mas a ameaça que fez até acionar a defesa antiaéria, afinal, não passou de uma falha de comunicação entre os diferentes serviços de segurança, ligados ao regime de Maduro, que se multipliquem apelos e exigências aos Estados Unidos. Dicha captura ha sido totalmente nula, violatoria",32,
23,2217.0,2226.0,36:57,37:06,9.0,0.15,73,2190.0,2220.0,36:30,37:00,30.0,3.0,0.3333333333333333,0.1,Other/Unknown,,acto de notificesta captura foi dano | estro portal web www vtv gob ve | totalmente nula | 20 32 | jornal nacional | viv uob ve | en redes sociales i | portal web www vtv gob ve,Internacional,Internacional,,,"desde a operação militar dos Estados Unidos ou Sábado, que a Venezuela vive em permanente estado de alerta e solução. Mas a ameaça que fez até acionar a defesa antiaéria, afinal, não passou de uma falha de comunicação entre os diferentes serviços de segurança, ligados ao regime de Maduro, que se multipliquem apelos e exigências aos Estados Unidos. Dicha captura ha sido totalmente nula, violatoria",32,
23,2217.0,2226.0,36:57,37:06,9.0,0.15,74,2220.0,2250.0,37:00,37:30,30.0,6.0,0.6666666666666666,0.2,Other/Unknown,,acto de notificesta captura foi dano | estro portal web www vtv gob ve | totalmente nula | 20 32 | jornal nacional | viv uob ve | en redes sociales i | portal web www vtv gob ve,Governo/Partidos,"Governo/Partidos, Internacional",,,"do Direito Internacional. Apesar de um regime não terem ainda cair do, a oposição celebra a captura de Nicolás Maduro. Maria Corina Machado, líder do oposição, promete repissar ao país depois de 16 meses a viver na equilentinidade. Um plano que vai para a sua elhetção, como é possível. January 3rd, vai ser o encontro de uma história, como o dia de Jocelyn, confinada em a tyranny. Mas Donald Trump, que diz que vai liderar a Venezuela durante o","32, 33",
24,2226.0,2247.0,37:06,37:27,21.0,0.35,74,2220.0,2250.0,37:00,37:30,30.0,21.0,1.0,0.7,Other/Unknown,Justiça/Segurança,tiroteio em caracas | tvi 20 32 | 20 32 | jornal nacional | king | tiroteio em caracas anear regressar venezuela na mautiado | tvi | estou a planear regressar à venezuela na mautiado,Governo/Partidos,"Governo/Partidos, Internacional",,,"do Direito Internacional. Apesar de um regime não terem ainda cair do, a oposição celebra a captura de Nicolás Maduro. Maria Corina Machado, líder do oposição, promete repissar ao país depois de 16 meses a viver na equilentinidade. Um plano que vai para a sua elhetção, como é possível. January 3rd, vai ser o encontro de uma história, como o dia de Jocelyn, confinada em a tyranny. Mas Donald Trump, que diz que vai liderar a Venezuela durante o","32, 33",
25,2247.0,2280.0,37:27,38:00,33.0,0.55,74,2220.0,2250.0,37:00,37:30,30.0,3.0,0.09090909090909091,0.1,Eleições/Campanha,"Eleições/Campanha, Internacional",futuro da venez | tvi 20 32 | futuro da venezuela | tvi futuro da venezuela | 20 32 | jornal nacional | tri imp afasta novas fi ficões nos próximos 30 dias | trump afasta novas eleições nos próximos 30 dias,Governo/Partidos,"Governo/Partidos, Internacional",,,"do Direito Internacional. Apesar de um regime não terem ainda cair do, a oposição celebra a captura de Nicolás Maduro. Maria Corina Machado, líder do oposição, promete repissar ao país depois de 16 meses a viver na equilentinidade. Um plano que vai para a sua elhetção, como é possível. January 3rd, vai ser o encontro de uma história, como o dia de Jocelyn, confinada em a tyranny. Mas Donald Trump, que diz que vai liderar a Venezuela durante o","32, 33",
25,2247.0,2280.0,37:27,38:00,33.0,0.55,75,2250.0,2280.0,37:30,38:00,30.0,30.0,0.9090909090909091,1.0,Eleições/Campanha,"Eleições/Campanha, Internacional",futuro da venez | tvi 20 32 | futuro da venezuela | tvi futuro da venezuela | 20 32 | jornal nacional | tri imp afasta novas fi ficões nos próximos 30 dias | trump afasta novas eleições nos próximos 30 dias,Internacional,"Eleições/Campanha, Governo/Partidos, Internacional",,,"período de transição, a festa Corina Machado de um eventual novo governo. Washington, pressiona a Presidente Interina, número 2 de Maduro, para colaborar com os Estados Unidos até por que para Trump está completamente fora de questão, a Venezuela e eleições agora. O regime de Maduro tenta resistir a patrulhas nas ruas da capital de um país mergulhado na insertesa depois da operação militar americana que Trump considerou ter sido fantástica.",33,
26,2280.0,2286.0,38:00,38:06,6.0,0.1,76,2280.0,2310.0,38:00,38:30,30.0,6.0,1.0,0.2,Other/Unknown,Justiça/Segurança,e pensem nisto | ninguém foi morto | tvi 20 33 | e do outro lado muitas | pessoas morreram | 20 33 | tvi | infelizmente,Other/Unknown,,,,Testei do difícil perceber como é que a população e os círculos de poder da Venezuela estão,34,
27,2286.0,2304.0,38:06,38:24,18.0,0.3,76,2280.0,2310.0,38:00,38:30,30.0,18.0,1.0,0.6,Other/Unknown,Internacional,20 33 | jornal nacional | não estamos em guerra | tvi 20 33 | ivau estaivius eivi guerra | trump quer investir na venezuela a longo prazo | sandra almeida azevedo i jornalista,Other/Unknown,,,,Testei do difícil perceber como é que a população e os círculos de poder da Venezuela estão,34,
28,2304.0,2487.0,38:24,41:27,183.0,3.05,76,2280.0,2310.0,38:00,38:30,30.0,6.0,0.03278688524590164,0.2,Other/Unknown,,crise na venezi | tvi 20 33 | crise na venezuela | 20 33 | jornal nacional | coi ômbia morii 17a mii itares na fronteira | colômbia mobiliza militares na fronteira | 20 34,Other/Unknown,,,,Testei do difícil perceber como é que a população e os círculos de poder da Venezuela estão,34,
28,2304.0,2487.0,38:24,41:27,183.0,3.05,77,2310.0,2340.0,38:30,39:00,30.0,30.0,0.16393442622950818,1.0,Other/Unknown,,crise na venezi | tvi 20 33 | crise na venezuela | 20 33 | jornal nacional | coi ômbia morii 17a mii itares na fronteira | colômbia mobiliza militares na fronteira | 20 34,Internacional,Internacional,,,"a reagir à decapitação do regime, uma equipa de enviados da TVA está a tentar acceder ao país através da Colombia numa cidade de fronteira marcada pela violência de um dos cartéis invocados por Donald Trump para sequestrar Nicolás Maduro. O capela acabou de nos deixar um primeiro retrato desta fronteira uma das mais movimentadas da América do Sul. Estamos na fronteira entre Colombia e Venezuela. Atrás de mim, a passagem para","34, 35",
28,2304.0,2487.0,38:24,41:27,183.0,3.05,78,2340.0,2370.0,39:00,39:30,30.0,30.0,0.16393442622950818,1.0,Other/Unknown,,crise na venezi | tvi 20 33 | crise na venezuela | 20 33 | jornal nacional | coi ômbia morii 17a mii itares na fronteira | colômbia mobiliza militares na fronteira | 20 34,Justiça/Segurança,Justiça/Segurança,,,"um país que agora está cada vez mais isolado e fechado depois da agressão norte-americana. Daqui, esta é um tráfico habitual. De resto, esta é a fronteira, provavelmente uma das mais movimentadas da América Latina e é, sem dúvida, a mais movimentada entre Colombia e Venezuela. Por aqui, passam centenas e centenas de pessoas por hora, de motas, de autocargos, de cágulos e caminhões. O",35,
28,2304.0,2487.0,38:24,41:27,183.0,3.05,79,2370.0,2400.0,39:30,40:00,30.0,30.0,0.16393442622950818,1.0,Other/Unknown,,crise na venezi | tvi 20 33 | crise na venezuela | 20 33 | jornal nacional | coi ômbia morii 17a mii itares na fronteira | colômbia mobiliza militares na fronteira | 20 34,Other/Unknown,,,,"tráfico é de facto muito elevado, mas para jornalistas, neste momento, a Venezuela não permite a entrada. E por isso, o resultado é este. São inúmeros tendes de jornalistas que fazem aqui a cobertura para o mundo ver aquilo e acompanhar aquilo que se passa na Venezuela, que neste momento é um país que atravessa em certezas e muita suspensão, porque há militias, os coetivos",35,
28,2304.0,2487.0,38:24,41:27,183.0,3.05,80,2400.0,2430.0,40:00,40:30,30.0,30.0,0.16393442622950818,1.0,Other/Unknown,,crise na venezi | tvi 20 33 | crise na venezuela | 20 33 | jornal nacional | coi ômbia morii 17a mii itares na fronteira | colômbia mobiliza militares na fronteira | 20 34,Other/Unknown,,,,"do usted, a fazer uma vigilância e um controlo apretado de todas as pessoas e, obviamente, estrangeiros serão também muito interrogados, porque há a vontade do Estado, a Venezuela, nos das autoridades perceberam quais foram as falhas que permitiram a Ação norte-americana da Madrugada, de Sábado, que acabou com o sequestro de Nicolás Madruro. Aqui, esforças da Colombia, um país também, alô, ameaçado, como sabemos,",35,
28,2304.0,2487.0,38:24,41:27,183.0,3.05,81,2430.0,2460.0,40:30,41:00,30.0,30.0,0.16393442622950818,1.0,Other/Unknown,,crise na venezi | tvi 20 33 | crise na venezuela | 20 33 | jornal nacional | coi ômbia morii 17a mii itares na fronteira | colômbia mobiliza militares na fronteira | 20 34,Internacional,Internacional,,,"por Donald Trump, mantém, sem prontidão, a presença é visível, sobretudo, neste território, que agora está cheio de imprensa internacional e que é conhecido pelas piores reisões de trata-se de um território que tem uma iludíssima atividade criminosa do Trém da Árgula, um coetivo criminoso, considerado uma organização turista por vários países, que, como se hoje, restamente nesta região, o lado da Venezuela, e que",35,
28,2304.0,2487.0,38:24,41:27,183.0,3.05,82,2460.0,2490.0,41:00,41:30,30.0,27.0,0.14754098360655737,0.9,Other/Unknown,,crise na venezi | tvi 20 33 | crise na venezuela | 20 33 | jornal nacional | coi ômbia morii 17a mii itares na fronteira | colômbia mobiliza militares na fronteira | 20 34,Justiça/Segurança,Justiça/Segurança,,,"tem os seus tentáculos aqui em tudo quanto é crime atualmente. Nomeadamente, o rapito esquesta de pessoas e extorsão pela sua libertação. É a realidade de uma fronteira que agora, neste momento, porque não se pode entrar na Venezuela, está a ser o centro das atensões do mundo.",35,
29,2487.0,2589.0,41:27,43:09,102.0,1.7,82,2460.0,2490.0,41:00,41:30,30.0,3.0,0.029411764705882353,0.1,Justiça/Segurança,Justiça/Segurança,tvi 20 36 | presidente afastado após inve | presidente afastado após investigação | 20 36 | jornal nacional | stado após investigação | ama brasileira assassinada | 20 37,Justiça/Segurança,Justiça/Segurança,,,"tem os seus tentáculos aqui em tudo quanto é crime atualmente. Nomeadamente, o rapito esquesta de pessoas e extorsão pela sua libertação. É a realidade de uma fronteira que agora, neste momento, porque não se pode entrar na Venezuela, está a ser o centro das atensões do mundo.",35,
29,2487.0,2589.0,41:27,43:09,102.0,1.7,83,2490.0,2520.0,41:30,42:00,30.0,30.0,0.29411764705882354,1.0,Justiça/Segurança,Justiça/Segurança,tvi 20 36 | presidente afastado após inve | presidente afastado após investigação | 20 36 | jornal nacional | stado após investigação | ama brasileira assassinada | 20 37,Justiça/Segurança,Justiça/Segurança,,,"O Ministério Público revelou novos detalhes sobre o Homem Sídio de Lucinete Freitas, é a Amabrasilera que desapareceu no início de dezembro, na amadora, e que foi encontrada a morte a duas semanas depois. Um motivo futilo, estará na origem do crime, que foi assumido pela patroa. A mulher foi assassinada",36,
29,2487.0,2589.0,41:27,43:09,102.0,1.7,84,2520.0,2550.0,42:00,42:30,30.0,30.0,0.29411764705882354,1.0,Justiça/Segurança,Justiça/Segurança,tvi 20 36 | presidente afastado após inve | presidente afastado após investigação | 20 36 | jornal nacional | stado após investigação | ama brasileira assassinada | 20 37,Justiça/Segurança,"Justiça/Segurança, Internacional",,,"com um recurso a um bloco de cimento. Lucinete Freitas tinha 55 anos vivia sozinha e trabalhava como ama e empregada do mestre canama dora. Proveniente do Brasil decidiu mudar-se para Portugal em abril do ano passado. No dia 5 de dezembro, desapareceu sem deixar qualquer pista. Três dias depois, a Polícia Judiciária descobri o corpo no barro de Santa Madalena, próximo da residência","36, 37",
29,2487.0,2589.0,41:27,43:09,102.0,1.7,85,2550.0,2580.0,42:30,43:00,30.0,30.0,0.29411764705882354,1.0,Justiça/Segurança,Justiça/Segurança,tvi 20 36 | presidente afastado após inve | presidente afastado após investigação | 20 36 | jornal nacional | stado após investigação | ama brasileira assassinada | 20 37,Justiça/Segurança,Justiça/Segurança,,,"onde trabalhava, nesse mesmo dia, a patrôa foi detida. Sem apontar nenhuma causa específico, o Ministério Público vem agora dizer que a Suspeita e a vítima tinham uma relação paltada por conflitos frequentes. No dia 5 de dezembro, a Arguida sou o protege do levar a vítima a casa conduziu a um local hermo onde a agrediu violentamente na cabeça com um bloco de cimento, causando leções que determinaram a morte.",37,
29,2487.0,2589.0,41:27,43:09,102.0,1.7,86,2580.0,2610.0,43:00,43:30,30.0,9.0,0.08823529411764706,0.3,Justiça/Segurança,Justiça/Segurança,tvi 20 36 | presidente afastado após inve | presidente afastado após investigação | 20 36 | jornal nacional | stado após investigação | ama brasileira assassinada | 20 37,Justiça/Segurança,Justiça/Segurança,,,"A Arguida colocou entulho sobre o corpo de forma a encobrir o mesmo. A homicida sem mostrar arrependimento confesso tudo em tribunal. Arguida traindo utilizado o telemóvel de vítima, fazendo-se passar pela mesma, escrevendo mensagens onde dizia ter ido para o algarve com uma amiga, visando, assim, a diar a participação do desaparecimento. A homicida de 43 anos a guardar julgamento à imprisão preventiva está indiciada por homicídio qualificado por",37,
30,2589.0,2700.0,43:09,45:00,111.0,1.85,86,2580.0,2610.0,43:00,43:30,30.0,21.0,0.1891891891891892,0.7,Transportes/Mobilidade,"Justiça/Segurança, Transportes/Mobilidade",20 38 | macroal | ministério público | jornal acional | jornal | tvi 20 38 | jornal nacional | ama brasileira assassinada,Justiça/Segurança,Justiça/Segurança,,,"A Arguida colocou entulho sobre o corpo de forma a encobrir o mesmo. A homicida sem mostrar arrependimento confesso tudo em tribunal. Arguida traindo utilizado o telemóvel de vítima, fazendo-se passar pela mesma, escrevendo mensagens onde dizia ter ido para o algarve com uma amiga, visando, assim, a diar a participação do desaparecimento. A homicida de 43 anos a guardar julgamento à imprisão preventiva está indiciada por homicídio qualificado por",37,
30,2589.0,2700.0,43:09,45:00,111.0,1.85,87,2610.0,2640.0,43:30,44:00,30.0,30.0,0.2702702702702703,1.0,Transportes/Mobilidade,"Justiça/Segurança, Transportes/Mobilidade",20 38 | macroal | ministério público | jornal acional | jornal | tvi 20 38 | jornal nacional | ama brasileira assassinada,Other/Unknown,,,,afanação de cada haver de tensão de arma progüida e falsidade informática.,37,
31,2700.0,2754.0,45:00,45:54,54.0,0.9,90,2700.0,2730.0,45:00,45:30,30.0,30.0,0.5555555555555556,1.0,Other/Unknown,,20 40 | jornal nacional | sensação térmica chegou aos 24 c | tvi 20 40 | jornal iacional | 1 0 40 | cdpi clinica de diagnostico | a state of the state of the state of the state of the state of the state of the state of the state of the state of the state of the state of the state of the state of the state of the state of the state of the state of the,Saúde,"Governo/Partidos, Saúde",,,A ministra da Saúde afastou a Alessandro Lorenzo da Presidência,38,
31,2700.0,2754.0,45:00,45:54,54.0,0.9,91,2730.0,2760.0,45:30,46:00,30.0,24.0,0.4444444444444444,0.8,Other/Unknown,,20 40 | jornal nacional | sensação térmica chegou aos 24 c | tvi 20 40 | jornal iacional | 1 0 40 | cdpi clinica de diagnostico | a state of the state of the state of the state of the state of the state of the state of the state of the state of the state of the state of the state of the state of the state of the state of the state of the state of the,Saúde,Saúde,,,"do Hospital de Coimbra. Foi o culminar de uma série de polêmicas reveladas aqui no esclusive. A Inspeção Jaldas, atirados em Saúde, confirma que a Alessandro Lorenzo, como teu várias irregularidades enquanto presidente da OLS, e propõe mesmo o direito do regresso das Verbas injustificadas, esta foi a gota de água para que Anna Palamartins avançasse com admissão. O senhor que seque é um diretor de serviço do mesmo hospital de Coimbra-Chemes,",38,
32,2754.0,2784.0,45:54,46:24,30.0,0.5,91,2730.0,2760.0,45:30,46:00,30.0,6.0,0.2,0.2,Justiça/Segurança,Justiça/Segurança,idre | lourenço | 20 41 | tvi | alexandre | franci maio | exandre | e oluoivo,Saúde,Saúde,,,"do Hospital de Coimbra. Foi o culminar de uma série de polêmicas reveladas aqui no esclusive. A Inspeção Jaldas, atirados em Saúde, confirma que a Alessandro Lorenzo, como teu várias irregularidades enquanto presidente da OLS, e propõe mesmo o direito do regresso das Verbas injustificadas, esta foi a gota de água para que Anna Palamartins avançasse com admissão. O senhor que seque é um diretor de serviço do mesmo hospital de Coimbra-Chemes,",38,
32,2754.0,2784.0,45:54,46:24,30.0,0.5,92,2760.0,2790.0,46:00,46:30,30.0,24.0,0.8,0.8,Justiça/Segurança,Justiça/Segurança,idre | lourenço | 20 41 | tvi | alexandre | franci maio | exandre | e oluoivo,Other/Unknown,,,,"Francisco Maiomatos. Foi em maio de 2025 que o exclusivo mergulhou no mundo de Alexandre Lourenço. Em 2007, assuma presidência da associação portuguesa de gestores hospitalares, enquanto desempenhava funções na unidade de inovação e desenvolvimento no centro hospitalar de Coimbra. Durante","38, 39",
33,2784.0,2802.0,46:24,46:42,18.0,0.3,92,2760.0,2790.0,46:00,46:30,30.0,6.0,0.3333333333333333,0.2,Other/Unknown,,20 41 | exclusivo | tvi 20 41,Other/Unknown,,,,"Francisco Maiomatos. Foi em maio de 2025 que o exclusivo mergulhou no mundo de Alexandre Lourenço. Em 2007, assuma presidência da associação portuguesa de gestores hospitalares, enquanto desempenhava funções na unidade de inovação e desenvolvimento no centro hospitalar de Coimbra. Durante","38, 39",
33,2784.0,2802.0,46:24,46:42,18.0,0.3,93,2790.0,2820.0,46:30,47:00,30.0,12.0,0.6666666666666666,0.4,Other/Unknown,,20 41 | exclusivo | tvi 20 41,Saúde,Saúde,,,"seis anos, represento a APA, em conferências por todo mundo, iniciada a explainha do exterior farmacéutica e continuava a ser pago o Plus serviço Nacional de Saúde. Mas as ausências acumulavam-se no hospital.",39,
34,2802.0,2835.0,46:42,47:15,33.0,0.55,93,2790.0,2820.0,46:30,47:00,30.0,18.0,0.5454545454545454,0.6,Saúde,"Saúde, Eleições/Campanha",tvi 20 41 | 400 | 11 1 1 11 11 | 100 | 20 41 | aquilo que indignava as pessoas | era ele não pôr os pés no serviço | tvi,Saúde,Saúde,,,"seis anos, represento a APA, em conferências por todo mundo, iniciada a explainha do exterior farmacéutica e continuava a ser pago o Plus serviço Nacional de Saúde. Mas as ausências acumulavam-se no hospital.",39,
34,2802.0,2835.0,46:42,47:15,33.0,0.55,94,2820.0,2850.0,47:00,47:30,30.0,15.0,0.45454545454545453,0.5,Saúde,"Saúde, Eleições/Campanha",tvi 20 41 | 400 | 11 1 1 11 11 | 100 | 20 41 | aquilo que indignava as pessoas | era ele não pôr os pés no serviço | tvi,Other/Unknown,,,,"Em maio de 2022, no dia 3, a Lega afalha na marcação do registro biométrico, portanto, admit que estava a trabalhar. Mas",40,
35,2835.0,2838.0,47:15,47:18,3.0,0.05,94,2820.0,2850.0,47:00,47:30,30.0,3.0,1.0,0.1,Other/Unknown,,crescenos junt | 20 42 | eem me uma ortunidade | fct he liberow norterozo | nxva cuf over | start | ste | rec,Other/Unknown,,,,"Em maio de 2022, no dia 3, a Lega afalha na marcação do registro biométrico, portanto, admit que estava a trabalhar. Mas",40,
36,2838.0,2850.0,47:18,47:30,12.0,0.2,94,2820.0,2850.0,47:00,47:30,30.0,12.0,1.0,0.4,Other/Unknown,"Saúde, Eleições/Campanha",tvi 20 42 | 20 42 | diolucivo | 31 falha de marceção biométrica | 31 felha de marcação biométrica | caminho dos hospitais | elegões de apah | 08 49,Other/Unknown,,,,"Em maio de 2022, no dia 3, a Lega afalha na marcação do registro biométrico, portanto, admit que estava a trabalhar. Mas",40,
37,2850.0,2877.0,47:30,47:57,27.0,0.45,95,2850.0,2880.0,47:30,48:00,30.0,27.0,1.0,0.9,Other/Unknown,,tvi 20 42 | manipulava registo biométrico e faltava ao trabalho | 20 42 | alexandre lourenco | tvi | alexandre lourenço | exclusivo | paulo veiga moura advogado especialista em direito público,Saúde,Saúde,,,no blog social publica um vídeo prova o contrário. A final estava no congresso de sustentabilidade em saúde. Em Lisboa.,40,
38,2877.0,2880.0,47:57,48:00,3.0,0.05,95,2850.0,2880.0,47:30,48:00,30.0,3.0,1.0,0.1,Other/Unknown,Saúde,inspeção geral das atividades em saúde | tvi 20 43,Saúde,Saúde,,,no blog social publica um vídeo prova o contrário. A final estava no congresso de sustentabilidade em saúde. Em Lisboa.,40,
41,2916.0,2943.0,48:36,49:03,27.0,0.45,98,2940.0,2970.0,49:00,49:30,30.0,3.0,0.1111111111111111,0.1,Saúde,Saúde,the reserve and description of the person | tvi 20 43 | i to 8 | ajosta cityto | ajostie direte | aquesção de committuro gestion | aquitopio de serviços de | centro hospitalur e christeptidia de,Economia/Proteção Social,Economia/Proteção Social,,,"A análise dos contratos celebrados com as empresas Baimi e Novox revelam indícios de práticas suetivas de configurar um eventual fracionamento contra atual e violação dos princípios da contratação pública, nomeadamente no que respeita a agregação de necessidades, transparência e concorrência, facto, poderão eventualmente integrar infrações geradoras de responsabilidade financeira, sâncio-natoria.",41,
42,2943.0,2970.0,49:03,49:30,27.0,0.45,98,2940.0,2970.0,49:00,49:30,30.0,27.0,1.0,0.9,Other/Unknown,,111 35 | a state of the party of the party of the party of the party of the party of the party of the party of the party of the party of the party of the party of the party of the party of the party of the party of the party of the | 20 44 | tvi | assumendo a expressão de igualdade concorrencial procurando por um lado impelir as | avalisção rigorosa da fundamenteção legal adotada tendo em conta a clara integração | de acordo com o artigo 1 a do ccp o princípio da concorrência apresenta se como u,Economia/Proteção Social,Economia/Proteção Social,,,"A análise dos contratos celebrados com as empresas Baimi e Novox revelam indícios de práticas suetivas de configurar um eventual fracionamento contra atual e violação dos princípios da contratação pública, nomeadamente no que respeita a agregação de necessidades, transparência e concorrência, facto, poderão eventualmente integrar infrações geradoras de responsabilidade financeira, sâncio-natoria.",41,
43,2970.0,2997.0,49:30,49:57,27.0,0.45,99,2970.0,3000.0,49:30,50:00,30.0,27.0,1.0,0.9,Economia/Proteção Social,Economia/Proteção Social,20 44 | bair | tvi 20 44 | igas confirma violações na contratação de empresas | alexandre lourenço | baixa | de lisboa | tvi,Other/Unknown,,,,"Responsabilidades que crescem quando olhamos para os valores declarados só em 2019, no site de Informe de Plassociação Portuguesa de Administradores Hospitalares, liderada à época por Alexandre Lorenzo. Só iniciando o recebê-lo da indústria farmacéutica, 210 mil euros, mas no relatário de contas aqui o exclusivo teve acesso, o valor dos patrocinos é superior a 400 mil euros.",42,
44,2997.0,3000.0,49:57,50:00,3.0,0.05,99,2970.0,3000.0,49:30,50:00,30.0,3.0,1.0,0.1,Other/Unknown,,rui nunes presidente ass portuguesa de bioética | tvi 20 45,Other/Unknown,,,,"Responsabilidades que crescem quando olhamos para os valores declarados só em 2019, no site de Informe de Plassociação Portuguesa de Administradores Hospitalares, liderada à época por Alexandre Lorenzo. Só iniciando o recebê-lo da indústria farmacéutica, 210 mil euros, mas no relatário de contas aqui o exclusivo teve acesso, o valor dos patrocinos é superior a 400 mil euros.",42,
45,3000.0,3009.0,50:00,50:09,9.0,0.15,100,3000.0,3030.0,50:00,50:30,30.0,9.0,1.0,0.3,Other/Unknown,,a iiistes diretos iii trapassam vai or permitido por lei | contratos públicos suspeitos | tvi 20 45 | ajustes diretos ultrapassam valor permitido por lei | 20 45 | tvi | exclusivo,Other/Unknown,,,,"A análise revelou a discrepância as significativas entre os valores de patrocínio declarados pela APH e os registados na plataforma de um informe de totalizando uma diferença de 520.179 euros entre 2019 e 2024. O Iníto do Fogo. Asechandredorence foi informado deste relatório e recorreu, os colosivos sabem que os",43,
46,3009.0,3027.0,50:09,50:27,18.0,0.3,100,3000.0,3030.0,50:00,50:30,30.0,18.0,1.0,0.6,Economia/Proteção Social,Economia/Proteção Social,tvi 20 45 | 176 2006 de 30 de agosto | 3 4 2 procedimentos de contratação pública | conclui se assim que persistem práticas declarativas incorretas por parte de algumas | considerando a informação recolhida no âmbito dos patrocinios concedidos pela indústria | entidades as quais devem ser devidamente corrigidas e sujeitas a acompanhamento de | farmacéutica à apah e tendo em vista analisar o perfit de contratação com a ulsc e p e | foram selecionadas as empresas gilead sciences lda gilead astraze,Other/Unknown,,,,"A análise revelou a discrepância as significativas entre os valores de patrocínio declarados pela APH e os registados na plataforma de um informe de totalizando uma diferença de 520.179 euros entre 2019 e 2024. O Iníto do Fogo. Asechandredorence foi informado deste relatório e recorreu, os colosivos sabem que os",43,
47,3027.0,3033.0,50:27,50:33,6.0,0.1,100,3000.0,3030.0,50:00,50:30,30.0,3.0,0.5,0.1,Other/Unknown,,tvi 20 45,Other/Unknown,,,,"A análise revelou a discrepância as significativas entre os valores de patrocínio declarados pela APH e os registados na plataforma de um informe de totalizando uma diferença de 520.179 euros entre 2019 e 2024. O Iníto do Fogo. Asechandredorence foi informado deste relatório e recorreu, os colosivos sabem que os",43,
47,3027.0,3033.0,50:27,50:33,6.0,0.1,101,3030.0,3060.0,50:30,51:00,30.0,3.0,0.5,0.1,Other/Unknown,,tvi 20 45,Saúde,"Governo/Partidos, Saúde",,,inspétores da IGA sessão prestem a enviar a versão final para a Ministra da Saúde. Mas pranto os factos e a conduta de Alexandre Lorenzo a Napalmar-Tis já tomou uma decisão. Não conduziu à frente da O LES de Coimbra. Alexandre Lorenzo diz que encarad a decisão com naturalidade e serenidade.,43,
48,3033.0,3069.0,50:33,51:09,36.0,0.6,101,3030.0,3060.0,50:30,51:00,30.0,27.0,0.75,0.9,Other/Unknown,"Saúde, Justiça/Segurança",20 45 | exclusivo | inspeç | inspeção geral das atividades em | tvi 20 45 | inspeção geral das atividades em saúde | denaiting adóc inivectioacão | imbra alexandre lourenço afastado da presidência,Saúde,"Governo/Partidos, Saúde",,,inspétores da IGA sessão prestem a enviar a versão final para a Ministra da Saúde. Mas pranto os factos e a conduta de Alexandre Lorenzo a Napalmar-Tis já tomou uma decisão. Não conduziu à frente da O LES de Coimbra. Alexandre Lorenzo diz que encarad a decisão com naturalidade e serenidade.,43,
48,3033.0,3069.0,50:33,51:09,36.0,0.6,102,3060.0,3090.0,51:00,51:30,30.0,9.0,0.25,0.3,Other/Unknown,"Saúde, Justiça/Segurança",20 45 | exclusivo | inspeç | inspeção geral das atividades em | tvi 20 45 | inspeção geral das atividades em saúde | denaiting adóc inivectioacão | imbra alexandre lourenço afastado da presidência,Governo/Partidos,"Governo/Partidos, Saúde",,,"Para o seu lugar, a ministra prepara-se para indicar Francisco Mai Amatos. Toutora em medicina, professora auxiliar na Faculdade Coimbra, assistente gratuado Sénior e até agora o diretor de anestilogia deste hospital. Teve um papel relevante durante a pandemia como coordenador de áreas críticas e redator do plano de emergência e catástrofe de instituição.",44,
49,3069.0,3078.0,51:09,51:18,9.0,0.15,102,3060.0,3090.0,51:00,51:30,30.0,9.0,1.0,0.3,Other/Unknown,,tvi 20 46 | novo presidente será francisco maio matos | 20 46 | tvi | uls coimbra | anestesiologia | francisco maio | matos,Governo/Partidos,"Governo/Partidos, Saúde",,,"Para o seu lugar, a ministra prepara-se para indicar Francisco Mai Amatos. Toutora em medicina, professora auxiliar na Faculdade Coimbra, assistente gratuado Sénior e até agora o diretor de anestilogia deste hospital. Teve um papel relevante durante a pandemia como coordenador de áreas críticas e redator do plano de emergência e catástrofe de instituição.",44,
50,3078.0,3081.0,51:18,51:21,3.0,0.05,102,3060.0,3090.0,51:00,51:30,30.0,3.0,1.0,0.1,Other/Unknown,,tvi 20 46,Governo/Partidos,"Governo/Partidos, Saúde",,,"Para o seu lugar, a ministra prepara-se para indicar Francisco Mai Amatos. Toutora em medicina, professora auxiliar na Faculdade Coimbra, assistente gratuado Sénior e até agora o diretor de anestilogia deste hospital. Teve um papel relevante durante a pandemia como coordenador de áreas críticas e redator do plano de emergência e catástrofe de instituição.",44,
51,3081.0,3099.0,51:21,51:39,18.0,0.3,102,3060.0,3090.0,51:00,51:30,30.0,9.0,0.5,0.3,Other/Unknown,,tvi 20 46 | 20 46 | al ptv | ng of society for simulation | supporting excellence in healthcare | cátia esteves sandra felgueiras sofia fernandes jornalistas | supporting excelle | healthcare,Governo/Partidos,"Governo/Partidos, Saúde",,,"Para o seu lugar, a ministra prepara-se para indicar Francisco Mai Amatos. Toutora em medicina, professora auxiliar na Faculdade Coimbra, assistente gratuado Sénior e até agora o diretor de anestilogia deste hospital. Teve um papel relevante durante a pandemia como coordenador de áreas críticas e redator do plano de emergência e catástrofe de instituição.",44,
51,3081.0,3099.0,51:21,51:39,18.0,0.3,103,3090.0,3120.0,51:30,52:00,30.0,9.0,0.5,0.3,Other/Unknown,,tvi 20 46 | 20 46 | al ptv | ng of society for simulation | supporting excellence in healthcare | cátia esteves sandra felgueiras sofia fernandes jornalistas | supporting excelle | healthcare,Other/Unknown,,,,É o homem que segue e encerra um capítulo reteto de polêmicas.,44,
52,3099.0,3102.0,51:39,51:42,3.0,0.05,103,3090.0,3120.0,51:30,52:00,30.0,3.0,1.0,0.1,Other/Unknown,,0 754 | tvi 20 46 | a segu | lv 20 46 | descida da te,Other/Unknown,,,,É o homem que segue e encerra um capítulo reteto de polêmicas.,44,
53,3102.0,3129.0,51:42,52:09,27.0,0.45,103,3090.0,3120.0,51:30,52:00,30.0,18.0,0.6666666666666666,0.6,Ambiente/Meteorologia/Proteção Civil,Ambiente/Meteorologia/Proteção Civil,descida da temperatura afeta mãos | 20 46 | exclusivo | tvi 20 46 | tvi 20 47 | 20 47 | jornal riacionial | 0 7,Other/Unknown,,,,É o homem que segue e encerra um capítulo reteto de polêmicas.,44,
53,3102.0,3129.0,51:42,52:09,27.0,0.45,104,3120.0,3150.0,52:00,52:30,30.0,9.0,0.3333333333333333,0.3,Ambiente/Meteorologia/Proteção Civil,Ambiente/Meteorologia/Proteção Civil,descida da temperatura afeta mãos | 20 46 | exclusivo | tvi 20 46 | tvi 20 47 | 20 47 | jornal riacionial | 0 7,Other/Unknown,,,"CHEGA, PSD/AD",Estamos de regresso com um caso que está a criar a Alvorossu em Albefeira. O recém-eleita autarca-ruícestina do chega acusa o antigo vice-presente da Câmara de ter roubado um computador da autarquia. O lidado escutivo a escura que o agora variador do PSD foi apanhado pelo sistema de vídeo a,45,
54,3129.0,3132.0,52:09,52:12,3.0,0.05,104,3120.0,3150.0,52:00,52:30,30.0,3.0,1.0,0.1,Other/Unknown,,1 865 | 20 47 | 20 48 | 3 087 | riacoriale | 21 02 | jornal nacional | i theft,Other/Unknown,,,"CHEGA, PSD/AD",Estamos de regresso com um caso que está a criar a Alvorossu em Albefeira. O recém-eleita autarca-ruícestina do chega acusa o antigo vice-presente da Câmara de ter roubado um computador da autarquia. O lidado escutivo a escura que o agora variador do PSD foi apanhado pelo sistema de vídeo a,45,
55,3132.0,3288.0,52:12,54:48,156.0,2.6,104,3120.0,3150.0,52:00,52:30,30.0,18.0,0.11538461538461539,0.6,Other/Unknown,,21 02 | jornal nacional | tvi 21 02 | computador gera discórdia | tvi | 0111 | presidente da câmara de albufeira acusa ex vice | 11 02,Other/Unknown,,,"CHEGA, PSD/AD",Estamos de regresso com um caso que está a criar a Alvorossu em Albefeira. O recém-eleita autarca-ruícestina do chega acusa o antigo vice-presente da Câmara de ter roubado um computador da autarquia. O lidado escutivo a escura que o agora variador do PSD foi apanhado pelo sistema de vídeo a,45,
55,3132.0,3288.0,52:12,54:48,156.0,2.6,105,3150.0,3180.0,52:30,53:00,30.0,30.0,0.19230769230769232,1.0,Other/Unknown,,21 02 | jornal nacional | tvi 21 02 | computador gera discórdia | tvi | 0111 | presidente da câmara de albufeira acusa ex vice | 11 02,Other/Unknown,,,,vigilância a transportar uma mala suspeta. Hora Cristiano Cabrita negou roubo e também já apresentou o caixa-cri. E o escutivo foi informado de um algado furto ou desaparecimento num computador fixe e respetivos dados informáticos do ex-víceo,"45, 46",
55,3132.0,3288.0,52:12,54:48,156.0,2.6,106,3180.0,3210.0,53:00,53:30,30.0,30.0,0.19230769230769232,1.0,Other/Unknown,,21 02 | jornal nacional | tvi 21 02 | computador gera discórdia | tvi | 0111 | presidente da câmara de albufeira acusa ex vice | 11 02,Other/Unknown,,,,"presente da Câmara da Alpefeira. E este facto ocorreu no dia 3 de novembro de 2025. Indietamente a GIE e tenta perceber do que se passava. E ao ver as imagens, vídeo ao vigilância constatamos um facto. A presença do senhor ex-víceo presente da Câmara, na sedea, é essa hora nas instalações da Câmara Municipal de Alpefeira, municilha uma mala de viagem, de grande largura.",46,
55,3132.0,3288.0,52:12,54:48,156.0,2.6,107,3210.0,3240.0,53:30,54:00,30.0,30.0,0.19230769230769232,1.0,Other/Unknown,,21 02 | jornal nacional | tvi 21 02 | computador gera discórdia | tvi | 0111 | presidente da câmara de albufeira acusa ex vice | 11 02,Other/Unknown,,,,"A sua em causa estava na reunião de câmera, disse que tinha o computador em casa, em avalador de computador para casa, o computador fixo da câmera e queria trazer-lhe já ao ver devolver ao final do dia e nós agora vamos mandar a ferir o computador numa empresa externa para averiguar-mos se a informação lá está e o que é que foi retirado ou não,",47,
56,3288.0,3648.0,54:48,01:00:48,360.0,6.0,110,3300.0,3330.0,55:00,55:30,30.0,30.0,0.08333333333333333,1.0,Ambiente/Meteorologia/Proteção Civil,"Ambiente/Meteorologia/Proteção Civil, Governo/Partidos, Saúde",descida da temperatura afeta mãos | tvi 21 04 | tvi 21 05 | 21 05 | jornal nacional | 0 754 | avanço do mar leva km de areia | praias do algarve vão precisar de intervenção artificial,Other/Unknown,,,,"diz a sabedoria popular, o mar, o que é dele, vai buscar. As fortes chuvas, ventos e agitação marítima que acelaram a algarve nos últimos dias, voltaram a deixar rosto. Na praia do forte novo, em corteira, o mar avançou e levou parte da riba e",48,
56,3288.0,3648.0,54:48,01:00:48,360.0,6.0,111,3330.0,3360.0,55:30,56:00,30.0,30.0,0.08333333333333333,1.0,Ambiente/Meteorologia/Proteção Civil,"Ambiente/Meteorologia/Proteção Civil, Governo/Partidos, Saúde",descida da temperatura afeta mãos | tvi 21 04 | tvi 21 05 | 21 05 | jornal nacional | 0 754 | avanço do mar leva km de areia | praias do algarve vão precisar de intervenção artificial,Ambiente/Meteorologia/Proteção Civil,Ambiente/Meteorologia/Proteção Civil,,,"da estrutura que sustentavam o restaurante agora só preso por stacas. Situação aqui os muradores já assistirão várias vezes, mas o Ministério do Ambiente Inurgia já fez saber, em comunicado, que, segunda-feira, tem início à alimentação artificial com a reia entre as praias de corteira e do garrão numa extensão de 6,7 quilômetros para mitigar a ilusão das arribas, para permitir a estabilidade de todo o trouço e garantir a segurança das populações e a proteção de Orla Gosteira. Boas notícias,",48,
56,3288.0,3648.0,54:48,01:00:48,360.0,6.0,112,3360.0,3390.0,56:00,56:30,30.0,30.0,0.08333333333333333,1.0,Ambiente/Meteorologia/Proteção Civil,"Ambiente/Meteorologia/Proteção Civil, Governo/Partidos, Saúde",descida da temperatura afeta mãos | tvi 21 04 | tvi 21 05 | 21 05 | jornal nacional | 0 754 | avanço do mar leva km de areia | praias do algarve vão precisar de intervenção artificial,Other/Unknown,,,,"mas quem faz da praia, sua companhia, não está muito otimista.",48,
56,3288.0,3648.0,54:48,01:00:48,360.0,6.0,114,3420.0,3450.0,57:00,57:30,30.0,30.0,0.08333333333333333,1.0,Ambiente/Meteorologia/Proteção Civil,"Ambiente/Meteorologia/Proteção Civil, Governo/Partidos, Saúde",descida da temperatura afeta mãos | tvi 21 04 | tvi 21 05 | 21 05 | jornal nacional | 0 754 | avanço do mar leva km de areia | praias do algarve vão precisar de intervenção artificial,Ambiente/Meteorologia/Proteção Civil,Ambiente/Meteorologia/Proteção Civil,,,"Por causa do frio, até às 9 de manhã de quarta-feira, noves trítulos do continente estão",49,
56,3288.0,3648.0,54:48,01:00:48,360.0,6.0,115,3450.0,3480.0,57:30,58:00,30.0,30.0,0.08333333333333333,1.0,Ambiente/Meteorologia/Proteção Civil,"Ambiente/Meteorologia/Proteção Civil, Governo/Partidos, Saúde",descida da temperatura afeta mãos | tvi 21 04 | tvi 21 05 | 21 05 | jornal nacional | 0 754 | avanço do mar leva km de areia | praias do algarve vão precisar de intervenção artificial,Ambiente/Meteorologia/Proteção Civil,Ambiente/Meteorologia/Proteção Civil,,,"com a viso amarelo. As temperaturas mais baixas registam sem bragança, na guarda e em viseu, com mínimas inferiores a zero. Mas a partir de amanhã, sobretudo no norte e centro, vão começar a subir ligeiramente. Gradualmente, até a dia 9, os valores de temperatura vão subindo. e portanto, serão variações não muito grandes, obviamente. Mas vamos ficar com o valor de temperatura dentro do normal para época do ano,","49, 50",
56,3288.0,3648.0,54:48,01:00:48,360.0,6.0,116,3480.0,3510.0,58:00,58:30,30.0,30.0,0.08333333333333333,1.0,Ambiente/Meteorologia/Proteção Civil,"Ambiente/Meteorologia/Proteção Civil, Governo/Partidos, Saúde",descida da temperatura afeta mãos | tvi 21 04 | tvi 21 05 | 21 05 | jornal nacional | 0 754 | avanço do mar leva km de areia | praias do algarve vão precisar de intervenção artificial,Ambiente/Meteorologia/Proteção Civil,Ambiente/Meteorologia/Proteção Civil,,,"que nesses últimos dias tem estado ligeiramente abaixo do que é espectável para a altura do ano. Na cerra da estrela, na zona da torre, a quem diga que a sensação térmica foi muito inferior ao valor registado devido ao vento e humidado. Se estivessem, por exemplo, de menos dois, menos três, principalmente a sensação térmica, se poderia ter sido mais abaixo que isso, ao vimento de menos dez, menos onze, por que está um...",50,
56,3288.0,3648.0,54:48,01:00:48,360.0,6.0,118,3540.0,3570.0,59:00,59:30,30.0,30.0,0.08333333333333333,1.0,Ambiente/Meteorologia/Proteção Civil,"Ambiente/Meteorologia/Proteção Civil, Governo/Partidos, Saúde",descida da temperatura afeta mãos | tvi 21 04 | tvi 21 05 | 21 05 | jornal nacional | 0 754 | avanço do mar leva km de areia | praias do algarve vão precisar de intervenção artificial,Ambiente/Meteorologia/Proteção Civil,Ambiente/Meteorologia/Proteção Civil,,,"Com os termômetros há a atingir em mínimos a proteção contra as baixas temperaturas, é muito mais do que uma questão de conforto térmico. O frio e a humidade atuam no sistema circulatório e aumentam a rigidez",51,
56,3288.0,3648.0,54:48,01:00:48,360.0,6.0,119,3570.0,3600.0,59:30,01:00:00,30.0,30.0,0.08333333333333333,1.0,Ambiente/Meteorologia/Proteção Civil,"Ambiente/Meteorologia/Proteção Civil, Governo/Partidos, Saúde",descida da temperatura afeta mãos | tvi 21 04 | tvi 21 05 | 21 05 | jornal nacional | 0 754 | avanço do mar leva km de areia | praias do algarve vão precisar de intervenção artificial,Ambiente/Meteorologia/Proteção Civil,Ambiente/Meteorologia/Proteção Civil,,,"muscular. Se sente movimentos mais presos, mais lentos ou mais dolorosos. Saiba que há uma explicação médica para isso. O frio pela contratura que pode ocorrer com ele, pode dar lomologias, pode dar cervicalgias, pode dar esta sensação de dificuldade do movimento que eu chamo frujo, não é? Esta tal rigidez. O frio indiretamente também tem uma ação suba parte circulatória. Portanto, todos nós sabemos quando os pômos ao frio, as mãos ficam",51,
56,3288.0,3648.0,54:48,01:00:48,360.0,6.0,120,3600.0,3630.0,01:00:00,01:00:30,30.0,30.0,0.08333333333333333,1.0,Ambiente/Meteorologia/Proteção Civil,"Ambiente/Meteorologia/Proteção Civil, Governo/Partidos, Saúde",descida da temperatura afeta mãos | tvi 21 04 | tvi 21 05 | 21 05 | jornal nacional | 0 754 | avanço do mar leva km de areia | praias do algarve vão precisar de intervenção artificial,Ambiente/Meteorologia/Proteção Civil,Ambiente/Meteorologia/Proteção Civil,,,"mais brancas, ficam rocheadas devido ao sangue passar mais lentamente. E há até uma circunstância que o fenômeno de Renault está ligado a uma doença romática e que é desencadiada pelo frio, devido aos pássimo dos vássicos, que as mãos ficam completamente lívidas e podem ver mesmo a amputação dos dedos. O frio não é diretamente responsável pelo reumatismo, mas tal como calor pode melhorar ou dificultar a resposta a vários tratamentos. Mas outros",51,
56,3288.0,3648.0,54:48,01:00:48,360.0,6.0,121,3630.0,3660.0,01:00:30,01:01:00,30.0,18.0,0.05,0.6,Ambiente/Meteorologia/Proteção Civil,"Ambiente/Meteorologia/Proteção Civil, Governo/Partidos, Saúde",descida da temperatura afeta mãos | tvi 21 04 | tvi 21 05 | 21 05 | jornal nacional | 0 754 | avanço do mar leva km de areia | praias do algarve vão precisar de intervenção artificial,Saúde,Saúde,,,"conselhos façam de seguir, sobretudo para evitar medidas extremas que podem mesmo chegar à amputação de membros. A proteção das extremidades e se pode se fazer com louvas, com dois pares de louvas, alguns doentes, por exemplo, que é a alarmia que tem o tal fenômeno de reenou, que é uma sociedade de despássimos digitais, em que podem perder os dedos, nós recomendamos duas louvas, uma louva interior de lã e uma louva de","51, 52",
57,3648.0,3687.0,01:00:48,01:01:27,39.0,0.65,121,3630.0,3660.0,01:00:30,01:01:00,30.0,12.0,0.3076923076923077,0.4,Ambiente/Meteorologia/Proteção Civil,"Saúde, Ambiente/Meteorologia/Proteção Civil",proteção contra o frio casos extremos podem levar à amputação de membros antónio vilar i médico reumatologista | 21 11 | tvi | tvi 21 11 | proteção contra o frio casos extremos podem levar à amputação de membros | uso de luvas gorros e várias camadas de roupa ajudam | proteção contra o frio | proteção contra o frio uso de limas corres,Saúde,Saúde,,,"conselhos façam de seguir, sobretudo para evitar medidas extremas que podem mesmo chegar à amputação de membros. A proteção das extremidades e se pode se fazer com louvas, com dois pares de louvas, alguns doentes, por exemplo, que é a alarmia que tem o tal fenômeno de reenou, que é uma sociedade de despássimos digitais, em que podem perder os dedos, nós recomendamos duas louvas, uma louva interior de lã e uma louva de","51, 52",
57,3648.0,3687.0,01:00:48,01:01:27,39.0,0.65,122,3660.0,3690.0,01:01:00,01:01:30,30.0,27.0,0.6923076923076923,0.9,Ambiente/Meteorologia/Proteção Civil,"Saúde, Ambiente/Meteorologia/Proteção Civil",proteção contra o frio casos extremos podem levar à amputação de membros antónio vilar i médico reumatologista | 21 11 | tvi | tvi 21 11 | proteção contra o frio casos extremos podem levar à amputação de membros | uso de luvas gorros e várias camadas de roupa ajudam | proteção contra o frio | proteção contra o frio uso de limas corres,Ambiente/Meteorologia/Proteção Civil,Ambiente/Meteorologia/Proteção Civil,,,"cabedal por fora. Nos pés colocar palmilhas, palmilhas isolantes, sola, isolante, grossa, do borracha com palmilha interior. Proteger as orelhas com os gorros e coxapelhas. Usar três camadas para se proteger do frio.",52,
58,3687.0,3702.0,01:01:27,01:01:42,15.0,0.25,122,3660.0,3690.0,01:01:00,01:01:30,30.0,3.0,0.2,0.1,Other/Unknown,,21 11 | tvi 21 11 | jornal nacional | 11 11,Ambiente/Meteorologia/Proteção Civil,Ambiente/Meteorologia/Proteção Civil,,,"cabedal por fora. Nos pés colocar palmilhas, palmilhas isolantes, sola, isolante, grossa, do borracha com palmilha interior. Proteger as orelhas com os gorros e coxapelhas. Usar três camadas para se proteger do frio.",52,
